title,abstract,year,journal,cluster,top_terms
Clinical review: intensive care unit acquired weakness.,"A substantial number of patients admitted to the ICU because of an acute illness, complicated surgery, severe trauma, or burn injury will develop a de novo form of  muscle weakness during the ICU stay that is referred to as ""intensive care unit  acquired weakness"" (ICUAW). This ICUAW evoked by critical illness can be due to  axonal neuropathy, primary myopathy, or both. Underlying pathophysiological  mechanisms comprise microvascular, electrical, metabolic, and bioenergetic  alterations, interacting in a complex way and culminating in loss of muscle  strength and/or muscle atrophy. ICUAW is typically symmetrical and affects  predominantly proximal limb muscles and respiratory muscles, whereas facial and  ocular muscles are often spared. The main risk factors for ICUAW include high  severity of illness upon admission, sepsis, multiple organ failure, prolonged  immobilization, and hyperglycemia, and also older patients have a higher risk.  The role of corticosteroids and neuromuscular blocking agents remains unclear.  ICUAW is diagnosed in awake and cooperative patients by bedside manual testing of  muscle strength and the severity is scored by the Medical Research Council sum  score. In cases of atypical clinical presentation or evolution, additional  electrophysiological testing may be required for differential diagnosis. The  cornerstones of prevention are aggressive treatment of sepsis, early  mobilization, preventing hyperglycemia with insulin, and avoiding the use  parenteral nutrition during the first week of critical illness. Weak patients  clearly have worse acute outcomes and consume more healthcare resources. Recovery  usually occurs within weeks or months, although it may be incomplete with  weakness persisting up to 2 years after ICU discharge. Prognosis appears  compromised when the cause of ICUAW involves critical illness polyneuropathy,  whereas isolated critical illness myopathy may have a better prognosis. In  addition, ICUAW has shown to contribute to the risk of 1-year mortality. Future  research should focus on new preventive and/or therapeutic strategies for this  detrimental complication of critical illness and on clarifying how ICUAW  contributes to poor longer-term prognosis.",2015,"Critical care (London, England)",0,recovery; reloading; mass; muscle mass; mice
Molecular Mechanisms of Muscle Fatigue.,"Muscle fatigue (MF) declines the capacity of muscles to complete a task over time at a constant load. MF is usually short-lasting, reversible, and is experienced  as a feeling of tiredness or lack of energy. The leading causes of short-lasting  fatigue are related to overtraining, undertraining/deconditioning, or physical  injury. Conversely, MF can be persistent and more serious when associated with  pathological states or following chronic exposure to certain medication or toxic  composites. In conjunction with chronic fatigue, the muscle feels floppy, and the  force generated by muscles is always low, causing the individual to feel frail  constantly. The leading cause underpinning the development of chronic fatigue is  related to muscle wasting mediated by aging, immobilization, insulin resistance  (through high-fat dietary intake or pharmacologically mediated Peroxisome  Proliferator-Activated Receptor (PPAR) agonism), diseases associated with  systemic inflammation (arthritis, sepsis, infections, trauma, cardiovascular and  respiratory disorders (heart failure, chronic obstructive pulmonary disease  (COPD))), chronic kidney failure, muscle dystrophies, muscle myopathies, multiple  sclerosis, and, more recently, coronavirus disease 2019 (COVID-19). The primary  outcome of displaying chronic muscle fatigue is a poor quality of life. This type  of fatigue represents a significant daily challenge for those affected and for  the national health authorities through the financial burden attached to patient  support. Although the origin of chronic fatigue is multifactorial, the MF in  illness conditions is intrinsically linked to the occurrence of muscle loss. The  sequence of events leading to chronic fatigue can be schematically denoted as:  trigger (genetic or pathological) -> molecular outcome within the muscle cell ->  muscle wasting -> loss of muscle function -> occurrence of chronic muscle  fatigue. The present review will only highlight and discuss current knowledge on  the molecular mechanisms that contribute to the upregulation of muscle wasting,  thereby helping us understand how we could prevent or treat this debilitating  condition.",2021,International journal of molecular sciences,4,wasting; muscle wasting; sarcopenia; loss; understanding
Mesenchymal stromal cells ameliorate diabetes-induced muscle atrophy through exosomes by enhancing AMPK/ULK1-mediated autophagy.,"BACKGROUND: Diabetes and obesity are associated with muscle atrophy that reduces life quality and lacks effective treatment. Mesenchymal stromal cell (MSC)-based  therapy can ameliorate high fat-diet (HFD) and immobilization (IM)-induced muscle  atrophy in mice. However, the effect of MSCs on muscle atrophy in type 2 diabetes  mellitus (T2DM) and the potential mechanism is unclear. Here, we evaluated the  efficacy and explored molecular mechanisms of human umbilical cord MSCs (hucMSCs)  and hucMSC-derived exosomes (MSC-EXO) on diabetes- and obesity-induced muscle  atrophy. METHODS: Diabetic db/db mice, mice fed with high-fat diet (HFD), mice  with hindlimb immobilization (IM), and C2C12 myotubes were used to explore the  effect of hucMSCs or MSC-EXO in alleviating muscle atrophy. Grip strength test  and treadmill running were used to measure skeletal muscle strength and  performance. Body composition, muscle weight, and muscle fibre cross-sectional  area (CSA) was used to evaluate muscle mass. RNA-seq analysis of tibialis  anterior (TA) muscle and Western blot analysis of muscle atrophy signalling,  including MuRF1 and Atrogin 1, were performed to investigate the underlying  mechanisms. RESULTS: hucMSCs increased grip strength (P = 0.0256 in db/db mice,  P = 0.012 in HFD mice, P = 0.0097 in IM mice), running endurance (P = 0.0154 in  HFD mice, P = 0.0006 in IM mice), and muscle mass (P = 0.0004 in db/db mice,  P = 0.0076 in HFD mice, P = 0.0144 in IM mice) in all models tested, with  elevated CSA of muscle fibres (P < 0.0001 in db/db mice and HFD mice, P = 0.0088  in IM mice) and reduced Atrogin1 (P = 0.0459 in db/db mice, P = 0.0088 in HFD  mice, P = 0.0016 in IM mice) and MuRF1 expression (P = 0.0004 in db/db mice,  P = 0.0077 in HFD mice, P = 0.0451 in IM mice). MSC-EXO replicated all these  hucMSC-mediated changes (P = 0.0103 for grip strength, P = 0.013 for muscle mass,  P < 0.0001 for CSA of muscle fibres, P = 0.0171 for Atrogin1 expression, and  P = 0.006 for MuRF1 expression). RNA-seq revealed that hucMSCs activated the  AMPK/ULK1 signalling and enhanced autophagy. Knockdown of AMPK or inhibition of  autophagy with 3-methyladenine (3-MA) diminished the beneficial anti-atrophy  effects of hucMSCs or MSC-EXO. CONCLUSIONS: Our results suggest that human  umbilical cord mesenchymal stromal cells mitigate diabetes- and obesity-induced  muscle atrophy via enhancing AMPK/ULK1-mediated autophagy through exosomes, with  implications of applying hucMSCs or hucMSC-derived exosomes to treat muscle  atrophy.",2023,"Journal of cachexia, sarcopenia and muscle",9,mice; muscle atrophy; protein; immobilization; mass
DBC1 maintains skeletal muscle integrity by enhancing myogenesis and preventing myofibre wasting.,"BACKGROUND: Skeletal muscle atrophy, particularly ageing-related muscular atrophy such as sarcopenia, is a significant health concern. Despite its prevalence, the  underlying mechanisms remain poorly understood, and specific approved medications  are currently unavailable. Deleted in breast cancer 1 (DBC1) is a well-known  regulator of senescence, metabolism or apoptosis. Recent reports suggest that  DBC1 may also potentially regulate muscle function, as mice lacking DBC1 exhibit  weakness and limpness. However, the function of DBC1 in skeletal muscle and its  associated molecular mechanisms remain unknown, thus prompting the focus of this  study. METHODS: Tibialis anterior (TA) muscle-specific DBC1 knockdown C57BL/6J  male mice were generated through a single injection of 2.00 E + 11 vg of  adeno-associated virus 9 delivering single-guide RNA for DBC1. Grip strength and  endurance were assessed 2 months later, followed by skeletal muscle harvest.  Muscle atrophy model was generated by cast immobilization of the mouse hindlimb  for 2 weeks. Molecular markers of atrophy were probed in muscles upon  termination. Cardiotoxin (CTX) was injected in TA muscles of DBC1 knockdown mice,  and muscle regeneration was assessed by immunohistochemistry, quantitative PCR  and western blotting. DBC1 knockdown C2C12 cells and myotubes were investigated  using immunofluorescence staining, Seahorse, immunohistology,  fluorescence-activated cell sorting and RNA-sequencing analyses. RESULTS: DBC1  knockdown in skeletal muscle of young mice led to signatures of muscle atrophy,  including a 28% reduction in muscle grip force (P = 0.023), a 54.4% reduction in  running distance (P = 0.002), a 14.3% reduction in muscle mass (P = 0.007) and  significantly smaller myofibre cross-sectional areas (P < 0.0001). DBC1 levels  decrease in age-related or limb immobilization-induced atrophic mouse muscles and  overexpress DBC1-attenuated atrophic phenotypes in these mice. Muscle  regeneration was hampered in mice with CTX-induced muscle injury by DBC1  knockdown, as evidenced by reductions in myofibre cross-sectional areas of  regenerating myofibres with centralized nuclei (P < 0.0001), percentages of  MyoG(+) nuclei (P < 0.0001) and fusion index (P < 0.0001). DBC1 transcriptionally  regulated mouse double minute 2 (MDM2), which mediated ubiquitination and  degradation of forkhead box O3 (FOXO3). Increased FOXO3 proteins hampered  myogenesis in DBC1 knockdown satellite cells by compromising around 50% of  mitochondrial functions (P < 0.001) and exacerbated atrophy in DBC1 knockdown  myofibres by activating the ubiquitin-proteasome and autophagy-lysosome pathways.  CONCLUSIONS: DBC1 is essential in maintaining skeletal muscle integrity by  protecting against myofibres wasting and enhancing muscle regeneration via FOXO3.  This research highlights the significance of DBC1 for healthy skeletal muscle  function and its connection to muscular atrophy.",2024,"Journal of cachexia, sarcopenia and muscle",9,mice; muscle atrophy; protein; immobilization; mass
Muscle Disuse Atrophy.,"Muscle disuse atrophy is characterized by a significant reduction in skeletal muscle mass and strength, primarily induced by prolonged periods of inactivity  and inadequate mechanical stimulus. This condition is frequently encountered in  clinical scenarios, especially in cases where patients undergo limb  immobilization due to injuries or suffer from spinal cord impairments. The  severity of muscle atrophy is often exacerbated by additional factors, such as  advancing age and nutritional deficiencies, underscoring the multifaceted nature  of this condition. Over the last two decades, significant advancements have been  made in understanding the processes that lead to muscle degradation. Insights  into the molecular and cellular mechanisms driving muscle catabolism in the  absence of regular physical activity have been gained through research utilizing  rodent models such as hindlimb unloading and immobilization, denervation, and  spinal cord isolation. These experimental models have provided information on the  morphological and functional deterioration as well as the extent of understanding  of the molecular and cellular processes in response to disuse-induced muscle  wasting. Despite these efforts, the therapeutic options for ameliorating muscle  disuse atrophy are limited. Resistance training has been identified as the most  effective intervention for reversing muscle mass and strength loss, yet it may  only be feasible for some patients due to physical limitations or a lack of  motivation to engage in intensive exercise routines. In response to these  challenges, ongoing research is focused on identifying alternative therapeutic  strategies, encompassing both pharmacological and non-pharmacological approaches,  aimed at either preventing the onset of muscle atrophy or facilitating recovery  following atrophic events. The implications of muscle disuse atrophy extend  beyond clinical manifestations, impacting individuals' quality of life by  impairing physical endurance and the capacity to perform daily activities. This  chapter aims to offer an exhaustive summary of the various signals, pathways, and  breakdown mechanisms implicated in muscle atrophy. Additionally, it will present  the latest developments in therapeutic strategies addressing this condition.",2025,Advances in experimental medicine and biology,4,wasting; muscle wasting; sarcopenia; loss; understanding
Disuse-induced muscle wasting.,"Loss of skeletal muscle mass occurs frequently in clinical settings in response to joint immobilization and bed rest, and is induced by a combination of  unloading and inactivity. Disuse-induced atrophy will likely affect every person  in his or her lifetime, and can be debilitating especially in the elderly.  Currently there are no good therapies to treat disuse-induced muscle atrophy, in  part, due to a lack of understanding of the cellular and molecular mechanisms  responsible for the induction and maintenance of muscle atrophy. Our current  understanding of disuse atrophy comes from the investigation of a variety of  models (joint immobilization, hindlimb unloading, bed rest, spinal cord injury)  in both animals and humans. Under conditions of unloading, it is widely accepted  that there is a decrease in protein synthesis, however, the role of protein  degradation, especially in humans, is debated. This review will examine the  current understanding of the molecular and cellular mechanisms regulating muscle  loss under disuse conditions, discussing the similarities and areas of dispute  between the animal and human literature. This article is part of a Directed Issue  entitled: Molecular basis of muscle wasting.",2013,The international journal of biochemistry & cell biology,4,wasting; muscle wasting; sarcopenia; loss; understanding
Long-term human spaceflight and inflammaging: Does it promote aging?,"Spaceflight and its associated stressors, such as microgravity, radiation exposure, confinement, circadian derailment and disruptive workloads represent an  unprecedented type of exposome that is entirely novel from an evolutionary stand  point. Within this perspective, we aimed to review the effects of prolonged  spaceflight on immune-neuroendocrine systems, brain and brain-gut axis,  cardiovascular system and musculoskeletal apparatus, highlighting in particular  the similarities with an accelerated aging process. In particular,  spaceflight-induced muscle atrophy/sarcopenia and bone loss, vascular and  metabolic changes, hyper and hypo reaction of innate and adaptive immune system  appear to be modifications shared with the aging process. Most of these  modifications are mediated by molecular events that include oxidative and  mitochondrial stress, autophagy, DNA damage repair and telomere length  alteration, among others, which directly or indirectly converge on the activation  of an inflammatory response. According to the inflammaging theory of aging, such  an inflammatory response could be a driver of an acceleration of the normal,  physiological rate of aging and it is likely that all the systemic modifications  in turn lead to an increase of inflammaging in a sort of vicious cycle. The most  updated countermeasures to fight these modifications will be also discussed in  the light of their possible application not only for astronauts' benefit, but  also for older adults on the ground.",2023,Ageing research reviews,6,microgravity; space; spaceflight; simulated; mitochondrial
Mitochondrial dysregulation and muscle disuse atrophy.,"It is well established that mitochondria play a critical role in the metabolic and physiological adaptation of skeletal muscle to enhanced contractile activity.  Several redox-sensitive signaling pathways such as PGC-1α, AMPK, IGF/Akt/mTOR,  SIRT, NFκB, and FoxO are involved with extensive crosstalk to regulate vital  cellular functions such as mitochondrial biogenesis, mitochondrial fusion and  fission dynamics, autophagy/mitophagy, and apoptosis under altered demand and  stress. However, when muscles cease contraction, such as during immobilization  and denervation, mitochondria undergo a series of detrimental changes  characterized by downregulation of PGC-1α and antioxidant defense, increased ROS  generation, activated FoxO, NFκB, and inflammation, enhanced ubiquitination, and  finally mitophagy and apoptotic cascades. The phenotypic outcome of the discord  of mitochondrial homeostasis is elevated proteolysis and muscle atrophy. The  demonstration that PGC-1α overexpression via transgene or in vivo DNA  transfection can restore mitochondrial homeostasis and reverse myocyte atrophy  supports the ""mitostasis theory of muscle atrophy"".",2019,F1000Research,3,mitochondrial; ros; pgc1α; disuse; mitophagy
[Muscle fiber atrophy].,"Muscle fibers have been classified into two major forms of red (slow twitch) and white (fast twitch) muscles. The red muscle utilizes lipid as energy source  through mitochondrial metabolism and function to sustain the position against  gravity (sometimes called as antigravity muscle). Under microgravity the red  muscle is selectively involved. In our unloading study by hindlimb suspension  experiment on rats, the one of the representative red muscle of soleus muscle  underwent rapid atrophy; they reduced their weights about 50% after 2  week-unloading. In addition, myofibrils were occasionally markedly disorganized  with selective thin filament loss. Mitochondria in the degenerated area were  decreased in number. The white muscle fibers in the soleus muscle had mostly  transformed to the red ones. It took about 1 month to recover morphologically.  The satellite cell playing a major role in muscle regeneration was not activated.  There still remained unsolved what are the mechanosensors to keep muscle function  under normal gravity. Dr Nikawa's group proposed that one of ubiquitin ligases,  Cbl-b is activated under microgravity and induces muscle fiber degeneration.  There might be many factors to induce muscle atrophy and degeneration under  microgravity. Further study is necessary to explore the pathomechanism of muscle  atrophy in disused and under immobility conditions.",2012,Rinsho shinkeigaku = Clinical neurology,6,microgravity; space; spaceflight; simulated; mitochondrial
The role and regulation of MAFbx/atrogin-1 and MuRF1 in skeletal muscle atrophy.,"Skeletal muscle atrophy occurs in many chronic diseases and disuse conditions. Its severity reduces patient recovery, independence and quality of life. The  discovery of two muscle-specific E3 ubiquitin ligases, MAFbx/atrogin-1 and Muscle  RING Finger-1 (MuRF1), promoted an expectation of these molecules as targets for  therapeutic development. While numerous studies have determined the conditions in  which MAFbx/atrogin-1 and MuRF1 mRNA levels are regulated, few studies have  investigated their functional role in skeletal muscle. Recently, studies  identifying new target substrates for MAFbx/atrogin-1 and MuRF1, outside of their  response to the initiation of muscle atrophy, suggest that there is more to these  proteins than previously appreciated. This review will highlight our present  knowledge of MAFbx/atrogin-1 and MuRF1 in skeletal muscle atrophy, the impact of  potential therapeutics and their known regulators and substrates. Finally, we  will comment on new approaches that may expand our knowledge of these two  molecules in their control of skeletal muscle function.",2011,Pflugers Archiv : European journal of physiology,7,skeletal; skeletal muscle; muscle atrophy; protein; role
Ubiquitin ligase Cbl-b and inhibitory Cblin peptides.,"This review focuses on the Cbl-b muscle atrophy-associated ubiquitin ligase and its inhibitors. Herein, the role of E3 ubiquitin ligase-associated muscle atrophy  genes (atrogenes), including MAFbx-1/agrogin-1 and MuRF-1, as well as another  ubiquitin ligase, Cbl-b and its inhibitors, is discussed. Cbl-b plays an  important role in unloading muscle atrophy caused by spaceflight and in bedridden  patients: Cbl-b ubiquitinated and induced the degradation of IRS-1, a key  intermediate in the IGF-1 signaling. Furthermore, a pentapetpide (DGpYMP),  inhibited Cbl-b-mediated IRS-1 ubiquitination. This peptide-based Cbl-b inhibitor  Cblin and its homologous peptides in foods presumably affect muscle atrophy under  such conditions.",2020,Biochimica et biophysica acta. Proteins and proteomics,7,skeletal; skeletal muscle; muscle atrophy; protein; role
Cardiovascular effects of long-duration space flight.,"INTRODUCTION: Early studies exploring the physiological effects of space travel have indicated the body's capacity for reversible adaptation. However, the impact  of long-duration spaceflight, exceeding 6 months, presents more intricate  challenges. EFFECTS ON THE CARDIOVASCULAR CV SYSTEM: Extended exposure to  microgravity and radiation profoundly affects the CV system. Notable phenomena  include fluid shifts toward the head and modified arterial pressure. These  changes disrupt blood pressure regulation and elevate cardiac output.  Additionally, the loss of venous compression leads to a reduction in central  venous pressure. FLUID AND PLASMA VOLUME CHANGES: The displacement of fluid from  the vascular system to the interstitium, driven by baroreceptor stimulation,  results in a 10%-15% decline in plasma volume. CARDIAC MUSCLE AND HEMATOCRIT  VARIATIONS: Intriguingly, despite potential increases in cardiac workload,  cardiac muscle atrophy and perplexing variations in hematocrit levels have been  observed. The mechanism underlying atrophy appears to involve a shift in protein  synthesis from the endoplasmic reticulum to the mitochondria via  mortalin-mediated mechanisms. ARRHYTHMIAS AND QT INTERVAL PROLONGATION: Instances  of arrhythmias have been recurrently documented, although generally nonlethal, in  both Russian and American space missions. Long-duration spaceflight has been  associated with the prolongation of the QT interval, particularly in extended  missions. RADIATION EFFECTS: Exposure of the heart to the proton and heavy ion  radiation pervasive in deep space contributes to coronary artery degeneration,  augmented aortic stiffness, and carotid intima thickening through  collagen-mediated processes. Moreover, it accelerates the onset of  atherosclerosis and triggers proinflammatory responses. REENTRY AND POSTFLIGHT  CHALLENGES: Upon reentry, astronauts frequently experience orthostatic  intolerance and altered sympathetic responses, which bear potential hazards in  scenarios requiring rapid mobilization or evacuation. CONCLUSION: Consequently,  careful monitoring of these cardiac risks is imperative for forthcoming missions.  While early studies illuminate the adaptability of the body to space travel's  challenges, the intricacies of long-duration missions and their effects on the CV  system necessitate continued investigation and vigilance to ensure astronaut  health and mission success.",2024,Health science reports,6,microgravity; space; spaceflight; simulated; mitochondrial
Bezafibrate attenuates immobilization-induced muscle atrophy in mice.,"Muscle atrophy due to fragility fractures or frailty worsens not only activity of daily living and healthy life expectancy, but decreases life expectancy. Although  several therapeutic agents for muscle atrophy have been investigated, none is yet  in clinical use. Here we report that bezafibrate, a drug used to treat  hyperlipidemia, can reduce immobilization-induced muscle atrophy in mice.  Specifically, we used a drug repositioning approach to screen 144 drugs already  utilized clinically for their ability to inhibit serum starvation-induced  elevation of Atrogin-1, a factor related to muscle atrophy, in myotubes in vitro.  Two candidates were selected, and here we demonstrate that one of them,  bezafibrate, significantly reduced muscle atrophy in an in vivo model of muscle  atrophy induced by leg immobilization. In gastrocnemius muscle, immobilization  reduced muscle weight by an average of ~ 17.2%, and bezafibrate treatment  prevented ~ 40.5% of that atrophy. In vitro, bezafibrate significantly inhibited  expression of the inflammatory cytokine Tnfa in lipopolysaccharide-stimulated  RAW264.7 cells, a murine macrophage line. Finally, we show that expression of  Tnfa and IL-1b is induced in gastrocnemius muscle in the leg immobilization  model, an activity significantly antagonized by bezafibrate administration in  vivo. We conclude that bezafibrate could serve as a therapeutic agent for  immobilization-induced muscle atrophy.",2024,Scientific reports,9,mice; muscle atrophy; protein; immobilization; mass
"Mitochondrial dysfunction and skeletal muscle atrophy: Causes, mechanisms, and treatment strategies.","Skeletal muscle, which accounts for approximately 40% of total body weight, is one of the most dynamic and plastic tissues in the human body and plays a vital  role in movement, posture and force production. More than just a component of the  locomotor system, skeletal muscle functions as an endocrine organ capable of  producing and secreting hundreds of bioactive molecules. Therefore, maintaining  healthy skeletal muscles is crucial for supporting overall body health. Various  pathological conditions, such as prolonged immobilization, cachexia, aging,  drug-induced toxicity, and cardiovascular diseases (CVDs), can disrupt the  balance between muscle protein synthesis and degradation, leading to skeletal  muscle atrophy. Mitochondrial dysfunction is a major contributing mechanism to  skeletal muscle atrophy, as it plays crucial roles in various biological  processes, including energy production, metabolic flexibility, maintenance of  redox homeostasis, and regulation of apoptosis. In this review, we critically  examine recent knowledge regarding the causes of muscle atrophy (disuse,  cachexia, aging, etc.) and its contribution to CVDs. Additionally, we highlight  the mitochondrial signaling pathways involvement to skeletal muscle atrophy, such  as the ubiquitin-proteasome system, autophagy and mitophagy, mitochondrial  fission-fusion, and mitochondrial biogenesis. Furthermore, we discuss current  strategies, including exercise, mitochondria-targeted antioxidants, in vivo  transfection of PGC-1α, and the potential use of mitochondrial transplantation as  a possible therapeutic approach.",2023,Mitochondrion,3,mitochondrial; ros; pgc1α; disuse; mitophagy
"Muscle wasting and aging: Experimental models, fatty infiltrations, and prevention.","Identification of cost-effective interventions to maintain muscle mass, muscle strength, and physical performance during muscle wasting and aging is an  important public health challenge. It requires understanding of the cellular and  molecular mechanisms involved. Muscle-deconditioning processes have been  deciphered by means of several experimental models, bringing together the  opportunities to devise comprehensive analysis of muscle wasting. Studies have  increasingly recognized the importance of fatty infiltrations or intermuscular  adipose tissue for the age-mediated loss of skeletal-muscle function and  emphasized that this new important factor is closely linked to inactivity. The  present review aims to address three main points. We first mainly focus on  available experimental models involving cell, animal, or human experiments on  muscle wasting. We next point out the role of intermuscular adipose tissue in  muscle wasting and aging and try to highlight new findings concerning aging and  muscle-resident mesenchymal stem cells called fibro/adipogenic progenitors by  linking some cellular players implicated in both FAP fate modulation and  advancing age. In the last part, we review the main data on the efficiency and  molecular and cellular mechanisms by which exercise, replacement hormone  therapies, and β-hydroxy-β-methylbutyrate prevent muscle wasting and sarcopenia.  Finally, we will discuss a potential therapeutic target of sarcopenia: glucose  6-phosphate dehydrogenase.",2016,Molecular aspects of medicine,4,wasting; muscle wasting; sarcopenia; loss; understanding
TWEAK and TRAF6 regulate skeletal muscle atrophy.,"PURPOSE OF REVIEW: To discuss the roles and mechanisms of action of tumor necrosis factor-like weak inducer of apoptosis (TWEAK) and tumor necrosis factor  receptor-associated factor 6 (TRAF6) in skeletal muscle atrophy. RECENT FINDINGS:  Proinflammatory cytokines are known to mediate muscle atrophy in many chronic  disease states. However, their role in the loss of skeletal muscle mass in disuse  conditions has just begun to be elucidated. Further, the initial signaling events  leading to the activation of various catabolic pathways in skeletal muscle under  different atrophic conditions are also less well understood. The TWEAK-Fn14  system has now been identified as a novel inducer of skeletal muscle wasting.  Adult skeletal muscles express minimal levels of Fn14, the bona fide TWEAK  receptor. Specific conditions of atrophy such as denervation, immobilization, or  unloading rapidly induce the expression of Fn14 leading to TWEAK-induced  activation of various proteolytic pathways in skeletal muscle. Recent studies  have also demonstrated that the expression and activity of TRAF6 are increased in  distinct models of muscle atrophy. Muscle-specific ablation of TRAF6 inhibits the  induction of atrophy program in response to starvation, denervation, or cancer  cachexia. Moreover, TWEAK also appears to activate some catabolic signaling  through TRAF6-dependent mechanisms. SUMMARY: Recent findings have uncovered TWEAK  and TRAF6 as novel regulators of skeletal muscle atrophy. These proteins should  potentially be used as molecular targets for prevention and/or treatment of  muscular atrophy in future therapies.",2012,Current opinion in clinical nutrition and metabolic care,7,skeletal; skeletal muscle; muscle atrophy; protein; role
Molecular determinants of skeletal muscle force loss in response to 5 days of dry immersion in human.,"BACKGROUND: Astronauts in Earth's orbit experience microgravity, resulting in a decline of skeletal muscle mass and function. On Earth, models simulating  microgravity have shown that the extent of the loss in muscle force is greater  than the loss in muscle mass. The reasons behind this disproportionate loss of  muscle force are still poorly understood. In the present study, we hypothesize  that alongside the loss in skeletal muscle mass, modifications in the expression  profile of genes encoding critical determinants of resting membrane potential,  excitation-contraction coupling and Ca(2+) handling contribute to the decline in  skeletal muscle force. METHODS: Healthy male volunteers (n = 18) participated in  a 5-day dry immersion (DI) study, an Earth-based model of simulated microgravity.  Muscle force measurement and MRI analysis of the cross-sectional area of thigh  muscles were performed before and after DI. Biopsies of the vastus lateralis  skeletal muscle performed before and after DI were used for the determination  Ca(2+) properties of isolated muscle fibres, molecular and biochemical analyses.  RESULTS: The extent of the decline in force, measured as maximal voluntary  contraction of knee extensors (-11.1%, P < 0.01) was higher than the decline in  muscle mass (-2.5%, P < 0.01). The decline in muscle mass was molecularly  supported by a significant repression of the anabolic IGF-1/Akt/mTOR pathway  (-19.9% and -40.9% in 4E-BP1 and RPS6 phosphorylation, respectively), a  transcriptional downregulation of the autophagy-lysosome pathway and a  downregulation in the mRNA levels of myofibrillar protein slow isoforms. At the  single fibre level, biochemical and tension-pCa curve analyses showed that the  loss in force was independent of fibre type (-11% and -12.3% in slow and fast  fibres, respectively) and Ca(2+) activation properties. Finally, we showed a  significant remodelling in the expression of critical players of resting membrane  potential (aquaporin 4: -24.9%, ATP1A2: +50.4%), excitation-contraction coupling  (CHRNA1: +75.1%, CACNA2D1: -23.5%, JPH2: -24.2%, TRDN: -15.6%, S100A1: +27.2%),  and Ca(2+) handling (ATP2A2: -32.5%, CASQ1: -15%, ORAI1: -36.2%, ATP2B1: -19.1%).  CONCLUSIONS: These findings provide evidence that a deregulation in the  expression profile of critical molecular determinants of resting membrane  potential, excitation-contraction coupling, and Ca(2+) handling could be involved  in the loss of muscle force induced by DI. They also provide the paradigm for the  understanding of muscle force loss during prolonged bed rest periods as those  encountered in intensive care unit.",2024,"Journal of cachexia, sarcopenia and muscle",4,wasting; muscle wasting; sarcopenia; loss; understanding
Muscle Atrophy Induced by Mechanical Unloading: Mechanisms and Potential Countermeasures.,"Prolonged periods of skeletal muscle inactivity or mechanical unloading (bed rest, hindlimb unloading, immobilization, spaceflight and reduced step) can  result in a significant loss of musculoskeletal mass, size and strength which  ultimately lead to muscle atrophy. With advancement in understanding of the  molecular and cellular mechanisms involved in disuse skeletal muscle atrophy,  several different signaling pathways have been studied to understand their  regulatory role in this process. However, substantial gaps exist in our  understanding of the regulatory mechanisms involved, as well as their functional  significance. This review aims to update the current state of knowledge and the  underlying cellular mechanisms related to skeletal muscle loss during a variety  of unloading conditions, both in humans and animals. Recent advancements in  understanding of cellular and molecular mechanisms, including IGF1-Akt-mTOR,  MuRF1/MAFbx, FOXO, and potential triggers of disuse atrophy, such as calcium  overload and ROS overproduction, as well as their role in skeletal muscle protein  adaptation to disuse is emphasized. We have also elaborated potential therapeutic  countermeasures that have shown promising results in preventing and restoring  disuse-induced muscle loss. Finally, identified are the key challenges in this  field as well as some future prospectives.",2018,Frontiers in physiology,4,wasting; muscle wasting; sarcopenia; loss; understanding
Cellular mechanism of immobilization-induced muscle atrophy: A mini review.,"It is well-established that regular contraction maintains morphological and functional integrity of skeletal muscle, whereas rigorous exercise training can  upregulate muscle metabolic and contractile function. However, when muscles stop  contraction, such as during immobilization (IM) and denervation, withdrawal of  IGF/Akt/mTOR signaling allows FoxO-controlled protein degradation pathways to  dominate. Mitochondria play an important role in regulating both protein  synthesis and degradation via several redox sensitive signaling pathways such as  mitochondrial biogenesis, fusion and fission dynamics, ubiquitin-proteolysis,  autophagy/mitophagy, and apoptosis. During prolonged IM, downregulation of PGC-1α  and increased mitochondrial oxidative damage facilitate fission protein and  inflammatory cytokine production and activate mitophagic process, leading to a  vicious cycle of protein degradation. This ""mitostasis theory of muscle atrophy""  is the opposite pathway of hormesis, which defines enhanced muscle function with  contractile overload. The demonstration that PGC-1α overexpression via transgene  or in vivo DNA transfection can successfully restore mitochondrial homeostasis  and reverse myocyte atrophy supports such a proposition. Understanding the  mechanism governing mitostasis can be instrumental to the treatment of muscle  atrophy associated with bedrest, cancer cachexia and sarcopenia.",2019,Sports medicine and health science,3,mitochondrial; ros; pgc1α; disuse; mitophagy
Multi-dimensional metabolomic remodeling under diverse muscle atrophic stimuli in vivo.,"Muscle wasting leads to reduced activities of daily living, an increased number of care-dependent individuals, and increased mortality. However, the metabolomic  adaptations underlying muscle wasting remain poorly understood. Here, by  comparing physiological, genetically induced, pathological, and age-related  muscle atrophy, we identify the metabolites modulated by muscle atrophic stimuli,  which we term ""atrometabolites."" Integrated metabolomics reveal that  dysfunctional polyamine synthesis is a common feature of muscle atrophy.  Mechanistically, we identify that adenosylmethionine decarboxylase 1 (Amd1) and  Amd2 are important for maintaining polyamine metabolism and that downregulation  of Amd1 and Amd2 is a trigger of myotube atrophy. Using skeletal muscle-specific  FoxO triple-knockout mice, we find that FoxOs are required for  immobilization-induced metabolomic remodeling and identify FoxO-dependent  atrometabolites. This study comprehensively elucidates the molecular basis of  muscle metabolomic adaptation and provides the datasets that will lead to the  discovery of mechanisms underlying tissue adaptation to maintain homeostasis.",2025,Cell reports,4,wasting; muscle wasting; sarcopenia; loss; understanding
Redox Control of Proteolysis During Inactivity-Induced Skeletal Muscle Atrophy.,"Significance: Skeletal muscles play essential roles in key body functions including breathing, locomotion, and glucose homeostasis; therefore, maintaining  healthy skeletal muscles is important. Prolonged periods of muscle inactivity  (e.g., bed rest, mechanical ventilation, or limb immobilization) result in  skeletal muscle atrophy and weakness. Recent Advances: Disuse skeletal muscle  atrophy occurs due to both accelerated proteolysis and decreased protein  synthesis with proteolysis playing a leading role in some types of  inactivity-induced atrophy. Although all major proteolytic systems are involved  in inactivity-induced proteolysis in skeletal muscles, growing evidence indicates  that both calpain and autophagy play an important role. Regulation of proteolysis  in skeletal muscle is under complex control, but it is established that  activation of both calpain and autophagy is directly linked to oxidative stress.  Critical Issues: In this review, we highlight the experimental evidence that  supports a cause and effect link between reactive oxygen species (ROS) and  activation of both calpain and autophagy in skeletal muscle fibers during  prolonged inactivity. We also review the sources of oxidant production in muscle  fibers during inactivity-induced atrophy, and provide a detailed discussion on  how ROS activates both calpain and autophagy during disuse muscle wasting. Future  Directions: Future studies are required to delineate the specific mechanisms by  which ROS activates both calpain and autophagy in skeletal muscles during  prolonged periods of contractile inactivity. This knowledge is essential to  develop the most effective strategies to protect against disuse muscle atrophy.  Antioxid. Redox Signal. 33, 559-569.",2020,Antioxidants & redox signaling,7,skeletal; skeletal muscle; muscle atrophy; protein; role
Emerging Strategies Targeting Catabolic Muscle Stress Relief.,"Skeletal muscle wasting represents a common trait in many conditions, including aging, cancer, heart failure, immobilization, and critical illness. Loss of  muscle mass leads to impaired functional mobility and severely impedes the  quality of life. At present, exercise training remains the only proven treatment  for muscle atrophy, yet many patients are too ill, frail, bedridden, or  neurologically impaired to perform physical exertion. The development of novel  therapeutic strategies that can be applied to an in vivo context and attenuate  secondary myopathies represents an unmet medical need. This review discusses  recent progress in understanding the molecular pathways involved in regulating  skeletal muscle wasting with a focus on pro-catabolic factors, in particular, the  ubiquitin-proteasome system and its activating muscle-specific E3 ligase  RING-finger protein 1 (MuRF1). Mechanistic progress has provided the opportunity  to design experimental therapeutic concepts that may affect the  ubiquitin-proteasome system and prevent subsequent muscle wasting, with novel  advances made in regards to nutritional supplements, nuclear factor  kappa-light-chain-enhancer of activated B cells (NFB) inhibitors, myostatin  antibodies, β(2) adrenergic agonists, and small-molecules interfering with MuRF1,  which all emerge as a novel in vivo treatment strategies for muscle wasting.",2020,International journal of molecular sciences,4,wasting; muscle wasting; sarcopenia; loss; understanding
Muscle wasting: an overview of recent developments in basic research.,"The syndrome of cachexia, i.e. involuntary weight loss in patients with underlying diseases, sarcopenia, i.e. loss of muscle mass due to ageing, and  general muscle atrophy from disuse and/or prolonged bed rest have received more  attention over the last decades. All lead to a higher morbidity and mortality in  patients and therefore, they represent a major socio-economic burden for the  society today. This mini-review looks at recent developments in basic research  that are relevant to the loss of skeletal muscle. It aims to cover the most  significant publication of last three years on the causes and effects of muscle  wasting, new targets for therapy development and potential biomarkers for  assessing skeletal muscle mass. The targets include 1) E-3 ligases: TRIM32, SOCS1  and SOCS3 by involving the elongin BC ubiquitin-ligase, Cbl-b, culling 7, Fbxo40,  MG53 (TRIM72) and the mitochondrial Mul1, 2) the kinase MST1 and 3) the G-protein  Gαi2. D(3)-creatine has the potential to be used as a novel biomarker that allows  to monitor actual change in skeletal muscle mass over time. In conclusion,  significant development efforts are being made by academic groups as well as  numerous pharmaceutical companies to identify new targets and biomarkers muscle,  as muscle wasting represents a great medical need, but no therapies have been  approved in the last decades.",2014,International journal of cardiology,4,wasting; muscle wasting; sarcopenia; loss; understanding
Nox2 signaling and muscle fiber remodeling are attenuated by losartan administration during skeletal muscle unloading.,"Reduced mechanical loading results in atrophy of skeletal muscle fibers. Increased reactive oxygen species (ROS) are causal in sarcolemmal dislocation of  nNOS and FoxO3a activation. The Nox2 isoform of NADPH oxidase and mitochondria  release ROS during disuse in skeletal muscle. Activation of the angiotensin II  type 1 receptor (AT1R) can elicit Nox2 complex formation. The AT1R blocker  losartan was used to test the hypothesis that AT1R activation drives Nox2  assembly, nNOS dislocation, FoxO3a activation, and thus alterations in morphology  in the unloaded rat soleus. Male Fischer 344 rats were divided into four groups:  ambulatory control (CON), ambulatory + losartan (40 mg kg(-1)  day(-1) ) (CONL),  7 days of tail-traction hindlimb unloading (HU), and HU + losartan (HUL).  Losartan attenuated unloading-induced loss of muscle fiber cross-sectional area  (CSA) and fiber-type shift. Losartan mitigated unloading-induced elevation of ROS  levels and upregulation of Nox2. Furthermore, AT1R blockade abrogated nNOS  dislocation away from the sarcolemma and elevation of nuclear FoxO3a. We conclude  that AT1R blockade attenuates disuse remodeling by inhibiting Nox2, thereby  lessening nNOS dislocation and activation of FoxO3a.",2021,Physiological reports,1,hu; expression; unloading; skeletal; skeletal muscle
How Do Skeletal Muscles Die? An Overview.,"Clarifying the confusion regarding the term ""muscle death"" is of great importance, especially for clinicians. In response to various stimuli, skeletal  muscle may undergo pathological changes, leading to muscle atrophy and  consequently resulting in the loss of muscle strength and function. Depending on  the stimulus, skeletal muscles can be induced to die through different mechanisms  mainly via apoptosis, autophagy and necrosis. Muscle death may occur secondary to  various physiological and pathological conditions such as aging, starvation,  immobilization, denervation, inflammation, muscle diseases and cancer. This  overview aims to elucidate the medical terminology and pathways used to describe  muscle death, which are commonly confused. In addition, some of the common  pathological conditions that lead to muscle death such as cachexia and sarcopenia  of aging are dwelled on.",2015,Advances in experimental medicine and biology,4,wasting; muscle wasting; sarcopenia; loss; understanding
P38α-MAPK Signaling Inhibition Attenuates Soleus Atrophy during Early Stages of Muscle Unloading.,"To test the hypothesis that p38α-MAPK plays a critical role in the regulation of E3 ligase expression and skeletal muscle atrophy during unloading, we used  VX-745, a selective p38α inhibitor. Three groups of rats were used: non-treated  control (C), 3 days of unloading/hindlimb suspension (HS), and 3 days HS with  VX-745 inhibitor (HSVX; 10 mg/kg/day). Total weight of soleus muscle in HS group  was reduced compared to C (72.3 ± 2.5 vs 83.0 ± 3 mg, respectively), whereas  muscle weight in the HSVX group was maintained (84.2 ± 5 mg). The expression of  muscle RING-finger protein-1 (MuRF1) mRNA was significantly increased in the HS  group (165%), but not in the HSVX group (127%), when compared with the C group.  The expression of muscle-specific E3 ubiquitin ligases muscle atrophy F-box  (MAFbx) mRNA was increased in both HS and HSVX groups (294% and 271%,  respectively) when compared with C group. The expression of ubiquitin mRNA was  significantly higher in the HS (423%) than in the C and HSVX (200%) groups.  VX-745 treatment blocked unloading-induced upregulation of calpain-1 mRNA  expression (HS: 120%; HSVX: 107%). These results indicate that p38α-MAPK  signaling regulates MuRF1 but not MAFbx E3 ligase expression and inhibits  skeletal muscle atrophy during early stages of unloading.",2020,International journal of molecular sciences,2,soleus; hs; soleus muscle; unloading; rats
Implications of Altered Endosome and Lysosome Biology in Space Environments.,"Space exploration poses multiple challenges for mankind, not only on a technical level but also to the entire physiology of the space traveller. The human system  must adapt to several environmental stressors, microgravity being one of them.  Lysosomes are ubiquitous to every cell and essential for their homeostasis,  playing significant roles in the regulation of autophagy, immunity, and  adaptation of the organism to changes in their environment, to name a few.  Dysfunction of the lysosomal system leads to age-related diseases, for example  bone loss, reduced immune response or cancer. As these conditions have been shown  to be accelerated following exposure to microgravity, this review elucidates the  lysosomal response to real and simulated microgravity. Microgravity activates the  endo-lysosomal system, with resulting impacts on bone loss, muscle atrophy and  stem cell differentiation. The investigation of lysosomal adaptation to  microgravity can be beneficial in the search for new biomarkers or therapeutic  approaches to several disease pathologies on earth as well as the potential to  mitigate pathophysiology during spaceflight.",2020,International journal of molecular sciences,6,microgravity; space; spaceflight; simulated; mitochondrial
Nestin Regulates Autophagy-Dependent Ferroptosis Mediated Skeletal Muscle Atrophy by Ubiquitinating MAP 1LC3B.,"BACKGROUND: Programmed cell death plays a critical role in skeletal muscle atrophy. Ferroptosis, an iron-dependent form of programmed cell death driven by  lipid peroxidation, has been implicated in various diseases, but its role in  skeletal muscle atrophy remains unclear. METHODS: Ferroptosis in skeletal muscle  atrophy was investigated using two models: dexamethasone (Dex)-induced atrophy  (n = 6 independent cell cultures per group) and simulated microgravity (n = 6  mice per group). Conditional Nestin knockout (KO) mice were generated using  CRISPR/Cas9 (n = 6-8 mice per group), with wild-type (WT) controls (n = 6-8).  Phenotypic analyses included histopathology (HE staining), functional assessments  (muscle strength, weight analysis, treadmill), and dystrophy evaluation  (dystrophin staining). Molecular analyses involved flow cytometry, ELISA,  transmission electron microscopy, PI staining, and IP/MS to delineate  Nestin-regulated ferroptosis pathways in skeletal muscle atrophy. RESULTS:  Ferroptosis was significantly activated in both atrophy models, with a 2.5-fold  increase in lipid peroxidation (p < 0.01), a 2-fold accumulation of Fe(2+)  (p < 0.01) and a 50% reduction in Nestin expression (p < 0.001). Nestin KO mice  exhibited exacerbated muscle atrophy, showing a 40% decrease in muscle weight  (p < 0.01) and a 30% reduction in muscle strength (p < 0.05) compared to WT mice.  Nestin overexpression mitigated Dex-induced ferroptosis, reducing lipid  peroxidation by 40%, decreasing Fe(2+) accumulation by 50% (p < 0.01), and  improving muscle function by 30% (p < 0.05). Mechanistically, Nestin interacted  with MAP 1LC3B (LC3B) to catalyse LC3B polyubiquitination at lysine-51, reducing  LC3B availability for autophagy and inhibiting autophagy flux by 60% (p < 0.01),  leading to a 50% reduction in ferroptosis (p < 0.001). CONCLUSIONS: Our study  identifies Nestin as a critical regulator of ferroptosis-autophagy crosstalk in  skeletal muscle atrophy. Targeting Nestin-LC3B ubiquitination may offer novel  therapeutic strategies for preventing muscle wasting in diseases such as cachexia  and sarcopenia.",2025,"Journal of cachexia, sarcopenia and muscle",7,skeletal; skeletal muscle; muscle atrophy; protein; role
Mitochondrial Bioenergetics and Turnover during Chronic Muscle Disuse.,"Periods of muscle disuse promote marked mitochondrial alterations that contribute to the impaired metabolic health and degree of atrophy in the muscle. Thus,  understanding the molecular underpinnings of muscle mitochondrial decline with  prolonged inactivity is of considerable interest. There are translational  applications to patients subjected to limb immobilization following injury,  illness-induced bed rest, neuropathies, and even microgravity. Studies in these  patients, as well as on various pre-clinical rodent models have elucidated the  pathways involved in mitochondrial quality control, such as mitochondrial  biogenesis, mitophagy, fission and fusion, and the corresponding mitochondrial  derangements that underlie the muscle atrophy that ensues from inactivity.  Defective organelles display altered respiratory function concurrent with  increased accumulation of reactive oxygen species, which exacerbate myofiber  atrophy via degradative pathways. The preservation of muscle quality and function  is critical for maintaining mobility throughout the lifespan, and for the  prevention of inactivity-related diseases. Exercise training is effective in  preserving muscle mass by promoting favourable mitochondrial adaptations that  offset the mitochondrial dysfunction, which contributes to the declines in muscle  and whole-body metabolic health. This highlights the need for further  investigation of the mechanisms in which mitochondria contribute to  disuse-induced atrophy, as well as the specific molecular targets that can be  exploited therapeutically.",2021,International journal of molecular sciences,3,mitochondrial; ros; pgc1α; disuse; mitophagy
NeuroHeal Reduces Muscle Atrophy and Modulates Associated Autophagy.,"Muscle wasting is an unmet medical need which leads to a reduction of myofiber diameter and a negative impact on the functional performance of daily activities.  We previously found that a new neuroprotective drug called NeuroHeal reduced  muscle atrophy produced by transient denervation. Aiming to decipher whether  NeuroHeal has a direct role in muscle biology, we used herein different models of  muscle atrophy: one caused by chronic denervation, another caused by hindlimb  immobilization, and lastly, an in vitro model of myotube atrophy with Tumor  Necrosis Factor-α (TNFα). In all these models, we observed that NeuroHeal reduced  muscle atrophy and that SIRT1 activation seems to be required for that. The  treatment downregulated some critical markers of protein degradation: Muscle Ring  Finger 1 (MuRF1), K48 poly-Ub chains, and p62/SQSTM1. Moreover, it seems to  restore the autophagy flux associated with denervation. Hence, we envisage a  prospective use of NeuroHeal at clinics for different myopathies.",2020,Cells,7,skeletal; skeletal muscle; muscle atrophy; protein; role
Molecular and Metabolic Mechanism of Low-Intensity Pulsed Ultrasound Improving Muscle Atrophy in Hindlimb Unloading Rats.,"Low-intensity pulsed ultrasound (LIPUS) has been proved to promote the proliferation of myoblast C2C12. However, whether LIPUS can effectively prevent  muscle atrophy has not been clarified, and if so, what is the possible mechanism.  The aim of this study is to evaluate the effects of LIPUS on muscle atrophy in  hindlimb unloading rats, and explore the mechanisms. The rats were randomly  divided into four groups: normal control group (NC), hindlimb unloading group  (UL), hindlimb unloading plus 30 mW/cm(2) LIPUS irradiation group (UL + 30  mW/cm(2)), hindlimb unloading plus 80 mW/cm(2) LIPUS irradiation group (UL + 80  mW/cm(2)). The tails of rats in hindlimb unloading group were suspended for 28  days. The rats in the LIPUS treated group were simultaneously irradiated with  LIPUS on gastrocnemius muscle in both lower legs at the sound intensity of 30  mW/cm(2) or 80 mW/cm(2) for 20 min/d for 28 days. C2C12 cells were exposed to  LIPUS at 30 or 80 mW/cm(2) for 5 days. The results showed that LIPUS  significantly promoted the proliferation and differentiation of myoblast C2C12,  and prevented the decrease of cross-sectional area of muscle fiber and  gastrocnemius mass in hindlimb unloading rats. LIPUS also significantly down  regulated the expression of MSTN and its receptors ActRIIB, and up-regulated the  expression of Akt and mTOR in gastrocnemius muscle of hindlimb unloading rats. In  addition, three metabolic pathways (phenylalanine, tyrosine and tryptophan  biosynthesis; alanine, aspartate and glutamate metabolism; glycine, serine and  threonine metabolism) were selected as important metabolic pathways for hindlimb  unloading effect. However, LIPUS promoted the stability of alanine, aspartate and  glutamate metabolism pathway. These results suggest that the key mechanism of  LIPUS in preventing muscle atrophy induced by hindlimb unloading may be related  to promoting protein synthesis through MSTN/Akt/mTOR signaling pathway and  stabilizing alanine, aspartate and glutamate metabolism.",2021,International journal of molecular sciences,2,soleus; hs; soleus muscle; unloading; rats
hBMSC-EVs alleviate weightlessness-induced skeletal muscle atrophy by suppressing oxidative stress and inflammation.,"BACKGROUND: Muscle disuse and offloading in microgravity are likely the primary factors mediating spaceflight-induced muscle atrophy, for which there is  currently no effective treatment other than exercise. Extracellular vesicles  derived from bone marrow mesenchymal stem cells (BMSC-EVs) possess  anti-inflammatory and antioxidant properties, offering a potential strategy for  combating weightless muscular atrophy. METHODS: In this study, human BMSCs-EVs  (hBMSC-EVs) were isolated using super-centrifugation and characterized. C2C12  myotube nutrition-deprivation and mice tail suspension models were established.  Subsequently, the diameter of C2C12 myotubes, Soleus mass, cross-sectional area  (CSA) of muscle fibers, and grip strength in mice were assessed to investigate  the impact of hBMSC-EVs on muscle atrophy. Immunostaining, transmission electron  microscopy observation, and western blot analysis were employed to assess the  impact of hBMSC-EVs on muscle fiber types, ROS levels, inflammation,  ubiquitin-proteasome system activity, and autophagy lysosome pathway activation  in skeletal muscle atrophy. RESULTS: The active hBMSC-EVs can be internalized by  C2C12 myotubes and skeletal muscle. hBMSC-EVs can effectively reduce C2C12  myotube atrophy caused by nutritional deprivation, with a concentration of  10 × 10(8) particles/mL showing the best effect (P < 0.001). Additionally,  hBMSC-EVs can down-regulate the protein levels associated with UPS and oxidative  stress. Moreover, intravenous administration of hBMSC-EVs at a concentration of  1 × 10(10) particles/mL can effectively reverse the reduction in soleus mass  (P < 0.001), CSA (P < 0.01), and grip strength (P < 0.001) in mice caused by  weightlessness. They demonstrate the ability to inhibit protein degradation  mediated by UPS and autophagy lysosome pathway, along with the suppression of  oxidative stress and inflammatory responses. Furthermore, hBMSC-EVs impede the  transition of slow muscle fibers to fast muscle fibers via upregulation of Sirt1  and PGC-1α protein levels. CONCLUSIONS: Our findings indicate that hBMSC-EVs are  capable of inhibiting excessive activation of the UPS and autophagy lysosome  pathway, suppressing oxidative stress and inflammatory response, reversing muscle  fiber type transformation, effectively delaying hindlimb unloading-induced muscle  atrophy and enhancing muscle function. Our study has further advanced the  understanding of the molecular mechanism underlying muscle atrophy in  weightlessness and has demonstrated the protective effect of hBMSC-EVs on muscle  atrophy.",2025,Stem cell research & therapy,9,mice; muscle atrophy; protein; immobilization; mass
Taurine Attenuates Disuse Muscle Atrophy Through Modulation of the xCT-GSH-GPX4 and AMPK-ACC-ACSL4 Pathways.,"Disused muscle atrophy (DMA) is characterized by skeletal muscle loss and functional decline due to prolonged inactivity. Though evidence remains limited,  recent studies suggest that ferroptosis, an iron-dependent, lipid  peroxidation-driven form of cell death, may contribute to DMA. Taurine, a natural  amino acid enriched in energy drinks, can improve the proliferation and myogenic  differentiation potential of myoblasts. This study aimed to investigate whether  taurine supplementation could protect against DMA and explore its potential role  in modulating ferroptosis. Using a hindlimb suspension-induced DMA model in male  C57BL/6J mice (6-8 weeks old), we assessed muscle mass, function,  ferroptosis-related markers, histopathological changes, and metabolic  alterations. The results showed that taurine supplementation improved muscle  strength and morphology while attenuating markers of ferroptosis, including iron  accumulation, lipid peroxidation, and glutathione and related protein (NRF2,  GPX4, and xCT) depletion. Metabolomic analysis suggested that taurine modulates  disorders in glutathione and lipid metabolism, potentially associated with the  regulation of the xCT-GSH-GPX4 and AMPK-ACC-ACSL4 pathways. While these findings  support a protective role for taurine and a possible link between ferroptosis and  DMA, further functional studies are needed to confirm causality and assess the  compound's translational potential. This study provides initial in vivo evidence  implicating ferroptosis in DMA and highlights taurine as a promising candidate  for future therapeutic exploration.",2025,"Antioxidants (Basel, Switzerland)",9,mice; muscle atrophy; protein; immobilization; mass
TWEAK/Fn14 Signaling Axis Mediates Skeletal Muscle Atrophy and Metabolic Dysfunction.,"Tumor necrosis factor-like weak inducer of apoptosis (TWEAK) through binding to its receptor fibroblast growth factor inducible 14 (Fn14) has been shown to  regulate many cellular responses including proliferation, differentiation,  apoptosis, inflammation, and fibrosis, under both physiological and pathological  conditions. Emerging evidence suggests that TWEAK is also a major muscle wasting  cytokine. TWEAK activates nuclear factor-κB signaling and proteolytic pathways  such as ubiquitin-proteasome system, autophagy, and caspases to induce muscle  proteolysis in cultured myotubes. Fn14 is dormant or expressed in minimal amounts  in normal healthy muscle. However, specific atrophic conditions, such as  denervation, immobilization, and starvation stimulate the expression of Fn14  leading to activation of TWEAK/Fn14 signaling and eventually skeletal muscle  atrophy. TWEAK also causes slow- to fast-type fiber transition in skeletal  muscle. Furthermore, recent studies suggest that TWEAK diminishes mitochondrial  content and represses skeletal muscle oxidative phosphorylation capacity. TWEAK  mediates these effects through affecting the expression of a number of genes and  microRNAs. In this review article, we have discussed the recent advancements  toward understanding the role and mechanisms of action of TWEAK/Fn14 signaling in  skeletal muscle with particular reference to different models of atrophy and  oxidative metabolism.",2014,Frontiers in immunology,7,skeletal; skeletal muscle; muscle atrophy; protein; role
Mechanisms for fiber-type specificity of skeletal muscle atrophy.,"PURPOSE OF REVIEW: There are a variety of pathophysiologic conditions that are known to induce skeletal muscle atrophy. However, muscle wasting can occur  through multiple distinct signaling pathways with differential sensitivity  between selective skeletal muscle fiber subtypes. This review summarizes some of  the underlying molecular mechanisms responsible for fiber-specific muscle mass  regulation. RECENT FINDINGS: Peroxisome proliferator-activated receptor gamma  coactivator 1-alpha protects slow-twitch oxidative fibers from  denervation/immobilization (disuse)-induced muscle atrophies. Nutrient-related  muscle atrophies, such as those induced by cancer cachexia, sepsis, chronic heart  failure, or diabetes, are largely restricted to fast-twitch glycolytic fibers, of  which the underlying mechanism is usually related to abnormality of protein  degradation, including proteasomal and lysosomal pathways. In contrast, nuclear  factor kappaB activation apparently serves a dual function by inducing both  fast-twitch fiber atrophy and slow-twitch fiber degeneration. SUMMARY:  Fast-twitch glycolytic fibers are more vulnerable than slow-twitch oxidative  fibers under a variety of atrophic conditions related to signaling transduction  of Forkhead box O family, autophagy inhibition, transforming growth factor beta  family, and nuclear factor-kappaB. The resistance of oxidative fibers may result  from the protection of peroxisome proliferator-activated receptor gamma  coactivator 1-alpha.",2013,Current opinion in clinical nutrition and metabolic care,7,skeletal; skeletal muscle; muscle atrophy; protein; role
The Role of Exercise and TFAM in Preventing Skeletal Muscle Atrophy.,"Skeletal muscle atrophy is the consequence of protein degradation exceeding protein synthesis. This arises for a multitude of reasons including the unloading  of muscle during microgravity, post-surgery bedrest, immobilization of a limb  after injury, and overall disuse of the musculature. The development of therapies  prior to skeletal muscle atrophy settings to diminish protein degradation is  scarce. Mitochondrial dysfunction is associated with skeletal muscle atrophy and  contributes to the induction of protein degradation and cell apoptosis through  increased levels of ROS observed with the loss of organelle function. ROS binds  mtDNA, leading to its degradation and decreasing functionality. Mitochondrial  transcription factor A (TFAM) will bind and coat mtDNA, protecting it from ROS  and degradation while increasing mitochondrial function. Exercise stimulates cell  signaling pathways that converge on and increase PGC-1α, a well-known activator  of the transcription of TFAM and mitochondrial biogenesis. Therefore, in the  present review we are proposing, separately, exercise and TFAM treatments prior  to atrophic settings (muscle unloading or disuse) alleviate skeletal muscle  atrophy through enhanced mitochondrial adaptations and function. Additionally, we  hypothesize the combination of exercise and TFAM leads to a synergistic effect in  targeting mitochondrial function to prevent skeletal muscle atrophy. J. Cell.  Physiol. 232: 2348-2358, 2017. © 2016 The Authors. Journal of Cellular Physiology  Published by © 2016 Wiley Periodicals, Inc.",2017,Journal of cellular physiology,3,mitochondrial; ros; pgc1α; disuse; mitophagy
From aging to space: A comparative biology of skeletal muscle degeneration.,"Sarcopenia, the progressive loss of skeletal muscle mass and function with age, represents a major clinical concern, particularly in the context of disuse and  unloading conditions such as simulated microgravity. This review explores the  molecular, cellular, and physiological responses of skeletal muscle to simulated  microgravity and compares them with those observed during aging-associated  sarcopenia. A central focus is placed on impaired excitation-contraction  coupling, altered calcium homeostasis, and dysregulation of signalling pathways  critical for muscle maintenance. Simulated microgravity induces rapid suppression  of the IGF-1/Akt/mTOR axis, activation of FOXO-mediated proteolysis, and  mitochondrial dysfunction via AMPK-PGC-1α inhibition, paralleling but  accelerating the trajectory observed with aging. Unique to the effects of  simulated microgrvity is the early upregulation and partial reversibility of  myostatin-Smad signalling and autophagy activation, which diverge in pattern and  timing from aging. Additionally, mechanotransduction pathways such as YAP/TAZ and  redox-sensitive systems like NRF2 respond differently in simulated microgravity  and sarcopenia. We further highlight the emerging role of neuromuscular junction  (NMJ) instability, fiber-type switching, and nuclear calcium signalling in both  contexts, emphasizing their contribution to excitation-transcription coupling and  long-term muscle adaptation. The insights from simulated microgravity models not  only deepen our mechanistic understanding of sarcopenia but also offer a  controlled platform to explore interventions. By delineating the overlapping and  distinct molecular signatures of disuse-induced and age-related muscle loss, this  review provides a foundation for developing targeted countermeasures for muscle  atrophy in both clinical and spaceflight settings.",2026,Biochimica et biophysica acta. Molecular basis of disease,6,microgravity; space; spaceflight; simulated; mitochondrial
FoxO transcription factors: their roles in the maintenance of skeletal muscle homeostasis.,"Forkhead box class O family member proteins (FoxOs) are highly conserved transcription factors with important roles in cellular homeostasis. The four FoxO  members in humans, FoxO1, FoxO3, FoxO4, and FoxO6, are all expressed in skeletal  muscle, but the first three members are the most studied in muscle. In this  review, we detail the multiple modes of FoxO regulation and discuss the central  role of these proteins in the control of skeletal muscle plasticity. FoxO1 and  FoxO3 are key factors of muscle energy homeostasis through the control of  glycolytic and lipolytic flux, and mitochondrial metabolism. They are also key  regulators of protein breakdown, as they modulate the activity of several actors  in the ubiquitin–proteasome and autophagy–lysosomal proteolytic pathways,  including mitochondrial autophagy, also called mitophagy. FoxO proteins have also  been implicated in the regulation of the cell cycle, apoptosis, and muscle  regeneration. Depending of their activation level, FoxO proteins can exhibit  ambivalent functions. For example, a basal level of FoxO factors is necessary for  cellular homeostasis and these proteins are required for adaptation to exercise.  However, exacerbated activation may occur in the course of several diseases,  resulting in metabolic disorders and atrophy. A better understanding of the  precise functions of these transcriptions factors should thus lead to the  development of new therapeutic approaches to prevent or limit the muscle wasting  that prevails in numerous pathological states, such as immobilization, denervated  conditions, neuromuscular disease, aging, AIDS, cancer, and diabetes.",2014,Cellular and molecular life sciences : CMLS,4,wasting; muscle wasting; sarcopenia; loss; understanding
Role of calpains in promoting desmin filaments depolymerization and muscle atrophy.,"Muscle atrophy is an inevitable sequel of fasting, denervation, aging, exposure to microgravity, and many human diseases including, cancer, type-2 diabetes, and  renal failure. During atrophy the destruction of the muscle's fundamental  contractile machinery, the myofibrils, is accelerated leading to a reduction in  muscle mass, weakness, frailty, and physical disability. Recent findings indicate  that atrophy can be a major cause of death in affected individuals, and  inhibition of muscle wasting is likely to prolong survival. Major advances in our  understanding of the mechanisms for myofibril breakdown in atrophy include the  discovery of biological pathways and key components that play prominent roles. On  fasting or denervation, degradation of myofibrillar proteins requires an initial  dissociation of the desmin cytoskeleton, whose integrity is critical for  myofibril stability. This loss of desmin filaments involves phosphorylation,  ubiquitination, and subsequent depolymerization by calpain-1, and appears to  reduce myofibrils integrity and facilitate their destruction. Consequently,  depolymerization of desmin filament in atrophy seems to be an early key event for  overall proteolysis. A focus of this review is to discuss these new insights and  the specific role of calpain-1 in promoting desmin filaments loss, and to  highlight important key questions that merit further study.",2020,Biochimica et biophysica acta. Molecular cell research,4,wasting; muscle wasting; sarcopenia; loss; understanding
Acetylation and deacetylation--novel factors in muscle wasting.,"We review recent evidence that acetylation and deacetylation of cellular proteins, including transcription factors and nuclear cofactors, may be involved  in the regulation of muscle mass. The level of protein acetylation is balanced by  histone acetyltransferases (HATs) and histone deacetylases (HDACs) and studies  suggest that this balance is perturbed in muscle wasting. Hyperacetylation of  transcription factors and nuclear cofactors regulating gene transcription in  muscle wasting may influence muscle mass. In addition, hyperacetylation may  render proteins susceptible to degradation by different mechanisms, including  intrinsic ubiquitin ligase activity exerted by HATs and by dissociation of  proteins from cellular chaperones. In recent studies, inhibition of p300/HAT  expression and activity and stimulation of SIRT1-dependent HDAC activity reduced  glucocorticoid-induced catabolic response in skeletal muscle, providing further  evidence that hyperacetylation plays a role in muscle wasting. It should be  noted, however, that although several studies advocate a role of hyperacetylation  in muscle wasting, apparently contradictory results have also been reported. For  example, muscle atrophy caused by denervation or immobilization may be associated  with reduced, rather than increased, protein acetylation. In addition, whereas  hyperacetylation results in increased degradation of certain proteins, other  proteins may be stabilized by increased acetylation. Thus, the role of  acetylation and deacetylation in the regulation of muscle mass may be both  condition- and protein-specific. The influence of HATs and HDACs on the  regulation of muscle mass, as well as methods to modulate protein acetylation, is  an important area for continued research aimed at preventing and treating muscle  wasting.",2013,Metabolism: clinical and experimental,4,wasting; muscle wasting; sarcopenia; loss; understanding
Alverine citrate promotes myogenic differentiation and ameliorates muscle atrophy.,"Sarcopenia is the age-related loss of muscle mass and function and no pharmacological medication has been approved for its treatment. We established an  atrogin-1/MAFbx promoter assay to find drug candidates that inhibit myotube  atrophy. Alverine citrate (AC) was identified using high-throughput screening of  an existing drug library. AC is an established medicine for stomach and  intestinal spasms. AC treatment increased myotube diameter and inhibited atrophy  signals induced by either C26-conditioned medium or dexamethasone in cultured  C2C12 myoblasts. AC also enhanced myoblast fusion through the upregulation of  fusion-related genes during C2C12 myoblast differentiation. Oral administration  of AC improves muscle mass and physical performance in aged mice, as well as  hindlimb-disused mice. Taken together, our data suggest that AC may be a novel  therapeutic candidate for improving muscle weakness, including sarcopenia.",2022,Biochemical and biophysical research communications,9,mice; muscle atrophy; protein; immobilization; mass
Probiotic-Derived Extracellular Vesicles Attenuate Sarcopenia via Muscle Regeneration.,"Postbiotic extracellular vesicles (EVs) secreted by lactic acid bacteria (LAB) have emerged as bioactive components with therapeutic potential. However, their  efficacy in mitigating muscle atrophy remains unexplored. This study investigated  the muscle-protective effects of postbiotic EVs derived from the probiotic  Lentilactobacillus kefiri DH5 (DH5-EVs) in both palmitic acid (PA)-induced muscle  atrophy in C2C12 cells and a hindlimb immobilization (HI) mouse model of  sarcopenia. Biochemical characterization confirmed that DH5-EVs exhibited typical  features of bacterial EVs, including protein bands in the 40-50 kDa range and a  negative zeta potential. Proteomic analysis identified functional proteins such  as GAPDH, arginine deiminase, and surface-layer protein with CBS domains, which  are implicated in anti-inflammatory signaling and metabolic regulation. DH5-EVs  significantly restored myotube integrity and upregulated Igf-1 expression in  PA-treated cells. In HI mice, DH5-EV administration significantly improved grip  strength, increased muscle mass, elevated MyoD expression, and reduced Atrogin-1  gene expression, with effects comparable to those of creatine administration.  These findings suggest that DH5-derived EVs enhance muscle regeneration and  function, offering a promising postbiotic strategy for muscle health. Moreover,  these work provides mechanistic insights and supports the development of EV-based  interventions for sarcopenia.",2025,Journal of food science,9,mice; muscle atrophy; protein; immobilization; mass
Beta-lapachone attenuates immobilization-induced skeletal muscle atrophy in mice.,"Skeletal muscle atrophy reduces quality of life and increases morbidity and mortality in patients with chronic conditions. Oxidative stress is a key factor  contributing to skeletal muscle atrophy by altering both protein synthesis and  protein degradation pathways. Beta-lapachone (Beta-L) is known to act as a  pro-oxidant in cancer cells but suppresses oxidative stress in normal cells and  tissues. In the present study, we examined whether Beta-L (100 mg/kg body weight)  prevents immobilization-induced skeletal muscle atrophy in male C57BL/6N mice.  Skeletal muscle atrophy was induced by immobilization of left hindlimbs for two  weeks, and right hindlimbs were used as controls. The muscle weights of  gastrocnemius (0.132 ± 0.003 g vs. 0.115 ± 0.003 g in Beta-L and SLS,  respectively, p < 0.01) and tibialis anterior (0.043 ± 0.001 vs. 0.027 ± 0.002 in  Beta-L and SLS, respectively, p < 0.001) were significantly heavier in  Beta-L-treated mice than that in SLS-treated mice in immobilization group, which  was accompanied by improved skeletal muscle function as tested by treadmill  exhaustion and grip strength test. Immobilization increased H(2)O(2) levels,  while Beta-L treatment normalized such levels (1.6 ± 0.16 μM vs. 2.7 ± 0.44 μM in  Beta-L and vehicle, respectively, p < 0.05). Oxidative stress makers were also  normalized by Beta-L treatment. Protein synthesis signaling pathways were  unaltered in the case of both immobilization and Beta-L treatment. However,  protein catabolic, ubiquitin-proteasomal, and autophagy-lysosomal pathways were  stimulated by immobilization and were normalized by Beta-L treatment.  Upregulation of transforming growth factor β and Smad 2/3 after immobilization  was significantly diminished by Beta-L treatment. These results suggest that  Beta-L attenuates the loss of muscle weight and function induced by  immobilization through suppression of oxidative stress.",2019,Experimental gerontology,9,mice; muscle atrophy; protein; immobilization; mass
Undercarboxylated osteocalcin and ibandronate combination ameliorates hindlimb immobilization-induced muscle wasting.,"Immobilization leads to muscle wasting and insulin resistance, particularly during ageing. It has been suggested that undercarboxylated osteocalcin (ucOC)  improves muscle mass and glucose metabolism. Bisphosphonates, an  anti-osteoporosis treatment, might protect muscle wasting independent of ucOC. We  hypothesize that the combination of ucOC and ibandronate (IBN) treatments has  superior protective effects against immobilization-induced muscle wasting and  insulin resistance than either treatment alone. C57BL/6J mice were  hindlimb-immobilized for two weeks, with injections of vehicle, ucOC (90 ng/g  daily) and/or IBN (2 μg/g weekly). Insulin/oral glucose tolerance tests  (ITT/OGTT) were performed. Immediately after immobilization, muscles (extensor  digitorum longus (EDL), soleus, tibialis anterior, gastrocnemius and quadriceps)  were isolated and measured for muscle mass. Insulin-stimulated glucose uptake  (EDL and soleus) was examined. Phosphorylation/expression of proteins in  anabolic/catabolic pathways were examined in quadriceps. Primary human myotubes  derived from older adult muscle biopsies were treated with ucOC and/or IBN, then  signalling proteins were analysed. Combined treatment, but not individual  treatments, significantly increased the muscle weight/body weight ratio in  immobilized soleus (31.7%; P = 0.013) and quadriceps (20.0%; P = 0.0008) muscles,  concomitant with elevated p-Akt (S473)/Akt ratio (P = 0.0047). Combined treatment  also enhanced whole-body glucose tolerance (16.6%; P = 0.0011). In human  myotubes, combined treatment stimulated greater activation of ERK1/2 (P = 0.0067  and 0.0072) and mTOR (P = 0.036), and led to a lesser expression of Fbx32  (P = 0.049) and MuRF1 (P = 0.048) than individual treatments. These findings  suggest a potential therapeutic role for the ucOC and bisphosphonates combination  in protecting against muscle wasting induced by immobilization and ageing. KEY  POINTS: It has been suggested that undercarboxylated osteocalcin (ucOC) improves  muscle mass and glucose metabolism. Bisphosphonates, an anti-osteoporosis  treatment, might protect against muscle wasting independent of ucOC. The  combination treatment of ucOC and ibandronate was shown to exert a greater  therapeutic effect against immobilization-induced muscle wasting, and led to  greater activation of anabolic pathway and less expression of catabolic  signalling proteins in myotubes derived from older adults, compared with  individual treatments. The combination treatment was found to improve whole-body  glucose tolerance. Our findings suggest a potential therapeutic role for the ucOC  and bisphosphonates combination in protecting against muscle wasting induced by  immobilization and ageing.",2023,The Journal of physiology,4,wasting; muscle wasting; sarcopenia; loss; understanding
VDR regulates simulated microgravity-induced atrophy in C2C12 myotubes.,"Muscle wasting is a major problem leading to reduced quality of life and higher risks of mortality and various diseases. Muscle atrophy is caused by multiple  conditions in which protein degradation exceeds its synthesis, including disuse,  malnutrition, and microgravity. While Vitamin D receptor (VDR) is well known to  regulate calcium and phosphate metabolism to maintain bone, recent studies have  shown that VDR also plays roles in skeletal muscle development and homeostasis.  Moreover, its expression is upregulated in muscle undergoing atrophy as well as  after muscle injury. Here we show that VDR regulates simulated  microgravity-induced atrophy in C2C12 myotubes in vitro. After 8 h of  microgravity simulated using 3D-clinorotation, the VDR-binding motif was  associated with chromatin regions closed by the simulated microgravity and  enhancer regions inactivated by it, which suggests VDR mediates repression of  enhancers. In addition, VDR was induced and translocated into the nuclei in  response to simulated microgravity. VDR-deficient C2C12 myotubes showed  resistance to simulated microgravity-induced atrophy and reduced induction of  FBXO32, an atrophy-associated ubiquitin ligase. These results demonstrate that  VDR contributes to the regulation of simulated microgravity-induced atrophy at  least in part by controlling expression of atrophy-related genes.",2022,Scientific reports,6,microgravity; space; spaceflight; simulated; mitochondrial
Mitochondrial health and muscle plasticity after spinal cord injury.,"Mitochondria are responsible for aerobic respiration and large-scale ATP production in almost all cells of the body. Their function is decreased in many  neurodegenerative and cardiovascular disease states, in metabolic disorders such  as type II diabetes and obesity, and as a normal component of aging. Disuse of  skeletal muscle from immobilization or unloading triggers alterations of  mitochondrial density and activity. Resultant mitochondrial dysfunction after  paralysis, which precedes muscle atrophy, may augment subsequent release of  reactive oxygen species leading to protein ubiquitination and degradation. Spinal  cord injury is a unique form of disuse atrophy as there is a complete or partial  disruption in tonic communication between the central nervous system (CNS) and  skeletal muscle. Paralysis, unloading and disruption of CNS communication result  in a rapid decline in skeletal muscle function and metabolic status with  disruption in activity of peroxisome-proliferator-activated receptor-gamma  co-activator 1 alpha and calcineurin, key regulators of mitochondrial health and  function. External interventions, both acute and chronical with training using  body-weight-assisted treadmill training or electrical stimulation have  consistently demonstrated adaptations in skeletal muscle mitochondria, and  expression of the genes and proteins required for mitochondrial oxidation of fats  and carbohydrates to ATP, water, and carbon dioxide. The purpose of this  mini-review is to highlight our current understanding as to how paralysis  mechanistically triggers downstream regulation in mitochondrial density and  activity and to discuss how mitochondrial dysfunction may contribute to skeletal  muscle atrophy.",2019,European journal of applied physiology,3,mitochondrial; ros; pgc1α; disuse; mitophagy
Functions and Therapeutic Potentials of Long Noncoding RNA in Skeletal Muscle Atrophy and Dystrophy.,"Skeletal muscle is the most abundant tissue in the human body and is responsible for movement, metabolism, energy production and longevity. Muscle atrophy is a  frequent complication of several diseases and occurs when protein degradation  exceeds protein synthesis. Genetics, ageing, nerve injury, weightlessness,  cancer, chronic diseases, the accumulation of metabolic byproducts and other  stimuli can lead to muscle atrophy. Muscular dystrophy is a neuromuscular  disorder, part of which is caused by the deficiency of dystrophin protein and is  mostly related to genetics. Muscle atrophy and muscular dystrophy are accompanied  by dynamic changes in transcriptomic, translational and epigenetic regulation.  Multiple signalling pathways, such as the transforming growth factor-β (TGF-β)  signalling pathway, the phosphatidylinositol 3-kinase (PI3K)/protein kinase B  (AKT)/mechanistic target of rapamycin (mTOR) pathway, inflammatory signalling  pathways, neuromechanical signalling pathways, endoplasmic reticulum stress and  glucocorticoids signalling pathways, regulate muscle atrophy. A large number of  long noncoding RNAs (lncRNAs) have been found to be abnormally expressed in  atrophic muscles and dystrophic muscles and regulate the balance of muscle  protein synthesis and degradation or dystrophin protein expression. These lncRNAs  may serve as potential targets for treating muscle atrophy and muscular  dystrophy. In this review, we summarized the known lncRNAs related to muscular  dystrophy and muscle atrophy induced by denervation, ageing, weightlessness,  cachexia and abnormal myogenesis, along with their molecular mechanisms. Finally,  we explored the potential of using these lncRNAs as therapeutic targets for  muscle atrophy and muscular dystrophy, including the methods of discovery and  clinical application prospects for functional lncRNAs.",2025,"Journal of cachexia, sarcopenia and muscle",7,skeletal; skeletal muscle; muscle atrophy; protein; role
Mitochondrial dysfunction induces muscle atrophy during prolonged inactivity: A review of the causes and effects.,"Prolonged skeletal muscle inactivity (e.g. limb immobilization, bed rest, mechanical ventilation, spinal cord injury, etc.) results in muscle atrophy that  manifests into a decreased quality of life and in select patient populations, a  higher risk of morbidity and mortality. Thus, understanding the processes that  contribute to muscle atrophy during prolonged periods of muscle disuse is an  important area of research. In this regard, mitochondrial dysfunction has been  directly linked to the muscle wasting that occurs during extended periods of  skeletal muscle inactivity. While the concept that mitochondrial dysfunction  contributes to disuse muscle atrophy has been contemplated for nearly 50 years,  the mechanisms connecting mitochondrial signaling events to skeletal muscle  atrophy remained largely unexplained until recently. Indeed, emerging evidence  reveals that mitochondrial dysfunction and the associated mitochondrial signaling  events are a requirement for several forms of inactivity-induced skeletal muscle  atrophy. Specifically, inactivity-induced alterations in skeletal muscle  mitochondria phenotype and increased ROS emission, impaired Ca(2+) handling, and  release of mitochondria-specific proteolytic activators are established  occurrences that promote fiber atrophy during prolonged periods of muscle  inactivity. This review highlights the evidence that directly connects  mitochondrial dysfunction and aberrant mitochondrial signaling with skeletal  muscle atrophy and discusses the mechanisms linking these interconnected  phenomena.",2019,Archives of biochemistry and biophysics,3,mitochondrial; ros; pgc1α; disuse; mitophagy
Therapeutic Consequences of Targeting the IGF-1/PI3K/AKT/FOXO3 Axis in Sarcopenia: A Narrative Review.,"The high prevalence of sarcopenia in an aging population has an underestimated impact on quality of life by increasing the risk of falls and subsequent  hospitalization. Unfortunately, the application of the major established key  therapeutic-physical activity-is challenging in the immobile and injured  sarcopenic patient. Consequently, novel therapeutic directions are needed. The  transcription factor Forkhead-Box-Protein O3 (FOXO3) may be an option, as it and  its targets have been observed to be more highly expressed in sarcopenic muscle.  In such catabolic situations, Foxo3 induces the expression of two muscle specific  ubiquitin ligases (Atrogin-1 and Murf-1) via the PI3K/AKT pathway. In this  review, we particularly evaluate the potential of Foxo3-targeted gene therapy.  Foxo3 knockdown has been shown to lead to increased muscle cross sectional area,  through both the AKT-dependent and -independent pathways and the reduced impact  on the two major downstream targets Atrogin-1 and Murf-1. Moreover, a Foxo3  reduction suppresses apoptosis, activates satellite cells, and initiates their  differentiation into muscle cells. While this indicates a critical role in muscle  regeneration, this mechanism might exhaust the stem cell pool, limiting its  clinical applicability. As systemic Foxo3 knockdown has also been associated with  risks of inflammation and cancer progression, a muscle-specific approach would be  necessary. In this review, we summarize the current knowledge on Foxo3 and  conceptualize a specific and targeted therapy that may circumvent the drawbacks  of systemic Foxo3 knockdown. This approach presumably would limit the side  effects and enable an activity-independent positive impact on skeletal muscle.",2023,Cells,4,wasting; muscle wasting; sarcopenia; loss; understanding
The role of adipose tissue in critical illness-induced skeletal muscle wasting-new considerations for treatment approaches.,"Critical illness-induced muscle wasting is associated with poor in-hospital and long-term outcomes, but prevention strategies are lacking. Critical illness  elicits muscle wasting through upregulation of protein degradation and  downregulation of protein synthesis via primary (i.e., modulation of  ubiquitin-proteasome, autophagy-lysosome, calpain, and caspase-3 pathways) and  secondary (i.e., bed rest/disuse, nutritional modulation, and accumulation of  cellular damage) mechanisms. However, therapeutic targeting of these skeletal  muscle mechanisms has not advanced the prevention of critical illness-induced  muscle wasting, which may require exploring the roles of other peripheral organs.  For example, recent research has demonstrated positive associations between  whole-body adipose tissue mass, maintenance of muscle mass, and lower mortality  rates in critically ill patients. However, having excess adiposity is often  associated with impaired skeletal muscle remodeling due to blunted anabolic  signaling, which has been tied to insulin resistance, lipid accumulation, and  inflammation. Thus, the positive association between adiposity and beneficial  outcomes in critical illness is paradoxical. This may be explained, at least  partially, by an incomplete understanding of the processes by which adipose  tissue influences skeletal muscle health and function in the context of critical  illness. This review highlights the current evidence and key questions that  warrant further investigations to improve understanding of the relationship  between adipose tissue and skeletal muscle health. This knowledge may then be  leveraged to facilitate new therapeutic approaches aimed at improving skeletal  muscle health and functional outcomes in patients with critical illness.",2025,"Journal of applied physiology (Bethesda, Md. : 1985)",4,wasting; muscle wasting; sarcopenia; loss; understanding
The mechanisms and treatments of muscular pathological changes in immobilization-induced joint contracture: A literature review.,"The clinical treatment of joint contracture due to immobilization remains difficult. The pathological changes of muscle tissue caused by  immobilization-induced joint contracture include disuse skeletal muscle atrophy  and skeletal muscle tissue fibrosis. The proteolytic pathways involved in disuse  muscle atrophy include the ubiquitin-proteasome-dependent pathway, caspase system  pathway, matrix metalloproteinase pathway, Ca(2+)-dependent pathway and  autophagy-lysosomal pathway. The important biological processes involved in  skeletal muscle fibrosis include intermuscular connective tissue thickening  caused by transforming growth factor-β1 and an anaerobic environment within the  skeletal muscle leading to the induction of hypoxia-inducible factor-1α. This  article reviews the progress made in understanding the pathological processes  involved in immobilization-induced muscle contracture and the currently available  treatments. Understanding the mechanisms involved in immobilization-induced  contracture of muscle tissue should facilitate the development of more effective  treatment measures for the different mechanisms in the future.",2019,Chinese journal of traumatology = Zhonghua chuang shang za zhi,7,skeletal; skeletal muscle; muscle atrophy; protein; role
Red Bean Extract Inhibits Immobilization-Induced Muscle Atrophy in C57BL/6N Mice.,"Muscle atrophy, which is characterized by a decrease in muscle mass, function, and protein content, can be caused by aging, disease, and physical inactivity.  Red bean or Adzuki bean (Vigna angularis) has been consumed as an edible legume.  Red bean possesses various functional properties, such as antidiabetes,  antiaging, anti-inflammatory, anticancer, and hepatoprotective activities.  However, little is known about its potential inhibitory effect on muscle atrophy.  In this study, we investigated the inhibitory effect of red bean extract (RBE) on  muscle atrophy in an immobilized hindlimb muscle of C57BL/6J mice. RBE  dose-dependently increased grip strength, exercise endurance, muscle weight, and  myofiber area. At the molecular level, RBE significantly reduced the mRNA  expression of proteolysis-related genes, such as muscle ring finger and muscle  atrophy F-box by preventing the translocation of Forkhead box 3. RBE also  activated the phosphatidylinositol 3 kinase/Akt pathway, subsequently stimulating  the mammalian target of rapamycin/70-kDa ribosomal protein S6 kinase/eukaryotic  initiation factor 4E binding protein 1 pathway involved in protein synthesis.  Overall, red bean could be used as a functional food ingredient or therapeutic  agent to inhibit muscle atrophy.",2020,Journal of medicinal food,9,mice; muscle atrophy; protein; immobilization; mass
How Postural Muscle Senses Disuse? Early Signs and Signals.,"A mammalian soleus muscle along with other ""axial"" muscles ensures the stability of the body under the Earth's gravity. In rat experiments with hindlimb  suspension, zero-gravity parabolic flights as well as in human dry immersion  studies, a dramatic decrease in the electromyographic (EMG) activity of the  soleus muscle has been repeatedly shown. Most of the motor units of the soleus  muscle convert from a state of activity to a state of rest which is longer than  under natural conditions. And the state of rest gradually converts to the state  of disuse. This review addresses a number of metabolic events that characterize  the earliest stage of the cessation of the soleus muscle contractile activity.  One to three days of mechanical unloading are accompanied by energy-dependent  dephosphorylation of AMPK, accumulation of the reactive oxygen species, as well  as accumulation of resting myoplasmic calcium. In this transition period, a rapid  rearrangement of the various signaling pathways occurs, which, primarily, results  in a decrease in the rate of protein synthesis (primarily via inhibition of  ribosomal biogenesis and activation of endogenous inhibitors of mRNA translation,  such as GSK3β) and an increase in proteolysis (via upregulation of  muscle-specific E3-ubiquitin ligases).",2020,International journal of molecular sciences,2,soleus; hs; soleus muscle; unloading; rats
TLR2 deficiency attenuates skeletal muscle atrophy in mice.,"Oxidative stress and inflammation are associated with skeletal muscle atrophy. Because the activation of toll-like receptor (TLR) 2 induces oxidative stress and  inflammation, TLR2 may be directly linked to skeletal muscle atrophy. This study  examined the role of TLR2 in skeletal muscle atrophy in wild-type (WT) and TLR2  knockout (KO) mice. Immobilization for 2 weeks increased the expression of  cytokine genes and the levels of carbonylated proteins and nitrotyrosine in the  skeletal muscle, but these increases were lower in the TLR2 KO mice. Muscle  weight loss and a reduction in treadmill running times induced by immobilization  were also attenuated in TLR2 KO mice. Furthermore, immobilization increased the  protein levels of forkhead box O 1/3, atrogin-1 and muscle ring finger 1 in the  WT mice, which was attenuated in TLR2 KO mice. In addition,  immobilization-associated increases in ubiquitinated protein levels were lower in  the TLR2 KO mice. Immobilization increased the phosphorylation of Akt and p70S6K  similarly in WT and KO mice. Furthermore, cardiotoxin injection into the skeletal  muscle increased the protein levels of atrogin-1, interleukin-6, and  nitrotyrosine and increased the levels of ubiquitinated proteins, although these  levels were increased to a lesser extent in TLR2 KO mice. These results suggest  that TLR2 is involved in skeletal muscle atrophy, and the inhibition of TLR2  offers a potential target for preventing skeletal muscle atrophy.",2015,Biochemical and biophysical research communications,9,mice; muscle atrophy; protein; immobilization; mass
Limosilactobacillus reuteri ATG-F4 Improves the Muscle Strength and Muscle Mass of Mice with Immobilization-Induced Muscular Atrophy.,"Probiotics offer a promising avenue for combating muscle atrophy, which is a debilitating condition associated with muscle disuse, aging, and disease. This  study investigated the anti-atrophic potential of Limosilactobacillus reuteri  ATG-F4, a human gut-derived bacterium, in a mouse model of staple-induced  immobilization. ATG-F4 administration significantly preserved muscle mass and  improved grip strength and endurance. Mechanistically, ATG-F4 activated mTOR  signaling and promoted protein synthesis. Additionally, ATG-F4 downregulated  MuRF1, a key atrophy factor. Furthermore, ATG-F4 administration significantly  altered the composition of the gut microbiota, favoring the presence of the  Muribaculaceae family and decreasing the abundance of Lachnospiraceae and  Lactobacillaceae. Administration of ATG-F4 increased serum levels of the  short-chain fatty acids (SCFAs) butyrate and acetate. SCFAs, which are produced  by bacterial fermentation in the gut, possess anti-inflammatory and beneficial  muscle properties and exert several effects on host metabolism and the immune  system. Therefore, we suggest that the potential mechanism underlying the  anti-atrophic effects of ATG-F4 on muscles involves the enhancement of muscle  protein synthesis, suppression of protein degradation, and modulation of the  gut-muscle axis. These findings highlight the potential of ATG-F4 as a  prophylactic or therapeutic agent for the treatment of muscle atrophy.",2025,Journal of microbiology and biotechnology,9,mice; muscle atrophy; protein; immobilization; mass
Mitochondrial signaling contributes to disuse muscle atrophy.,"It is well established that long durations of bed rest, limb immobilization, or reduced activity in respiratory muscles during mechanical ventilation results in  skeletal muscle atrophy in humans and other animals. The idea that mitochondrial  damage/dysfunction contributes to disuse muscle atrophy originated over 40 years  ago. These early studies were largely descriptive and did not provide unequivocal  evidence that mitochondria play a primary role in disuse muscle atrophy. However,  recent experiments have provided direct evidence connecting mitochondrial  dysfunction to muscle atrophy. Numerous studies have described changes in  mitochondria shape, number, and function in skeletal muscles exposed to prolonged  periods of inactivity. Furthermore, recent evidence indicates that increased  mitochondrial ROS production plays a key signaling role in both  immobilization-induced limb muscle atrophy and diaphragmatic atrophy occurring  during prolonged mechanical ventilation. Moreover, new evidence reveals that,  during denervation-induced muscle atrophy, increased mitochondrial fragmentation  due to fission is a required signaling event that activates the AMPK-FoxO3  signaling axis, which induces the expression of atrophy genes, protein breakdown,  and ultimately muscle atrophy. Collectively, these findings highlight the  importance of future research to better understand the mitochondrial signaling  mechanisms that contribute to disuse muscle atrophy and to develop novel  therapeutic interventions for prevention of inactivity-induced skeletal muscle  atrophy.",2012,American journal of physiology. Endocrinology and metabolism,3,mitochondrial; ros; pgc1α; disuse; mitophagy
Plasminogen deficiency exacerbates skeletal muscle loss during mechanical unloading in developing mice.,"Mechanical-unloading-induced skeletal muscle atrophy results in physical frailty and disability. Elucidating its mechanism is required to establish effective  countermeasures for this muscle adaptation. First, we analyzed the proteome  profile in the gastrocnemius (Gast) and soleus muscles of space-flown mice raised  under microgravity or artificial 1-g for 30 days, and found that the expression  levels of fibrinolysis-related proteins were significantly elevated in the  mechanical-unloaded muscles. Next, we investigated the roles of the fibrinolytic  system in skeletal muscle atrophy induced by mechanical unloading on the ground.  Eight-week-old male mice with plasminogen gene deficiency (Plg(-/-)) and their  wild-type littermates were divided into control and hindlimb-suspended groups and  were raised for 21 days. Plasminogen deficiency significantly enhanced the  decrease in muscle mass at the lower limbs of mice following hindlimb unloading,  and the Gast muscle atrophy was more prominent in Plg(-/-) mice. In addition,  plasminogen deficiency significantly increased the expression of  autophagy-related markers, beclin1 mRNA and LC3B protein, in the  mechanical-unloaded Gast muscles, but did not affect the increase in the gene  expression of ubiquitin ligases, atrogin-1 and MuRF1. Neither plasminogen  deficiency nor hindlimb unloading affected the Akt/mechanistic target of  rapamycin pathway in the Gast muscles. These results suggested that plasminogen  deficiency might accelerate protein breakdown via the autophagy-lysosome, but not  the ubiquitin-proteasome, system in the mechanical-unloaded Gast muscles. In  conclusion, we first showed that plasminogen deficiency exacerbated the Gast  muscle atrophy in hindlimb-unloaded mice. Plasminogen and the fibrinolysis system  might play some protective roles against muscle atrophy induced by mechanical  unloading in developing mice.NEW & NOTEWORTHY The expression levels of  fibrinolysis-related proteins, including plasminogen, were significantly elevated  in the gastrocnemius (Gast) and soleus muscles of mice following 30-day  microgravity exposure. Plasminogen deficiency exacerbated atrophy of the Gast,  but not the soleus, muscles in mice following 21-day hindlimb suspension. It was  also suggested that protein breakdown via the autophagy-lysosome system was  accelerated in the Gast muscles. Plasminogen might play some protective roles  against muscle atrophy induced by mechanical unloading in developing mice.",2024,"Journal of applied physiology (Bethesda, Md. : 1985)",9,mice; muscle atrophy; protein; immobilization; mass
"Attenuation of skeletal muscle atrophy via acupuncture, electro-acupuncture, and electrical stimulation.","BACKGROUND: Accelerated skeletal muscle wasting is a shared trait among many pathologies and aging. Acupuncture has been used as a therapeutic intervention to  control pain; however, little is known about its effects on skeletal muscle  atrophy and function. The study's purpose was to compare the effects of  acupuncture, electro-acupuncture, and electrical stimulation on cast-induced  skeletal muscle atrophy. METHODS: Forty female Sprague Dawley rats were randomly  divided into groups: Control, casted (CAST), CAST+Acupuncture (CAST-A), 4)  CAST+Electro-acupuncture (CAST-EA), and CAST+Electrical stimulation (CAST-ES)  (n = 8). Plaster casting material was wrapped around the left hind limb.  Acupuncture and electro-acupuncture (10 Hz, 6.4 mA) treatments were applied by  needling acupoints (stomach-36 and gallbladder-34). Electrical stimulation  (10 Hz, 6.4 mA) was conducted by needling the lateral and medial gastrocnemius  muscles. Treatments were conducted for 15 min, three times/week for 14 days.  Muscle atrophy F-box (MAFbx), muscle RING finger 1 (MuRF1), and contractile  properties were assessed. RESULTS: Fourteen days of cast-immobilization decreased  muscle fiber CSA by 56% in the CAST group (p = 0.00); whereas, all treatment  groups demonstrated greater muscle fiber CSA than the CAST group (p = 0.00).  Cast-immobilization increased MAFbx and MuRF1 protein expression in the CAST  group (p<0.01) while the CAST-A, CAST-EA, and CAST-ES groups demonstrated lower  levels of MAFbx and MuRF1 protein expression (p<0.02) compared to the CAST group.  Following fourteen days of cast-immobilization, peak twitch tension did not  differ between the CAST-A and CON groups (p = 0.12). CONCLUSION: Skeletal muscle  atrophy, induced by 14 days of cast-immobilization, was significantly attenuated  by acupuncture, electro-acupuncture, or electrical stimulation.",2023,Integrative medicine research,8,group; immobilization; expression; protein; cast
Mitophagy is required to protect against excessive skeletal muscle atrophy following hindlimb immobilization.,"BACKGROUND: Skeletal muscle atrophy involves significant remodeling of fibers and is characterized by deficits in mitochondrial content and function. These changes  are intimately connected to shifts in mitochondrial turnover, encompassing  processes such as mitophagy and mitochondrial biogenesis. However, the role of  these mitochondrial turnover processes in muscle atrophy remains poorly  understood. METHODS: We used a novel mitophagy reporter model, mt-Keima mice, to  perform hindlimb immobilization and accurately measure mitophagy. A comprehensive  set of analyses were conducted to investigate biochemical and molecular changes  at the muscle and mitochondrial levels. We also performed image analyses to  determine mitophagic flux. To further explore the role of mitophagy in  immobilization-induced atrophy, we treated animals with N-acetylcysteine (NAC;  150 mg/kg/day) to modify reactive oxygen species (ROS) signaling and colchicine  (0.4 mg/kg/day) to inhibit autophagy. RESULTS: Our study revealed that hindlimb  immobilization leads to muscle weakness and atrophy of fast-twitch muscle fibers  (types IIA, IIX, and IIB), with recovery observed in IIA fibers following  remobilization. This atrophy was accompanied by a significant increase in  mitophagic flux. Additionally, immobilization induced notable mitochondrial  dysfunction, as shown by diminished respiration, increased mitochondrial ROS, and  greater whole muscle lipid peroxidation. Treatment of immobilized mice with NAC  enhanced mitochondrial respiration and reduced ROS generation but suppressed  mitophagic flux and intensified atrophy of type IIX and IIB fibers. Additionally,  administration of colchicine to immobilized mice suppressed mitophagic flux,  which also exacerbated atrophy of IIX and IIB fibers. Colchicine treatment led to  significant reductions in mitochondrial function, accompanied by CASP9 and CASP3  activation. CONCLUSION: These findings emphasize the role of mitophagy in  limiting excessive muscle atrophy during immobilization. Targeting mitophagy may  offer new strategies to preserve muscle function during prolonged periods of  immobilization.",2025,Journal of biomedical science,3,mitochondrial; ros; pgc1α; disuse; mitophagy
Muscle-specific activation of calpain system in hindlimb unloading rats and hibernating Daurian ground squirrels: a comparison between artificial and natural  disuse.,"To determine whether the regulation of calpain system is involved in non-hibernators and hibernators in disused condition, the soleus (SOL) and  extensor digitorum longus (EDL) muscles were used for investigating the muscle  mass, the ratio of muscle wet weight/body weight (MWW/BW), fiber-type  distribution, fiber cross-sectional area (CSA), and the protein expression of  MuRF1, calpain-1, calpain-2, calpastatin, desmin, troponin T, and troponin C in  hindlimb unloading rats and hibernating Daurian ground squirrels. The muscle  mass, MWW/BW, and fiber CSA were found significantly decreased in SOL and EDL of  hindlimb unloading rats, but unchanged in hibernating ground squirrels. The MuRF1  expression was increased in both SOL and EDL of unloading rats, while it was only  increased in SOL, but maintained in EDL of hibernating ground squirrels. The  expression levels of calpain-1 and calpain-2 were increased in different degrees  in unloaded SOL and EDL in rats, while they were maintained in EDL and even  reduced in SOL of hibernating ground squirrels. Besides, the expression of  calpastatin was decreased in unloaded rats, but increased in hibernating ground  squirrels. The desmin expression was decreased in unloaded rats, but maintained  in hibernating squirrels. Interestingly, the levels of troponin T and troponin C  were decreased in both SOL and EDL of unloaded rats, but increased in hibernating  ground squirrels with muscle-type specificity. In conclusion, differential  calpain activation and substrate-selective degradation in slow and fast muscles  are involved in the mechanisms of muscle atrophy of unloaded rats and remarkable  ability of muscle maintenance of hibernating ground squirrels.",2018,"Journal of comparative physiology. B, Biochemical, systemic, and environmental physiology",1,hu; expression; unloading; skeletal; skeletal muscle
ER Stress is Activated and Involved in Disuse-Induced Muscle Atrophy.,"BACKGROUND: Muscle atrophy resulting wholly or partially from disuse represents a serious medical complication that decreases quality of life and increases  morbidity and mortality. The accumulation of misfolded/unfolded proteins disrupts  endoplasmic reticulum (ER) homeostasis and thus causes ER stress. Growing  evidence indicates that ER stress plays an essential role in skeletal muscle  remodeling under various physiological or pathophysiological conditions. However,  whether ER stress is involved in disuse-induced muscle atrophy remains unclear.  METHODS: To induce muscle atrophy, 8-week-old C57BL/6JNifdc male mice were  subjected to 3, 7, or 14 days of hindlimb unloading (HU), and rhesus macaques  (Macaca mulatta) were subjected to 10∘ head-down tilted bed rest (HDBR) for 6  weeks. Tauroursodeoxycholic acid (TUDCA) (500 mg/kg/d) was orally administered to  mice during HU to inhibit ER stress. Quantitative PCR, Western blotting, and  immunohistochemistry were conducted to evaluate gene, protein, and structural  changes, respectively. RESULTS: ER stress marker genes were rapidly induced by HU  in a similar trend to that observed with atrophy-related genes such as Atrogin-1,  muscle RING finger 1 (MuRF1), and muscle ubiquitin ligase of SCF complex in  atrophy-1 (MUSA1). Inhibition of ER stress with TUDCA, a pan-ER stress inhibitor,  attenuated HU-induced muscle atrophy and the upregulation of ubiquitin ligases  via the AKT/forkhead box O3a pathway. In addition, the oxidative-to-glycolytic  myofiber type transition caused by HU was also inhibited by TUDCA treatment. ER  stress activation was also confirmed in HDBR-induced rhesus soleus muscle  atrophy. CONCLUSIONS: The strong positive correlation between ER stress  activation and both HU- and HDBR-induced muscle atrophy indicates that ER stress  activation is ubiquitously involved in disuse-induced muscle atrophy, regardless  of species. Thus, inhibiting ER stress may be an effective therapeutic strategy  to prevent muscle atrophy during disuse.",2023,Frontiers in bioscience (Landmark edition),1,hu; expression; unloading; skeletal; skeletal muscle
"High-Molecular-Weight Polyphenol-Rich Fraction of Black Tea Does Not Prevent Atrophy by Unloading, But Promotes Soleus Muscle Mass Recovery from Atrophy in  Mice.","Previously, we reported that polyphenol-rich fraction (named E80) promotes skeletal muscle hypertrophy induced by functional overload in mice. This study  indicates that E80 has potential for affecting skeletal muscle mass. Then, we  evaluate the effect of E80 on atrophic and recovery conditions of skeletal muscle  in mice. Hindlimb suspension (unloading) and relanding (reloading) are used  extensively to observe disuse muscle atrophy and subsequent muscle mass recovery  from atrophy. Eight-week old C57BL/6 mice were fed either a normal diet or a diet  containing 0.5% E80 for two weeks under conditions of hindlimb suspension and a  subsequent 5 or 10 days of reloading. We found that E80 administration did not  prevent atrophy during hindlimb suspension, but promoted recovery of slow-twitch  (soleus) muscle mass from atrophy induced by hindlimb suspension. After five days  of reloading, we discovered that phosphorylation of the Akt/mammalian target of  rapamycin (mTOR) pathway proteins, such as Akt and P70 ribosomal protein S6  kinase (S6K), was activated in the muscle. Therefore, E80 administration  accelerated mTOR signal and increased protein synthesis in the reloaded soleus  muscle.",2019,Nutrients,0,recovery; reloading; mass; muscle mass; mice
The central role of myostatin in skeletal muscle and whole body homeostasis.,"Myostatin is a powerful negative regulator of skeletal muscle mass in mammalian species. It plays a key role in skeletal muscle homeostasis and has now been well  described since its discovery. Myostatin is capable of inducing muscle atrophy  via its inhibition of myoblast proliferation, increasing ubiquitin-proteasomal  activity and downregulating activity of the IGF-Akt pathway. These  well-recognized effects are seen in multiple atrophy causing situations,  including injury, diseases such as cachexia, disuse and space flight,  demonstrating the importance of the myostatin signalling mechanism. Based on this  central role, significant work has been pursued to inhibit myostatin's actions in  vivo. Importantly, several new studies have uncovered roles for myostatin  distinct from skeletal muscle size. Myostatin has been suggested to play a role  in cardiomyocyte homeostasis, glucose metabolism and adipocyte proliferation, all  of which are examined in detail below. Based on these effects, myostatin  inhibition has potential to be widely utilized in many Western diseases such as  chronic obstructive pulmonary disease, type II diabetes and obesity. However, if  myostatin inhibitors are to successfully translate from bench-top to bedside in  the near future, awareness must be raised on these non-traditional effects of  myostatin away from skeletal muscle. Indeed, further research into these novel  areas is required.",2012,"Acta physiologica (Oxford, England)",7,skeletal; skeletal muscle; muscle atrophy; protein; role
"Fucosterol, a Phytosterol of Marine Algae, Attenuates Immobilization-Induced Skeletal Muscle Atrophy in C57BL/6J Mice.","The objective of this study was to examine whether fucosterol, a phytosterol of marine algae, could ameliorate skeletal muscle atrophy in tumor necrosis  factor-alpha (TNF-α)-treated C2C12 myotubes and in immobilization-induced  C57BL/6J mice. Male C57BL6J mice were immobilized for 1 week to induce skeletal  muscle atrophy. Following immobilization, the mice were administrated orally with  saline or fucosterol (10 or 30 mg/kg/day) for 1 week. Fucosterol significantly  attenuated immobilization-induced muscle atrophy by enhancing muscle strength,  with a concomitant increase in muscle volume, mass, and myofiber cross-sectional  area in the tibialis anterior (TA) muscle in mice. In both the TNF-α-treated  C2C12 myotubes and the TA muscle of immobilized mice, fucosterol significantly  prevented muscle protein degradation, which was attributed to a reduction in  atrogin-1 and muscle ring finger 1 gene expression through an increase in  forkhead box O3α (FoxO3α) phosphorylation. Continuously, fucosterol stimulated  muscle protein synthesis by increasing the phosphorylation of the mammalian  target of the rapamycin (mTOR), 70 kDa ribosomal protein S6 kinase, and 4E  binding protein 1, which was mediated through the stimulation of the  phosphatidylinositol 3-kinase (PI3K)/Akt signaling pathway. Thus, fucosterol  alleviated skeletal muscle atrophy in TNF-α-treated C2C12 myotubes and  immobilized C57BL/6J mice through the regulation of the Akt/mTOR/FoxO3α signaling  pathway.",2024,Marine drugs,9,mice; muscle atrophy; protein; immobilization; mass
Transcriptomic meta-analysis of disuse muscle atrophy vs. resistance exercise-induced hypertrophy in young and older humans.,"BACKGROUND: Skeletal muscle atrophy manifests across numerous diseases; however, the extent of similarities/differences in causal mechanisms between atrophying  conditions in unclear. Ageing and disuse represent two of the most prevalent and  costly atrophic conditions, with resistance exercise training (RET) being the  most effective lifestyle countermeasure. We employed gene-level and network-level  meta-analyses to contrast transcriptomic signatures of disuse and RET, plus young  and older RET to establish a consensus on the molecular features of, and  therapeutic targets against, muscle atrophy in conditions of high socio-economic  relevance. METHODS: Integrated gene-level and network-level meta-analysis was  performed on publicly available microarray data sets generated from young  (18-35 years) m. vastus lateralis muscle subjected to disuse (unilateral limb  immobilization or bed rest) lasting ≥7 days or RET lasting ≥3 weeks, and  resistance-trained older (≥60 years) muscle. RESULTS: Disuse and RET displayed  predominantly separate transcriptional responses, and transcripts altered across  conditions were mostly unidirectional. However, disuse and RET induced directly  inverted expression profiles for mitochondrial function and translation  regulation genes, with COX4I1, ENDOG, GOT2, MRPL12, and NDUFV2, the central hub  components of altered mitochondrial networks, and ZMYND11, a hub gene of altered  translation regulation. A substantial number of genes (n = 140) up-regulated  post-RET in younger muscle were not similarly up-regulated in older muscle, with  young muscle displaying a more pronounced extracellular matrix (ECM) and  immune/inflammatory gene expression response. Both young and older muscle  exhibited similar RET-induced ubiquitination/RNA processing gene signatures with  associated PWP1, PSMB1, and RAF1 hub genes. CONCLUSIONS: Despite limited opposing  gene profiles, transcriptional signatures of disuse are not simply the converse  of RET. Thus, the mechanisms of unloading cannot be derived from studying muscle  loading alone and provides a molecular basis for understanding why RET fails to  target all transcriptional features of disuse. Loss of RET-induced ECM  mechanotransduction and inflammatory profiles might also contribute to suboptimal  ageing muscle adaptations to RET. Disuse and age-dependent molecular candidates  further establish a framework for understanding and treating disuse/ageing  atrophy.",2021,"Journal of cachexia, sarcopenia and muscle",5,older; bed; hmb; bed rest; rest
Current understanding of sarcopenia: possible candidates modulating muscle mass.,"The world's elderly population is expanding rapidly, and we are now faced with the significant challenge of maintaining or improving physical activity,  independence, and quality of life in the elderly. Sarcopenia, the age-related  loss of skeletal muscle mass, is characterized by a deterioration of muscle  quantity and quality leading to a gradual slowing of movement, a decline in  strength and power, increased risk of fall-related injury, and often, frailty.  Since sarcopenia is largely attributed to various molecular mediators affecting  fiber size, mitochondrial homeostasis, and apoptosis, the mechanisms responsible  for these deleterious changes present numerous therapeutic targets for drug  discovery. Muscle loss has been linked with several proteolytic systems,  including the ubuiquitin-proteasome, lysosome-autophagy, and tumor necrosis  factor (TNF)-α/nuclear factor-kappaB (NF-κB) systems. Although many factors are  considered to regulate age-dependent muscle loss, this gentle atrophy is not  affected by factors known to enhance rapid atrophy (denervation, hindlimb  suspension, etc.). In addition, defects in Akt-mammalian target of rapamycin  (mTOR) and serum response factor (SRF)-dependent signaling have been found in  sarcopenic muscle. Intriguingly, more recent studies indicated an apparent  functional defect in autophagy- and myostatin-dependent signaling in sarcopenic  muscle. In this review, we summarize the current understanding of the adaptation  of many regulators in sarcopenia.",2015,Pflugers Archiv : European journal of physiology,4,wasting; muscle wasting; sarcopenia; loss; understanding
Muscle wasting in collagen-induced arthritis and disuse atrophy.,"The mechanisms of muscle wasting and decreased mobility have a major functional effect in rheumatoid arthritis, but they have been poorly studied. The objective  of our study is to describe muscular involvement and the pathways in an  experimental model of arthritis compared to the pathways in disuse atrophy.  Female Wistar rats were separated into three groups: control (CO),  collagen-induced arthritis (CIA), and immobilized (IM). Spontaneous locomotion  and weight were evaluated weekly. The gastrocnemius muscle was evaluated by  histology and immunoblotting to measure the expression of myostatin (a negative  regulator), LC3 (autophagy), MuRF-1 (proteasome-mediated proteolysis), MyoD, and  myogenin (satellite-cell activation). The significance level was set at P < 0.05,  and histological analysis of joints confirmed the severity of the arthropathy.  There was a significant difference in spontaneous locomotion in the CIA group.  Animal body weight, gastrocnemius muscle weight, and relative muscle weight  decreased 20%, 30%, and 20%, respectively, in the CIA rats. Inflammatory  infiltration and swelling were present in the gastrocnemius muscles of the CIA  rats. The mean cross-sectional area was reduced by 30% in the CIA group and by  60% in the IM group. The expressions of myostatin and LC3 between the groups were  similar. There was increased expression of MuRF-1 in the IM (1.9-fold) and CIA  (3.1-fold) groups and of myogenin in the muscles of the CIA animals (1.7-fold),  while MyoD expression was decreased in the IM (20%) rats. This study demonstrated  that the development of experimental arthritis is associated with decreased  mobility, body weight, and muscle loss. Both IM and CIA animal models presented  muscle atrophy, but while proteolysis and the regeneration pathways were  activated in the CIA model, there was no activation of regeneration in the IM  model. We can assume that muscle atrophy in experimental arthritis is associated  with the disease itself and not simply with decreased mobility.",2013,"Experimental biology and medicine (Maywood, N.J.)",8,group; immobilization; expression; protein; cast
SERCA activation prevents Ca(2+) and ATP upregulation during 3-day soleus muscle unloading in rats.,"The imbalance in the ratio of protein synthesis versus protein degradation results in skeletal muscle atrophy following unloading. The onset of these  processes is regulated by the sarcoplasmic concentrations of ATP and calcium  (Ca(2+)). We tested the hypothesis that unloading-induced inactivation of  sarcoendoplasmic reticulum calcium ATPase (SERCA) results in raised Ca(2+)  concentrations, triggering catabolic processes. CDN1163, an activator of SERCA,  was used to test this hypothesis. Three groups of male rats were used: control  rats with intraperitoneal injection of placebo (C), 3 days of unloading with  placebo injection (3HS), and 3 days of unloading injected with CDN1163 (3HSC).  Treatment with CDN1163 during 3 days of soleus muscle unloading prevented the  upregulation of Ca(2+) and ATP and the slow-to-fast shift in muscle fiber  composition. This treatment blocked the decrease in the phosphorylation of the  anabolic markers [glycogen synthase kinase-3β (GSK3β), eukaryotic translation  elongation factor 2 (eEF2), and ribosomal protein S6 (S6,  Ser240/244/Ser235/236)], and therefore it is likely that it improved the  efficiency of translation in the unloaded muscle, but it did not affect  mTORC1-dependent signaling. Treatment with CDN1163 also modulated the regulation  of the Ca(2+)-dependent signaling in muscle during unloading via SERCA1 and  calsequestrin 2 (CSQ2) and changes in the calcium/calmodulin-dependent protein  kinase II (CaMKII) phosphorylation and the content of inositol  1,4,5-trisphosphate receptor (IP3R). In addition, CDN1163 prevented the  upregulation of the mRNA expression of muscle-specific RING finger protein 1  (MuRF1) [but not ubiquitin ligase muscle atrophy F-box (MAFbx)] and attenuated  the increase of casitas B lymphoma-b (Cbl-b) and ubiquitin mRNA expression during  unloading. Activation of SERCA with CDN1163 prevents the upregulation of Ca(2+)  and ATP, as well as calcium-dependent and ubiquitin-proteasome pathways markers,  and improves protein translation efficiency in 3-day unloaded soleus muscle.NEW &  NOTEWORTHY A hypothesis was tested that unloading-induced inactivation of SERCA  results in the accumulation of increased Ca(2+) concentrations and activation of  catabolic processes. CDN1163, an activator of SERCA, was used to test this  hypothesis. CDN1163 prevented the decrease in phosphorylation of anabolic  markers, which likely improved translation efficiency in unloaded muscle. CDN1163  prevented unloading-induced upregulation of mRNA expression of MuRF1 (but not  MAFbx) and attenuated the increase of Cbl-b and ubiquitin mRNA expression.",2025,"American journal of physiology. Regulatory, integrative and comparative physiology",2,soleus; hs; soleus muscle; unloading; rats
Muscle atrophy following anterior cruciate ligament reconstruction: A narrative review.,"Muscle weakness is a common issue following anterior cruciate ligament (ACL) reconstruction and is closely linked to muscle atrophy. Preventing or reducing  this atrophy is a key goal of rehabilitation. This review summarizes current  knowledge on muscle atrophy after ACL reconstruction, including its spatial  distribution, time course, underlying mechanisms, and potential interventions.  Atrophy affects multiple lower limb muscles and may be influenced by the type of  graft used. Tendon harvesting appears to negatively impact the muscle belly of  the donor muscle, while atrophy may also occur in the contralateral limb  independently of graft harvesting. Muscle atrophy is often already present before  surgery and tends to worsen postoperatively. Although partial recovery may occur,  long-term deficits are frequently observed. At the muscle fiber level, evidence  is inconsistent regarding which fiber types are more vulnerable to atrophy. A  transient shift toward faster fiber types has been reported after surgery. On the  cellular and molecular level, satellite cell depletion via apoptosis may hinder  muscle regrowth and thereby contribute to persistent muscle atrophy.  Concurrently, increased expression of myostatin, atrogin-1, and muscle  RING-finger-1, along with postoperative inflammation, may promote protein  degradation, further exacerbating muscle atrophy. Rehabilitation strategies that  involve early immobilization or non-weight bearing may exacerbate atrophy.  Interventions such as eccentric training, neuromuscular electrical stimulation,  blood flow restriction training, pharmacological agents, and nutritional support  demonstrate potential, but no definitive treatment has been established. Future  studies using appropriate animal models to clarify the molecular mechanisms of  muscle atrophy will be crucial for developing effective therapies.",2026,Histology and histopathology,0,recovery; reloading; mass; muscle mass; mice
Ibandronate concomitantly blocks immobilization-induced bone and muscle atrophy.,"Both bone and muscle volume is concomitantly reduced under immobilization conditions; however, no single drug is currently available to block these  outcomes simultaneously. Bisphosphonates are utilized clinically to inhibit  osteoclast-dependent bone resorption, but their effects on muscle are largely  unknown. Here we show that skeletal muscle is a direct target of the  bisphosphonate ibandronate (IBN) and that reduced muscle volume and induction of  Atrogin-1 and MuRF1, both atrogenes, are significantly inhibited by IBN  administration in vivo using a mouse model of muscle atrophy. IBN treatment also  significantly blocked immobilization-induced bone loss in vivo. We also report  that expression of Atrogin-1 and MuRF1 and accumulation of Smad2/3 proteins,  which are upstream of atrogines, occurred following serum starvation of myogenic  C2C12 cells in vitro, effects significantly inhibited by IBN treatment.  Interestingly, IBN effects on C2C12 cells were abrogated by MG132, an  ubiquitin/proteasome inhibitor, suggesting that IBN functions via the  ubiquitin-proteasome system. Our findings lend new insight into the role of IBN  in preventing muscle atrophy.",2016,Biochemical and biophysical research communications,7,skeletal; skeletal muscle; muscle atrophy; protein; role
eIF3f: a central regulator of the antagonism atrophy/hypertrophy in skeletal muscle.,"The eukaryotic initiation factor 3 subunit f (eIF3f) is one of the 13 subunits of the translation initiation factor complex eIF3 required for several steps in the  initiation of mRNA translation. In skeletal muscle, recent studies have  demonstrated that eIF3f plays a central role in skeletal muscle size maintenance.  Accordingly, eIF3f overexpression results in hypertrophy through modulation of  protein synthesis via the mTORC1 pathway. Importantly, eIF3f was described as a  target of the E3 ubiquitin ligase MAFbx/atrogin-1 for proteasome-mediated  breakdown under atrophic conditions. The biological importance of the  MAFbx/atrogin-1-dependent targeting of eFI3f is highlighted by the finding that  expression of an eIF3f mutant insensitive to MAFbx/atrogin-1 polyubiquitination  is associated with enhanced protection against starvation-induced muscle atrophy.  A better understanding of the precise role of this subunit should lead to the  development of new therapeutic approaches to prevent or limit muscle wasting that  prevails in numerous physiological and pathological states such as  immobilization, aging, denervated conditions, neuromuscular diseases, AIDS,  cancer, diabetes. This article is part of a Directed Issue entitled: Molecular  basis of muscle wasting.",2013,The international journal of biochemistry & cell biology,7,skeletal; skeletal muscle; muscle atrophy; protein; role
Inactivity-induced NR4A3 downregulation in human skeletal muscle affects glucose metabolism and translation: Insights from in vitro analysis.,"OBJECTIVE: Physical activity promotes health, whereas inactivity is associated with metabolic impairment. The transcription factor nuclear receptor subfamily 4  group A member 3 (NR4A3) is a pleiotropic regulator of skeletal muscle exercise  adaptation and metabolism. However, the consequence of lower NR4A3 expression  remains largely unexplored. We investigated the impact of NR4A3 downregulation on  human skeletal muscle metabolism. METHODS: Published transcriptomic datasets from  human bed rest and limb immobilisation studies were curated to meta-analyse the  effect of physical inactivity on skeletal muscle NR4A3 levels. In primary human  skeletal myotubes, siRNA and lentivirus were used to silence and overexpress  NR4A3, respectively. Basal and stimulated (insulin ± leucine) signal transduction  was determined by immunoblot analysis. Effects on glucose, fatty acid, and  protein metabolism were measured using radiolabelled substrate assays. Lactate  production was assessed in culture supernatant by colourimetry. Cell morphology  was analysed by immunocytochemistry and gene expression was quantified by  RT-qPCR. RESULTS: Physical inactivity decreased skeletal muscle NR4A3 (-27%),  concomitant with pathways related to mitochondrial function, cytoskeleton  organization, chromatin regulation, protein synthesis and degradation. Silencing  of NR4A3 reduced glucose oxidation (-18%) and increased lactate production (+23%)  in vitro. This coincided with greater signalling downstream of AMPK and elevated  rates of basal (+26%) and FCCP-stimulated (+55%) fatty acid oxidation. NR4A3  downregulation lowered protein synthesis (-25%), and impaired mTORC1 signalling  and ribosomal transcription. Alternatively, overexpression of the canonical NR4A3  protein isoform (+290%) augmented translation and total cellular protein content,  which protected myotubes against dexamethasone-induced atrophy. Moreover, partial  restoration of NR4A3 levels rescued glucose oxidation in NR4A3-silenced muscle  cells and restored phosphorylation of mTORC1 substrates. NR4A3 depletion reduced  myotube area (-48%) and further altered protein and gene expression of key  contractile elements in skeletal muscle. CONCLUSIONS: Our study connects reduced  NR4A3 expression with physical inactivity and indicates that NR4A3 downregulation  in human skeletal muscle has adverse effects on glucose metabolism and protein  synthesis. Thus, decrements in NR4A3 abundance could be causal in the deleterious  health consequences resulting from sedentary lifestyles and targeting NR4A3 may  offer new avenues for combating conditions such as disuse muscle atrophy.",2025,Molecular metabolism,7,skeletal; skeletal muscle; muscle atrophy; protein; role
The effects of real and simulated microgravity on cellular mitochondrial function.,"Astronauts returning from space shuttle missions or the International Space Station have been diagnosed with various health problems such as bone  demineralization, muscle atrophy, cardiovascular deconditioning, and vestibular  and sensory imbalance including visual acuity, altered metabolic and nutritional  status, and immune system dysregulation. These health issues are associated with  oxidative stress caused by a microgravity environment. Mitochondria are a source  of reactive oxygen species (ROS). However, the molecular mechanisms through which  mitochondria produce ROS in a microgravity environment remain unclear. Therefore,  this review aimed to explore the mechanism through which microgravity induces  oxidative damage in mitochondria by evaluating the expression of genes and  proteins, as well as relevant metabolic pathways. In general,  microgravity-induced ROS reduce mitochondrial volume by mainly affecting the  efficiency of the respiratory chain and metabolic pathways. The impaired  respiratory chain is thought to generate ROS through premature electron leakage  in the electron transport chain. The imbalance between ROS production and  antioxidant defense in mitochondria is the main cause of mitochondrial stress and  damage, which leads to mitochondrial dysfunction. Moreover, we discuss the  effects of antioxidants against oxidative stress caused by the microgravity  environment space microgravity in together with simulated microgravity (i.e.,  spaceflight or ground-based spaceflight analogs: parabolic flight, centrifugal  force, drop towers, etc.). Further studies should be taken to explore the effects  of microgravity on mitochondrial stress-related diseases, especially for the  development of new therapeutic drugs that can help increase the health of  astronauts on long space missions.",2021,NPJ microgravity,6,microgravity; space; spaceflight; simulated; mitochondrial
Spaceflight on the ISS changed the skeletal muscle proteome of two astronauts.,"Skeletal muscle undergoes atrophy and loss of force during long space missions, when astronauts are persistently exposed to altered gravity and increased  ionizing radiation. We previously carried out mass spectrometry-based proteomics  from skeletal muscle biopsies of two astronauts, taken before and after a mission  on the International Space Station. The experiments were part of an effort to  find similarities between spaceflight and bed rest, a ground-based model of  unloading, focused on proteins located at the costameres. We here extend the data  analysis of the astronaut dataset and show compartment-resolved changes in the  mitochondrial proteome, remodeling of the extracellular matrix and of the  antioxidant response. The astronauts differed in their level of onboard physical  exercise, which correlated with their respective preservation of muscle mass and  force at landing in previous analyses. We show that the mitochondrial proteome  downregulation during spaceflight, particularly the inner membrane and matrix,  was dramatic for both astronauts. The expression of autophagy regulators and  reactive oxygen species scavengers, however, showed partially opposite expression  trends in the two subjects, possibly correlating with their level of onboard  exercise. As mitochondria are primarily affected in many different tissues during  spaceflight, we hypothesize that reactive oxygen species (ROS) rather than  mechanical unloading per se could be the primary cause of skeletal muscle  mitochondrial damage in space. Onboard physical exercise might have a strong  direct effect on the prevention of muscle atrophy through mechanotransduction and  a subsidiary effect on mitochondrial quality control, possibly through  upregulation of autophagy and anti-oxidant responses.",2024,NPJ microgravity,6,microgravity; space; spaceflight; simulated; mitochondrial
Mechanical unloading of 3D-engineered muscle leads to muscle atrophy by suppressing protein synthesis.,"Three-dimensional (3D)-engineered muscle is an useful approach to a more comprehensive understanding of molecular mechanisms underlying unloading-induced  muscle atrophy. We investigated the effects of mechanical unloading on molecular  muscle protein synthesis (MPS)- and muscle protein breakdown (MPB)-related  signaling pathways involved in muscle atrophy in 3D-engineered muscle, and to  better understand in vitro model of muscle disuse. The 3D-engineered muscle  consisting of C2C12 myoblasts and type-1 collagen gel was allowed to  differentiate for 2 wk and divided into three groups: 0 days of stretched-on  control (CON), 2 and/or 7 days of stretched-on (ON), in which both ends of the  muscle were fixed with artificial tendons, and the stretched-off group (OFF), in  which one side of the artificial tendon was detached. Muscle weight (-38.1% to  -48.4%), length (-67.0% to -73.5%), twitch contractile force (-70.5% to -75.0%),  and myosin heavy chain expression (-32.5% to -50.5%) in the OFF group were  significantly decreased on days 2 and 7 compared with the ON group (P < 0.05,  respectively), despite that ON group was stable over time. Although determinative  molecular signaling could not be identified, the MPS rate reflected by  puromysin-labeled protein was significantly decreased following mechanical  unloading (P < 0.05, -38.5% to -51.1%). Meanwhile, MPB, particularly the  ubiquitin-proteasome pathway, was not impacted. Hence, mechanical unloading of  3D-engineered muscle in vitro leads to muscle atrophy by suppressing MPS, cell  differentiation, and cell growth rather than the promotion of MPB.NEW &  NOTEWORTHY Three-dimensional (3D)-engineered muscles have recently been shown to  closely replicate the in vivo architecture. We found that mechanical unloading of  3D-engineered muscle led to muscle disuse atrophy accompanied by reduced  functional properties and contractile protein expression via suppression of  muscle protein synthesis. This novel model may improve the in vitro testing of  modalities with the potential to reduce mechanical unloading-induced atrophy.",2022,"Journal of applied physiology (Bethesda, Md. : 1985)",8,group; immobilization; expression; protein; cast
Nitric oxide treatment attenuates muscle atrophy during hind limb suspension in mice.,"Debilitating muscle-disuse atrophy in aging or obesity has huge socioeconomic impact. Since nitric oxide (NO) mediates muscle satellite cell activation and  induces hypertrophy with exercise in old mice, we tested whether treatment with  the NO donor, isosorbide dinitrate (ISDN), during hind limb suspension would  reduce atrophy. Mice were suspended 18 days, with or without daily ISDN  (66mg/kg). Muscles were examined for atrophy (weight, fiber diameter); regulatory  changes in atrogin-1 (a negative regulator of muscle mass), myostatin (inhibits  myogenesis), and satellite cell proliferation; and metabolic responses in myosin  heavy chains (MyHCs), liver lipid, and hypothalamic gene expression. Suspension  decreased muscle weight and weight relative to body weight between 25-55%, and  gastrocnemius fiber diameter vs. CONTROLS: In young-adult mice, ISDN attenuated  atrophy by half or more. In quadriceps, ISDN completely prevented the  suspension-induced rise in atrogin-1 and drop in myostatin precursor, and  attenuated the changes in MyHCs 1 and 2b observed in unloaded muscles without  treatment. Fatty liver in suspended young-adult mice was also reduced by ISDN;  suspended young mice had higher hypothalamic expression of the orexigenic  agouti-related protein, Agrp than controls. Notably, a suspension-induced drop in  muscle satellite cell proliferation by 25-58% was completely prevented (young  mice) or attenuated (halved, in young-adult mice) by ISDN. NO-donor treatment has  potential to attenuate atrophy and metabolic changes, and prevent regulatory  changes during disuse and offset/prevent wasting in age-related sarcopenia or  space travel. Increases in precursor proliferation resulting from NO treatment  would also amplify benefits of physical therapy and exercise.",2018,Free radical biology & medicine,9,mice; muscle atrophy; protein; immobilization; mass
Beta-Hydroxy-Beta-Methyl Butyrate (HMB): From Experimental Data to Clinical Evidence in Sarcopenia.,"β-hydroxy-β-methylbutyrate (HMB) is a metabolite derived from leucine and its ketoacid alpha- ketoisocaproate. Leucine has a role in regulating protein  synthesis in muscle cells, and HMB seems to be a key active metabolite in such  regulation. HMB has been shown to modulate muscle protein degradation by  inhibiting the ubiquitin-proteasome proteolytic pathway, to up-regulate protein  synthesis via the mTOR pathway, and to stabilize cell membranes via the rate  limiting enzyme to cholesterol synthesis HMG- coenzyme A reductase. It can also  decrease cell apoptosis, therefore improving cell survival; and increase  proliferation and differentiation of muscle stem cell, via the MAPK/ERK and  PI3K/Akt pathways. HMB is widely used as an ergogenic supplement by athletes and  bodybuilders, usually combined with exercise training, to increase muscle mass  and strength. Some studies have explored the role of HMB in chronic diseases  associated with muscle wasting (cancer, acquired immunodeficiency syndrome,  chronic obstructive pulmonary disease). This review focuses on the role of HMB in  the management of sarcopenia (age or disease-related loss of muscle mass and  function) in older persons. A small number of studies have shown increases in  lean (muscle) mass and some muscle function and physical performance parameters  in older people with or without resistance exercise, and preservation of muscle  mass during bed rest. However, heterogeneous methodological approaches preclude  solid conclusions, and more studies are needed to confirm the role of HMB as a  promising agent to treat sarcopenia.",2018,Current protein & peptide science,5,older; bed; hmb; bed rest; rest
Citrulline does not prevent skeletal muscle wasting or weakness in limb-casted mice.,"BACKGROUND: Increasing arginine (Arg) availability reduces atrophy in cultured skeletal muscle cells. Supplementation with its metabolic precursor citrulline  (Cit) is more effective at improving skeletal muscle Arg concentrations.  OBJECTIVE: We tested the hypothesis that Cit supplementation would attenuate  skeletal muscle atrophy and loss of function during hindlimb immobilization in  mice. METHODS: Male C57BL/6JArc mice underwent 14 d of unilateral hindlimb  immobilization/plaster casting and were supplemented with ~0.81 g Cit · kg⁻¹ ·  d⁻¹ (CIT group) or Ala (ALA group) mixed into their food. The uncasted  contralateral limb (internal control) and an uncasted group (CON) served as  controls. Muscle atrophy was evaluated with mass, fiber area, and in situ muscle  function. RESULTS: Tibialis anterior (TA) muscle mass [ALA: 37.6 ± 0.92 mg; CIT:  38.3 ± 1.25 mg] and peak tetanic force (ALA: 1150 ± 38.5 mN; CIT: 1150 ± 52.0 mN)  were lower (P < 0.001) in the ALA (53.9 ± 0.42 mg) and CIT (1760 ± 28.5 mN)  groups than in the CON group. No difference was found between ALA and CIT groups  for TA mass, fiber area, or peak force. The mRNA expression of the nitric oxide  synthase 2, inducible (Nos2; ~15-fold) and B-cell chronic lymphoid  leukemia/lymphoma 2/adenovirus E1B 19 kDa interacting protein 3 (Bnip3; ~17-fold)  genes and the ratio of microtubule-associated protein light chain 3BII to 3BI  (LC3BII:LC3BI) (50.5% ± 17.7%) were higher (P < 0.05) in the ALA group than in  the CON group, suggesting increased autophagy. In the CIT group, Bnip3 mRNA was  lower (-70%; P < 0.05) and Nos2 mRNA tended to be lower (-45%; P = 0.05) than in  the ALA group, whereas LC3BII:LC3BI was not different from the CON group.  CONCLUSIONS: Cit treatment of male mice did not affect therapeutically relevant  outcome measures such as skeletal muscle mass and peak muscle force after 14 d of  hindlimb immobilization.",2015,The Journal of nutrition,8,group; immobilization; expression; protein; cast
The impact of immobilisation and inflammation on the regulation of muscle mass and insulin resistance: different routes to similar end-points.,"Loss of muscle mass and insulin sensitivity are common phenotypic traits of immobilisation and increased inflammatory burden. The suppression of muscle  protein synthesis is the primary driver of muscle mass loss in human  immobilisation, and includes blunting of post-prandial increases in muscle  protein synthesis. However, the mechanistic drivers of this suppression are  unresolved. Immobilisation also induces limb insulin resistance in humans, which  appears to be attributable to the reduction in muscle contraction per se. Again  mechanistic insight is missing such that we do not know how muscle senses its  ""inactivity status"" or whether the proposed drivers of muscle insulin resistance  are simply arising as a consequence of immobilisation. A heightened inflammatory  state is associated with major and rapid changes in muscle protein turnover and  mass, and dampened insulin-stimulated glucose disposal and oxidation in both  rodents and humans. A limited amount of research has attempted to elucidate  molecular regulators of muscle mass loss and insulin resistance during increased  inflammatory burden, but rarely concurrently. Nevertheless, there is evidence  that Akt (protein kinase B) signalling and FOXO transcription factors form part  of a common signalling pathway in this scenario, such that molecular cross-talk  between atrophy and insulin signalling during heightened inflammation is believed  to be possible. To conclude, whilst muscle mass loss and insulin resistance are  common end-points of immobilisation and increased inflammatory burden, a lack of  understanding of the mechanisms responsible for these traits exists such that a  substantial gap in understanding of the pathophysiology in humans endures.",2019,The Journal of physiology,4,wasting; muscle wasting; sarcopenia; loss; understanding
Celastrol and Cblin peptide activation of IGF-1 signaling prevents microgravity-induced atrophy in rat L6 myotubes.,"This study investigated the efficacy of two natural compounds-celastrol, a heat shock protein (HSP) inducer, and Cblin peptide, a ubiquitination inhibitor-in  counteracting muscle atrophy under real microgravity conditions. Both agents  independently attenuated microgravity-induced reductions in myotube thickness,  myosin heavy chain protein levels, and atrogene expression. Celastrol primarily  enhanced HSP expression, whereas Cblin peptide inhibited insulin receptor  substrate-1 degradation, thereby promoting insulin-like growth factor-1  signaling. Despite their distinct molecular actions, no synergistic or additive  effects were observed when combined. These findings highlight the potential of  celastrol and Cblin peptide as functional ingredients for mitigating muscle  atrophy, particularly in the context of space travel. Notably, Cblin peptide is  abundant in glycinin-rich soybean protein, and celastrol is derived from the root  of Tripterygium wilfordii (Taiwan vine). Future applications may include  incorporating these plant-derived compounds into space foods to improve the  quality of life for astronauts in space.NEW & NOTEWORTHY This study evaluated the  effects of celastrol and the Cblin peptide in mitigating muscle atrophy under  microgravity conditions. Both compounds alleviated myotube atrophy through  distinct mechanisms, though no synergistic effect was observed. Celastrol  upregulated heat shock protein (HSP) expression, whereas Cblin prevented IRS-1  degradation, thereby enhancing IGF-1 signaling. Sourced from Tripterygium  wilfordii and soybean protein, respectively, these agents may serve as functional  space foods to help counteract muscle atrophy and support astronauts' health  during spaceflight.",2026,American journal of physiology. Cell physiology,6,microgravity; space; spaceflight; simulated; mitochondrial
Impact of muscle atrophy on bone metabolism and bone strength: implications for muscle-bone crosstalk with aging and disuse.,"Bone fractures in older adults are often preceded by a loss of muscle mass and strength. Likewise, bone loss with prolonged bed rest, spinal cord injury, or  with exposure to microgravity is also preceded by a rapid loss of muscle mass.  Recent studies using animal models in the setting of hindlimb unloading or  botulinum toxin (Botox) injection also reveal that muscle loss can induce bone  loss. Moreover, muscle-derived factors such as irisin and leptin can inhibit bone  loss with unloading, and knockout of catabolic factors in muscle such as the  ubiquitin ligase Murf1 or the myokine myostatin can reduce osteoclastogenesis.  These findings suggest that therapies targeting muscle in the setting of disuse  atrophy may potentially attenuate bone loss, primarily by reducing bone  resorption. These potential therapies not only include pharmacological approaches  but also interventions such as whole-body vibration coupled with resistance  exercise and functional electric stimulation of muscle.",2018,Osteoporosis international : a journal established as result of cooperation between the European Foundation for Osteoporosis and the National Osteoporosis  Foundation of the USA,5,older; bed; hmb; bed rest; rest
Allopurinol partially prevents disuse muscle atrophy in mice and humans.,"Disuse muscle wasting will likely affect everyone in his or her lifetime in response to pathologies such as joint immobilization, inactivity or bed rest.  There are no good therapies to treat it. We previously found that allopurinol, a  drug widely used to treat gout, protects muscle damage after exhaustive exercise  and results in functional gains in old individuals. Thus, we decided to test its  effect in the prevention of soleus muscle atrophy after two weeks of hindlimb  unloading in mice, and lower leg immobilization following ankle sprain in humans  (EudraCT: 2011-003541-17). Our results show that allopurinol partially protects  against muscle atrophy in both mice and humans. The protective effect of  allopurinol is similar to that of resistance exercise which is the best-known way  to prevent muscle mass loss in disuse human models. We report that allopurinol  protects against the loss of muscle mass by inhibiting the expression of  ubiquitin ligases. Our results suggest that the ubiquitin-proteasome pathway is  an appropriate therapeutic target to inhibit muscle wasting and emphasizes the  role of allopurinol as a non-hormonal intervention to treat disuse muscle  atrophy.",2018,Scientific reports,9,mice; muscle atrophy; protein; immobilization; mass
Construction and Analysis of Disuse Atrophy Model of the Gastrocnemius Muscle in Chicken.,"Disuse muscle atrophy is identified as the physiological, biochemical, morphological, and functional changes during restricted movement, immobilization,  or weightlessness. Although its internal mechanism has been extensively studied  in mammals and was thought to be mainly related to oxidative stress, it was  unclear whether it behaved consistently in non-mammals such as chickens. In this  study, we tried to construct a disuse atrophy model of the gastrocnemius muscle  in chickens by limb immobilization, and collected the gastrocnemius muscles of  the fixed group and the control group for RNA sequencing. Through analysis of  muscle loss, HE staining, immunohistochemistry, and oxidative stress level, we  found that limb immobilization could lead to loss of muscle mass, decrease in  muscle fiber diameter, decrease in the proportion of slow muscle fibers, and  increase in the proportion of fast muscle fibers, and also cause elevated levels  of oxidative stress. In addition, a total of 565 different expression genes  (DEGs) were obtained by RNA sequencing, which was significantly enriched in the  biological processes such as cell proliferation and apoptosis, reactive oxygen  species metabolism, and fast and slow muscle fiber transformation, and it showed  that the FOXO signaling pathway, closely related to muscle atrophy, was  activated. In brief, we initially confirmed that limb immobilization could induce  disuse atrophy of skeletal muscle, and oxidative stress was involved in the  process of disuse muscle atrophy.",2022,International journal of molecular sciences,9,mice; muscle atrophy; protein; immobilization; mass
Skeletal muscle-specific DJ-1 ablation-induced atrogenes expression and mitochondrial dysfunction contributing to muscular atrophy.,"BACKGROUND: DJ-1 is a causative gene for Parkinson's disease. DJ-1-deficient mice develop gait-associated progressive behavioural abnormalities and hypoactive  forearm grip strength. However, underlying activity mechanisms are not fully  explored. METHODS: Western blotting and quantitative real-time polymerase chain  reaction approaches were adopted to analyse DJ-1 expression in skeletal muscle  from aged humans or mice and compared with young subjects. Skeletal  muscle-specific-DJ-1 knockout (MDKO) mice were generated, followed by an  assessment of the physical activity phenotypes (grip strength, maximal load  capacity, and hanging, rotarod, and exercise capacity tests) of the MDKO and  control mice on the chow diet. Muscular atrophy phenotypes (cross-sectional area  and fibre types) were determined by imaging and quantitative real-time polymerase  chain reaction. Mitochondrial function and skeletal muscle morphology were  evaluated by oxygen consumption rate and electron microscopy, respectively. Tail  suspension was applied to address disuse atrophy. RNA-seq analysis was performed  to indicate molecular changes in muscles with DJ-1 ablation. Dual-luciferase  reporter assays were employed to identify the promoter region of Trim63 and  Fbxo32 genes, which were indirectly regulated by DJ-1 via the FoxO1 pathway.  Cytoplasmic and nuclear fractions of DJ-1-deleted muscle cells were analysed by  western blotting. Compound 23 was administered into the gastrocnemius muscle to  mimic the of DJ-1 deletion effects. RESULTS: DJ-1 expression decreased in  atrophied muscles of aged human (young men, n = 2; old with aged men, n = 2;  young women, n = 2; old with aged women, n = 2) and immobilization mice (n = 6,  P < 0.01). MDKO mice exhibited no body weight difference compared with control  mice on the chow diet (Flox, n = 8; MDKO, n = 9). DJ-1-deficient muscles were  slightly dystrophic (Flox, n = 7; MDKO, n = 8; P < 0.05), with impaired physical  activities and oxidative capacity (n = 8, P < 0.01). In disuse-atrophic  conditions, MDKO mice showed smaller cross-sectional area (n = 5, P < 0.01) and  more central nuclei than control mice (Flox, n = 7; MDKO, n = 6; P < 0.05),  without alteration in muscle fibre types (Flox, n = 6; MDKO, n = 7). Biochemical  analysis indicated that reduced mitochondrial function and upregulated of  atrogenes induced these changes. Furthermore, RNA-seq analysis revealed enhanced  activity of the FoxO1 signalling pathway in DJ-1-ablated muscles, which was  responsible for the induction of atrogenes. Finally, compound 23 (an inhibitor of  DJ-1) could mimic the effects of DJ-1 ablation in vivo. CONCLUSIONS: Our results  illuminate the crucial of skeletal muscle DJ-1 in the regulation of catabolic  signals from mechanical stimulation, providing a therapeutic target for muscle  wasting diseases.",2023,"Journal of cachexia, sarcopenia and muscle",9,mice; muscle atrophy; protein; immobilization; mass
Analysis of the mechanism of skeletal muscle atrophy from the pathway of decreased protein synthesis.,"Skeletal muscle atrophy is associated with denervation, cancer, diabetes, aging, immobilization, and inflammation, which can significantly impair mobility. It is  primarily attributable to increased protein catabolism alongside reduced protein  synthesis, although the precise mechanisms underlying this process are not yet  fully known. Unlike in the pathway driving increased catabolism, fewer studies  have explored the mechanism underpinning muscle atrophy under reduced protein  synthesis. Therefore, this study aimed to focus on summarizing relevant studies  on the reduction of protein synthesis leading to skeletal muscle atrophy, as  driven by alterations in pathways such as the insulin-like growth  factor-1-phosphatidylinositol 3-kinase-protein kinase B-rapamycin signaling  pathway, glycogen synthase kinase-3, glucocorticoids, 5'-adenosine  monophosphate-activated protein kinase, branched-chain amino acid sensors,  myostatin, long-term proinflammatory factors, oxidative stress and mitochondrial  dysfunction, calciumion concentration, activating transcription factor 4, and  glycyl-tRNA synthetase alterations. Consolidating these data will provide a  foundation and theoretical basis for further investigation into the mechanisms of  muscle atrophy from the perspective of reduced protein synthesis pathways.",2025,Frontiers in physiology,7,skeletal; skeletal muscle; muscle atrophy; protein; role
Calpain-dependent regulation of the skeletal muscle atrophy following unloading.,"Unloading causes rapid skeletal muscle atrophy due to increased protein degradation via activation of calpains and decreased protein synthesis. Our study  elucidated role of calpain-1 in the regulation of ubiquitin proteasome pathway  (UPP) and anabolic processes mediated by Akt-mTOR-p70S6K and MAPK-Erk (p90RSK)  signaling. We hypothesized that blocking calpain will inhibit activation of UPP  and decrease protein degradation resulting in reduction of unloading-induced  skeletal muscle atrophy. Rats were divided into three groups: non-treated control  (C), three day hindlimb suspension with (HSPD) or without (HS) treatment with  calpain inhibitor PD150606. When compared with control PD150606 treatment during  unloading: 1) attenuated loss of muscle mass, 2) prevented accumulation of  calpain-1 (1.8-fold in HS vs 1.3-fold in HSPD) and ubiquitin (2.3-fold in HS vs  0.7-fold in HSPD) mRNA and ubiquitinated proteins (1.6-fold in HS vs 0.8-fold in  HSPD), 3) prevented decrease in the pAkt (0.4-fold in HS vs 1-fold in HSPD) and  pFOXO3 (0.2-fold in HS vs 1.2-fold in HSPD) levels, 4) prevented increase in  MAFbx (3.8-fold in HS vs 1.3-fold in HSPD) and eEF2k (1.8-fold in HS vs 0.6-fold  in HSPD) mRNA. Our study indicates that blocking of calpain during unloading  decreases skeletal muscle atrophy by inhibiting UPP activation and preserving  anabolic signaling.",2015,Archives of biochemistry and biophysics,2,soleus; hs; soleus muscle; unloading; rats
TFAM overexpression diminishes skeletal muscle atrophy after hindlimb suspension in mice.,"The present study aims to investigate if overexpressing the mitochondrial transcription factor A (TFAM) gene in a transgenic mouse model diminishes soleus  and gastrocnemius atrophy occurring during hindlimb suspension (HLS).  Additionally, we aim to observe if combining exercise training in TFAM transgenic  mice prior to HLS has a synergistic effect in preventing skeletal muscle atrophy.  Male C57BL/6J-based transgenic mice (12-14 weeks old) overexpressing TFAM were  assigned to a control (T-Control), 7-day HLS (T-HLS), and 2-week exercise  training prior to 7-day HLS (T-Ex + HLS) groups. These groups were compared to  male C57BL/6J wild-type (WT) mice (12-14 weeks old) assigned to Control, 7-day  HLS (HLS), 2-week exercise training prior to 7-day HLS (Ex + HLS), and 2-week  exercise training (Ex). Overexpressing TFAM results in a decrease of 8.3% in  soleus and 2.6% in gastrocnemius muscle weight to bodyweight ratio after only HLS  compared to wild-type mice incurring a loss of 27.1% in soleus and 21.5% in  gastrocnemius muscle after HLS. Our data indicates TFAM may play a critical role  in protecting skeletal muscle from disuse atrophy and is correlated with  increased expression of antioxidants (SOD-2) and potential redox balance. TFAM  may be an attractive molecule of interest for potential, future therapeutic  development. NEW AND NOTEWORTHY: To the best of our knowledge, this is the first  time a TFAM overexpression transgenic mouse model is being used in the analysis  of disuse-induced skeletal muscle atrophy. Here we provide evidence of a  potential role for TFAM in diminishing skeletal muscle atrophy.",2019,Archives of biochemistry and biophysics,0,recovery; reloading; mass; muscle mass; mice
H(2)S Protects Against Immobilization-Induced Muscle Atrophy via Reducing Oxidative Stress and Inflammation.,"Chronic inflammation and oxidative stress are major triggers of the imbalance between protein synthesis and degradation during the pathogenesis of  immobilization-induced muscle atrophy. This study aimed to elucidate the effects  of hydrogen sulfide (H(2)S), a gas transmitter with potent anti-inflammatory and  antioxidant properties, on immobilization-induced muscle atrophy. Mice were  allocated to control and immobilization (IM) groups, which were treated with slow  (GYY4137) or rapid (NaHS) H(2)S releasing donors for 14 days. The results showed  that both GYY4137 and NaHS treatment reduced the IM-induced muscle loss, and  increased muscle mass. The IM-induced expressions of Muscle RING finger 1 (MuRF1)  and atrogin-1, two muscle-specific E3 ubiquitin ligases, were decreased by  administration of GYY4137 or NaHS. Both GYY4137 and NaHS treatments alleviated  the IM-induced muscle fibrosis, as evidenced by decreases in collagen deposition  and levels of tissue fibrosis biomarkers. Moreover, administration of GYY4137 or  NaHS alleviated the IM-induced infiltration of CD45 (+) leukocytes, meanwhile  inhibited the expressions of the pro-inflammatory biomarkers in skeletal muscles.  It was found that administration of either GYY4137 or NaHS significantly  attenuated immobilization-induced oxidative stress as indicated by decreased  H(2)O(2) levels and 8-hydroxy-2'-deoxyguanosine (8-OHdG) immunoreactivity, as  well as increased total antioxidant capacity (T-AOC), nuclear factor  erythroid-2-related factor 2 (NRF2) and NRF2 downstream anti-oxidant targets  levels in skeletal muscles. Collectively, the present study demonstrated that  treatment with either slow or rapid H(2)S releasing donors protected mice against  immobilization-induced muscle fibrosis and atrophy. The beneficial effects of  H(2)S on immobilization-induced skeletal muscle atrophy might be due to both the  anti-inflammatory and anti-oxidant properties of H(2)S.",2022,Frontiers in physiology,9,mice; muscle atrophy; protein; immobilization; mass
Metformin attenuates an increase of calcium-dependent and ubiquitin-proteasome markers in unloaded muscle.,"Current study tested a hypothesis that during skeletal muscle unloading, calcium-dependent signaling pathways, markers of protein synthesis, and  expression of E3 ubiquitin ligases can be regulated by metformin. Thirty-two male  Wistar rats were randomly assigned into one of four groups: nontreated control  (3C), control rats treated with metformin (3CM), 3 days of unloading/hindlimb  suspension with placebo (3HS), and 3 days of unloading treated with metformin  (3HSM). In soleus muscle of HS group level of phospho-AMP-activated protein  kinase (p-AMPK) was decreased by 46% while ATP content was increased by 49% when  compared with the control group. There was an increase of the level of  phospho-CaMK II (483%) and an upregulation of Calcineurin (CaN), SERCA2a, and  Calpain-1 mRNA expression (87%, 41%, and 62%, respectively, P < 0.05) in the HS  group relative to the control. HS group also had increased mRNA expression of  MuRF1, MAFbx, and ubiquitin (167%, 146%, and 191%, respectively, P < 0.05) when  compared with the control soleus muscle. Metformin treatment impeded  unloading-induced changes in soleus muscle. In conclusion, metformin treatment  during 3 days of soleus muscle unloading: 1) prevented the decrease of p-AMPK and  increase of ATP content; 2) affected regulation of calcium-dependent signaling  pathways via level of CaMK II phosphorylation or CaMK II, CaN, SERCA2a, and  Calpain-1 mRNA expression; 3) attenuated an increase in the expression of  critical markers of ubiquitin-proteasome pathways MuRF1, MAFbx, and ubiquitin  while not affecting the unloading-induced increase of ULK-1 marker of  autophagic/lysosomal pathway.NEW & NOTEWORTHY Current study for the first time  tested the hypothesis that during 3 days of soleus muscle unloading,  calcium-dependent signaling pathways, markers of protein synthesis, and the  expression of E3 ubiquitin ligases can be regulated by metformin. Treatment with  metformin during unloading: prevented the decrease of p-AMPK and increase of ATP  content, affected regulation of calcium-dependent signaling pathways, and  attenuated an increase of critical markers of ubiquitin-proteasome pathways.  Nevertheless, metformin treatment has not prevented soleus muscle atrophy.",2022,"Journal of applied physiology (Bethesda, Md. : 1985)",2,soleus; hs; soleus muscle; unloading; rats
Noninvasive imaging of in vivo MuRF1 expression during muscle atrophy.,"Numerous human diseases can lead to atrophy of skeletal muscle, and loss of this tissue has been correlated with increased mortality and morbidity rates.  Clinically addressing muscle atrophy remains an unmet medical need, and the  development of preclinical tools to assist drug discovery and basic research in  this effort is important for advancing this goal. In this report, we describe the  development of a bioluminescent gene reporter rat, based on the zinc finger  nuclease-targeted insertion of a bicistronic luciferase reporter into the 3'  untranslated region of a muscle specific E3 ubiquitin ligase gene, MuRF1  (Trim63). In longitudinal studies, we noninvasively assess atrophy-related  expression of this reporter in three distinct models of muscle loss (sciatic  denervation, hindlimb unloading and dexamethasone-treatment) and show that these  animals are capable of generating refined detail on in vivo MuRF1 expression with  high temporal and anatomical resolution.",2014,PloS one,7,skeletal; skeletal muscle; muscle atrophy; protein; role
Loss of 4E-BPs prevents the hindlimb immobilization-induced decrease in protein synthesis in skeletal muscle.,"The present study was designed to test the hypothesis that upregulating protein synthesis attenuates the loss of muscle mass in a model of disuse atrophy. The  studies compared the effect of unilateral hindlimb immobilization in wild-type  (WT) mice and double-knockout (DKO) mice lacking the translational regulators  4E-BP1 and 4E-BP2. Immobilization-induced downregulation of protein synthesis  occurred in both groups of mice, but protein synthesis was higher in  gastrocnemius muscle from the immobilized hindlimb of fasted DKO compared with WT  mice. Surprisingly, although protein synthesis was partially elevated in DKO  compared with WT mice, atrophy occurred to the same extent in both groups of  animals. This may be partially due to impaired leucine-induced stimulation of  protein synthesis in DKO compared with WT mice due to downregulated eukaryotic  initiation factor eIF4E expression in muscle of DKO compared with WT mice.  Expression of the E3 ubiquitin ligases MAFbx and MuRF-1 mRNAs and total protein  ubiquitylation was upregulated in the immobilized compared with the  nonimmobilized hindlimb of both WT and DKO mice, with little difference in the  magnitude of the upregulation between genotypes. Analysis of newly synthesized  proteins revealed downregulation of several glycolytic enzymes in the  gastrocnemius of DKO mice compared with WT mice, as well as in the immobilized  compared with the nonimmobilized hindlimb. Overall, the results suggest that the  elevated rate of protein synthesis during hindlimb immobilization in fasted DKO  mice is insufficient to prevent disuse-induced muscle atrophy, probably due to  induction of compensatory mechanisms including downregulation of eIF4E  expression.NEW & NOTEWORTHY Basal rates of protein synthesis are elevated in  skeletal muscle in the immobilized leg of mice lacking the translational  repressors, 4E-BP1 and 4E-BP2 (knockout mice), compared with wild-type mice.  However, disuse-induced muscle atrophy occurs to the same extent in both  wild-type and knockout mice suggesting that compensatory mechanisms are induced  that overcome the upregulation of muscle protein synthesis. Proteomic analysis  revealed that mRNAs encoding several glycolytic enzymes are differentially  translated in wild-type and knockout mice.",2023,"Journal of applied physiology (Bethesda, Md. : 1985)",9,mice; muscle atrophy; protein; immobilization; mass
Selenoprotein P deficiency protects against immobilization-induced muscle atrophy by suppressing atrophy-related E3 ubiquitin ligases.,"The quality of skeletal muscle is maintained by a balance between protein biosynthesis and degradation. Disruption in this balance results in sarcopenia.  However, its underlying mechanisms remain underinvestigated. Selenoprotein P  (SeP; encoded by Selenop in mice) is a hepatokine that is upregulated in type 2  diabetes and aging and causes signal resistances via reductive stress. We created  immobilized muscle atrophy model in Selenop knockout (KO) mice. Immobilization  (IMM) significantly reduced cross-sectional areas and the size of skeletal muscle  fibers, which were ameliorated in KO mice. IMM upregulated the genes encoding E3  ubiquitin ligases and their upstream FoxO1, FoxO3, and KLF15 transcription  factors in the skeletal muscle, which were suppressed in KO mice. These findings  suggest a possible involvement of SeP-mediated reductive stress in physical  inactivity-mediated sarcopenia, which may be a therapeutic target against  sarcopenia.NEW & NOTEWORTHY Selenoprotein P (SeP) is a hepatokine that is  upregulated in type 2 diabetes and aging and causes signal resistances via  reductive stress. Immobilization (IMM) significantly reduced skeletal muscle mass  in mice, which was prevented in SeP knockout (KO) mice. IMM-induced  Foxos/KLF15-atrogene upregulation was suppressed in the skeletal muscle of KO  mice. These findings suggest that SeP-mediated reductive stress is involved in  and may be a therapeutic target for physical inactivity-mediated muscle atrophy.",2023,American journal of physiology. Endocrinology and metabolism,9,mice; muscle atrophy; protein; immobilization; mass
The reciprocal regulation between mitochondrial-associated membranes and Notch signaling in skeletal muscle atrophy.,"Skeletal muscle atrophy and the inhibition of muscle regeneration are known to occur as a natural consequence of aging, yet the underlying mechanisms that lead  to these processes in atrophic myofibers remain largely unclear. Our research has  revealed that the maintenance of proper mitochondrial-associated endoplasmic  reticulum membranes (MAM) is vital for preventing skeletal muscle atrophy in  microgravity environments. We discovered that the deletion of the mitochondrial  fusion protein Mitofusin2 (MFN2), which serves as a tether for MAM, in human  induced pluripotent stem (iPS) cells or the reduction of MAM in differentiated  myotubes caused by microgravity interfered with myogenic differentiation process  and an increased susceptibility to muscle atrophy, as well as the activation of  the Notch signaling pathway. The atrophic phenotype of differentiated myotubes in  microgravity and the regenerative capacity of Mfn2-deficient muscle stem cells in  dystrophic mice were both ameliorated by treatment with the gamma-secretase  inhibitor DAPT. Our findings demonstrate how the orchestration of mitochondrial  morphology in differentiated myotubes and regenerating muscle stem cells plays a  crucial role in regulating Notch signaling through the interaction of MAM.",2023,eLife,6,microgravity; space; spaceflight; simulated; mitochondrial
The impact of mitokine MOTS-c administration on the soleus muscle of rats subjected to a 7-day hindlimb suspension.,"The aim of the study was to investigate the effect of MOTS-c on the key functional alterations in the rat soleus muscle during 7-day unloading - the  transformation of slow fibers into fast ones, atrophy and increased fatigue. We  daily intraperitoneally injected male Wistar rats with a short mitochondrial  peptide MOTS-c during 7-day unloading of their hind limbs. After the end of the  experiment, we conducted an ex vivo fatigue test of soleus muscle and showed that  the MOTS-c administration prevents increased fatigue during 7-day hind limb  unloading. Also, using immunohistochemical analysis, we showed that MOTS-c  prevents the transformation of slow fibers into fast ones, mitigates the slow  muscle atrophy fibers (but not fast ones) of the soleus muscle. In the group  receiving MOTS-c, the decrease in Akt and GSK3β phosphorylation was prevented,  and the 18 S and 28 S rRNA levels were at the control level. The ubiquitin  ligases MuRF and Atrogin-1 mRNA were also reduced compared to the hindlimb  unloading group with placebo. In addition, MOTS-c prevented a decrease in the  expression of a few mitochondrial biogenesis parameters and the level of ACC  phosphorylation (AMPK target). Thus, the MOTS-C injections during hind limb  unloading lead to the normalization of several protein synthesis and degradation  processes and support the expression of genes that ensure muscle resistance to  fatigue.",2025,Journal of muscle research and cell motility,2,soleus; hs; soleus muscle; unloading; rats
"The Brown Bear and Hibernating Mammals as a Translational Model for Human Resilience: Insights for Space Medicine, Critical Care, and Austere Environments.","Long-term spaceflight induces multisystem stress, including cardiovascular deconditioning, skeletal muscle atrophy, immune suppression, and neuro-ocular  syndromes. Current countermeasures reduce symptoms but cannot replicate the  synergistic resilience needed for extended missions or critical illness.  Hibernating animals, specifically brown bears (Ursus arctos), survive prolonged  immobility, starvation, and bradycardia without resultant pathology. This review  incorporates adaptations observed in bears and certain torpid species, including  reversible insulin resistance, suppression of muscle atrophy genes MuRF1 and  Atrogin-1, and maintenance of the heart despite seasonal production decline. The  thirteen-lined ground squirrels (Ictidomys tridecemlineatus) maintain retinal  structure and synaptic stability throughout torpor, avoiding neuro-ocular  complications despite prolonged inactivity. Mechanisms span from RBM3-dependent  synaptic maintenance, titin isoform remodeling under the control of RBM20, mTOR  and FOXO pathway regulation, remodeled hydrogen sulfide metabolism, and  microbiome-mediated nitrogen salvage. These adaptations are different from human  adaptation to microgravity and disuse and offer translational candidates for  synthetic torpor, probiotic engineering, neuroprotection, and protein-sparing  therapy. Hibernators are not passive stress subjects; they perform coordinated  anticipatory responses in multiple organs. Comparing these systems in large and  small hibernators, we aim to uncover a biologically realistic path to human  resilience. These findings guide a shift from reactive, pharmacological measures  for preserving human health during space flight, intensive care, and extreme  environments towards proactive, biologically initiated measures.",2025,Biology,6,microgravity; space; spaceflight; simulated; mitochondrial
Muscle immobilization activates mitophagy and disrupts mitochondrial dynamics in mice.,"AIM: Skeletal muscle atrophy following prolonged immobilization (IM) is a catabolic state characterized by increased proteolysis and functional  deterioration. Previous research indicates that discord of mitochondrial  homoeostasis plays a critical role in muscle atrophy. We hypothesized that muscle  IM would activate the ubiquitin-proteolysis, autophagy-lysosome (mitophagy)  pathway, mitochondrial dynamics remodelling and apoptosis partially controlled by  the FoxO signalling pathway. METHODS: Female FVB/N mice were randomly divided  into five groups (n = 8 each): control (CON), IM with banding of one of the  hindlimbs for 1, 2 and 3 weeks (1w-, 2w- and 3w-IM) and 2w-IM followed by 1 week  of remobilization (RM). RESULTS: Mitochondrial density and DNA copies in tibialis  anterior (TA) muscle were reduced by approx. 80% (P < 0.05 for 2w-IM; P < 0.01  for 3w-IM), along with activation of FoxO3a, atrogin-1 and MuRF1 following 2w-  and 3w-IM (P < 0.01). Protein markers of autophagy/mitophagy, such as beclin 1  (approx. 2.7-fold; P < 0.01), LC3, ubiquitin-binding adaptor (approx. 1.47-fold;  P < 0.01), Rheb (approx. 1.9-fold; P < 0.05) and parkin (approx. 70%; P < 0.05),  were all increased by IM and remained activated after RM, whereas BNIP3 and PINK1  levels were decreased by IM (P < 0.05), but elevated upon RM (P < 0.01). IM  decreased Mfn2 expression (approx. 50%; P < 0.01) and increased Fis-1 expression  (approx. 2.4-fold; P < 0.05). Muscle apoptosis indicator Bax/Bcl2 ratio was  elevated at 2w- to 3w-IM (approx. 3.7-fold; P < 0.01), whereas caspase-3 activity  was five- to sixfold higher (P < 0.01) and remained threefold higher above CON  (P < 0.05). CONCLUSION: Our data indicate that IM-induced mitochondrial  deterioration is associated with altered protein expressions in the  autophagic/mitophagic pathway, more fragmented mitochondrial network and  activation of apoptosis partly under the influence of FoxO3 activation.",2016,"Acta physiologica (Oxford, England)",8,group; immobilization; expression; protein; cast
A mini review: Proteomics approaches to understand disused vs. exercised human skeletal muscle.,"Immobilization, bed rest, or denervation leads to muscle disuse and subsequent skeletal muscle atrophy. Muscle atrophy can also occur as a component of various  chronic diseases such as cancer, AIDS, sepsis, diabetes, and chronic heart  failure or as a direct result of genetic muscle disorders. In addition to this  atrophic loss of muscle mass, metabolic deregulation of muscle also occurs. In  contrast, physical exercise plays a beneficial role in counteracting  disuse-induced atrophy by increasing muscle mass and strength. Along with this,  exercise can also reduce mitochondrial dysfunction and metabolic deregulation.  Still, while exercise causes valuable metabolic and functional adaptations in  skeletal muscle, the mechanisms and effectors that lead to these changes such as  increased mitochondria content or enhanced protein synthesis are not fully  understood. Therefore, mechanistic insights may ultimately provide novel ways to  treat disuse induced atrophy and metabolic deregulation. Mass spectrometry  (MS)-based proteomics offers enormous promise for investigating the molecular  mechanisms underlying disuse and exercise-induced changes in skeletal muscle.  This review will focus on initial findings uncovered by using proteomics  approaches with human skeletal muscle specimens and discuss their potential for  the future study.",2018,Physiological genomics,7,skeletal; skeletal muscle; muscle atrophy; protein; role
UBE2D2 is not involved in MuRF1-dependent muscle wasting during hindlimb suspension.,"The Ubiquitin Proteasome System (UPS) is mainly responsible for the increased protein breakdown observed in muscle wasting. The E3 ligase MuRF1 is so far the  only enzyme known to direct the main contractile proteins for degradation (i.e.  troponin I, myosin heavy chains and actin). However, MuRF1 does not possess any  catalytic activity and thus depends on the presence of a dedicated E2 for  catalyzing the covalent binding of polyubiquitin (polyUb) chains on the  substrates. The E2 enzymes belonging to the UBE2D family are commonly used for in  vitro ubiquitination assays but no experimental data suggesting their  physiological role as bona fide MuRF1-interacting E2 enzymes are available. In  this work, we first found that the mRNA levels of critical E3 enzymes implicated  in the atrophying program (MuRF1, MAFbx, Nedd4 and to a lesser extent Mdm2) are  tightly and rapidly controlled during the atrophy (up regulation) and recovery  (down regulation) phases in the soleus muscle from hindlimb suspended rats. By  contrast, E3 ligases (Ozz, ASB2β and E4b) implicated in other processes (muscle  development or regeneration) poorly responded to atrophy and recovery. UBE2B, an  E2 enzyme systematically up regulated in various catabolic situations, was  controlled at the mRNA levels like the E3s implicated in the atrophying process.  By contrast, UBE2D2 was progressively repressed during atrophy and recovery,  which makes it a poor candidate for a role during muscle atrophy. In addition,  UBE2D2 did not exhibit any affinity with MuRF1 using either yeast two-hybrid or  Surface Plasmon Resonance (SPR) approaches. Finally, UBE2D2 was unable to promote  the degradation of the MuRF1 substrate α-actin in HEK293T cells, suggesting that  no functional interaction exists between these enzymes within a cellular context.  Altogether, our data strongly suggest that UBE2D2 is not the cognate  ubiquitinating enzyme for MuRF1 and that peculiar properties of UBE2D enzymes may  have biased in vitro ubiquitination assays.",2016,The international journal of biochemistry & cell biology,0,recovery; reloading; mass; muscle mass; mice
PAC1 Deficiency Protects Obese Male Mice From Immobilization-Induced Muscle Atrophy by Suppressing FoxO-Atrogene Axis.,"Muscle atrophy is the cause and consequence of obesity. Proteasome dysfunction mediates obesity-induced endoplasmic reticulum (ER) stress and insulin resistance  in the liver and adipose tissues. However, obesity-associated regulation of  proteasome function and its role in the skeletal muscles remains  underinvestigated. Here, we established skeletal muscle-specific 20S proteasome  assembly chaperone-1 (PAC1) knockout (mPAC1KO) mice. A high-fat diet (HFD)  activated proteasome function by ∼8-fold in the skeletal muscles, which was  reduced by 50% in mPAC1KO mice. mPAC1KO induced unfolded protein responses in the  skeletal muscles, which were reduced by HFD. Although the skeletal muscle mass  and functions were not different between the genotypes, genes involved in the  ubiquitin proteasome complex, immune response, endoplasmic stress, and myogenesis  were coordinately upregulated in the skeletal muscles of mPAC1KO mice. Therefore,  we introduced an immobilization-induced muscle atrophy model in obesity by  combining HFD and immobilization. mPAC1KO downregulated atrogin-1 and MuRF1,  together with their upstream Foxo1 and Klf15, and protected against disused  skeletal muscle mass reduction. In conclusion, obesity elevates proteasome  functions in the skeletal muscles. PAC1 deficiency protects mice from  immobilization-induced muscle atrophy in obesity. These findings suggest  obesity-induced proteasome activation as a possible therapeutic target for  immobilization-induced muscle atrophy.",2023,Endocrinology,9,mice; muscle atrophy; protein; immobilization; mass
ALDH2 mutation promotes skeletal muscle atrophy in mice via accumulation of oxidative stress.,"Muscle atrophy is promoted by various factors including aging, immobilization, unloading and use of drugs such as steroids. However, genetic risk factors for  muscle atrophy are less well known. Here, we show that a missense SNP in the  ALDH2 gene, rs671 (ALDH2*2), a dominant negative mutation, promotes significant  muscle atrophy in the ALDH2*2 mouse model, accompanied by decreased expression of  anabolic and catabolic muscle factors and acquisition of a low turnover state. We  also demonstrate that expression of LC3, which is require for auto-phagosome  formation during autophagy, increases in ALDH2*2 mouse muscles. We show that  4-hydroxynonenal (4HNE), a peroxidated lipid-protein and oxidant, accumulates in  ALDH2*2 mouse muscles. We have shown that the rs671 mutation is associated with  increased serum levels of acetaldehyde, an alcohol metabolite. We show that  expression of the atrogenes Atrogin1 and MuRF1 significantly increased in  myogenic cells following acetaldehyde treatment, an outcome significantly  inhibited in vitro by Trolox C, an anti-oxidant. Muscle atrophy in ALDH2*2 mice  was also significantly rescued by dietary administration of the anti-oxidant  vitamin E, which blocked 4HNE accumulation in muscle. Taken together, our data  indicate that rs671 is a genetic risk factor for muscle atrophy, but that such  atrophy can be rescued by vitamin E treatment.",2021,Bone,9,mice; muscle atrophy; protein; immobilization; mass
"Skeletal muscle wasting with disuse atrophy is multi-dimensional: the response and interaction of myonuclei, satellite cells and signaling pathways.","Maintenance of skeletal muscle is essential for health and survival. There are marked losses of skeletal muscle mass as well as strength and physiological  function under conditions of low mechanical load, such as space flight, as well  as ground based models such as bed rest, immobilization, disuse, and various  animal models. Disuse atrophy is caused by mechanical unloading of muscle and  this leads to reduced muscle mass without fiber attrition. Skeletal muscle stem  cells (satellite cells) and myonuclei are integrally involved in skeletal muscle  responses to environmental changes that induce atrophy. Myonuclear domain size is  influenced differently in fast and slow twitch muscle, but also by different  models of muscle wasting, a factor that is not yet understood. Although the  myonuclear domain is 3-dimensional this is rarely considered. Apoptosis as a  mechanism for myonuclear loss with atrophy is controversial, whereas cell death  of satellite cells has not been considered. Molecular signals such as  myostatin/SMAD pathway, MAFbx, and MuRF1 E3 ligases of the ubiquitin proteasome  pathway and IGF1-AKT-mTOR pathway are 3 distinctly different contributors to  skeletal muscle protein adaptation to disuse. Molecular signaling pathways  activated in muscle fibers by disuse are rarely considered within satellite cells  themselves despite similar exposure to unloading or low mechanical load. These  molecular pathways interact with each other during atrophy and also when various  interventions are applied that could alleviate atrophy. Re-applying mechanical  load is an obvious method to restore muscle mass, however how nutrient  supplementation (e.g., amino acids) may further enhance recovery (or reduce  atrophy despite unloading or ageing) is currently of great interest. Satellite  cells are particularly responsive to myostatin and to growth factors. Recently,  the hibernating squirrel has been identified as an innovative model to study  resistance to atrophy.",2014,Frontiers in physiology,7,skeletal; skeletal muscle; muscle atrophy; protein; role
Electrical stimulated GLUT4 signalling attenuates critical illness-associated muscle wasting.,"BACKGROUND: Critical illness myopathy (CIM) is a debilitating condition characterized by the preferential loss of the motor protein myosin. CIM is a  by-product of critical care, attributed to impaired recovery, long-term  complications, and mortality. CIM pathophysiology is complex, heterogeneous and  remains incompletely understood; however, loss of mechanical stimuli contributes  to critical illness-associated muscle atrophy and weakness. Passive mechanical  loading and electrical stimulation (ES) therapies augment muscle mass and  function. While having beneficial outcomes, the mechanistic underpinning of these  therapies is less known. Therefore, here we aimed to assess the mechanism by  which chronic supramaximal ES ameliorates CIM in a unique experimental rat model  of critical care. METHODS: Rats were subjected to 8 days of critical care  conditions entailing deep sedation, controlled mechanical ventilation, and  immobilization with and without direct soleus ES. Muscle size and function were  assessed at the single cell level. RNAseq and western blotting were employed to  understand the mechanisms driving ES muscle outcomes in CIM. RESULTS: Following  8 days of controlled mechanical ventilation and immobilization, soleus muscle  mass, myosin : actin ratio, and single muscle fibre maximum force normalized to  cross-sectional area (CSA; specific force) were reduced by 40-50% (P < 0.0001).  ES significantly reduced the loss of soleus muscle fibre CSA and myosin : actin  ratio by approximately 30% (P < 0.05) yet failed to effect specific force. RNAseq  pathway analysis revealed downregulation of insulin signalling in the soleus  muscle following critical care, and GLUT4 trafficking was reduced by 55% leading  to an 85% reduction of muscle glycogen content (P < 0.01). ES promoted  phosphofructokinase and insulin signalling pathways to control levels (P < 0.05),  consistent with the maintenance of GLUT4 translocation and glycogen levels. AMPK,  but not AKT, signalling pathway was stimulated following ES, where the downstream  target TBC1D4 increased 3 logFC (P = 0.029) and AMPK-specific P-TBC1D4 levels  were increased approximately two-fold (P = 0.06). Reduction of muscle protein  degradation rather than increased synthesis promoted soleus CSA, as ES reduced E3  ubiquitin proteins, Atrogin-1 (P = 0.006) and MuRF1 (P = 0.08) by approximately  50%, downstream of AMPK-FoxO3. CONCLUSIONS: ES maintained GLUT4 translocation  through increased AMPK-TBC1D4 signalling leading to improved muscle glucose  homeostasis. Soleus CSA and myosin content was promoted through reduced protein  degradation via AMPK-FoxO3 E3 ligases, Atrogin-1 and MuRF1. These results  demonstrate chronic supramaximal ES reduces critical care associated muscle  wasting, preserved glucose signalling, and reduced muscle protein degradation in  CIM.",2022,"Journal of cachexia, sarcopenia and muscle",0,recovery; reloading; mass; muscle mass; mice
Decreased expression of H19/miR-675 ameliorates muscle atrophy by regulating the IGF1R/Akt/FoxO signaling pathway.,"BACKGROUND: Long non-coding RNA (lncRNA) H19 is one of the most highly expressed and conserved transcripts in mammalian development, and its functions have been  fully discussed in many contexts including tumorigenesis and skeletal muscle  development. However, its exact role in muscle atrophy remains largely unknown.  This study investigated the effect of lncRNA H19 on muscle atrophy and the  potential underlying mechanism. METHODS: Hindlimb suspension (HS) of C57BL/6 mice  and starvation of C2C12 cells with PBS were conducted to induce atrophy.  Real-time PCR and Western blotting were used to measure the expression of RNAs  and proteins. LncRNA H19 and its encoded miR-675 were overexpressed or inhibited  in different models of muscle atrophy. Immunofluorescence was carried out to  examine the cross-sectional area (CSA) and minimal Feret's diameter (MFD) of  myofibers and myotube diameter. RESULTS: The expression levels of lncRNA H19 and  miR-675 were significantly reduced in both the soleus and gastrocnemius muscles  in response to HS. Overexpression of lncRNA H19 led to an increase in Atrogin-1  mRNA expression, and this effect was reversed by inhibiting miR-675. The  overexpression of miR-675 aggravated both HS- and starving-induced muscle atrophy  by inhibiting the IGF1R/Akt signaling pathway and promoting FoxO/Atrogin-1  expression. Conversely, miR-675 inhibition had the opposite effects. CONCLUSION:  The lncRNA H19/miR-675 axis can induce muscle atrophy, and its downregulation in  mice with HS-induced muscle atrophy may act as a protective mechanism against  this condition.",2023,"Molecular medicine (Cambridge, Mass.)",9,mice; muscle atrophy; protein; immobilization; mass
A Novel Muscle Atrophy Mechanism: Myocyte Degeneration Due to Intracellular Iron Deprivation.,"Muscle atrophy is defined as the progressive degeneration or shrinkage of myocytes and is triggered by factors such as aging, cancer, injury, inflammation,  and immobilization. Considering the total amount of body iron stores and its  crucial role in skeletal muscle, myocytes may have their own iron regulation  mechanism. Although the detrimental effects of iron overload or iron deficiency  on muscle function have been studied, the molecular mechanism of iron-dependent  muscle atrophy has not been elucidated. Using human muscle tissues and in the  mouse rotator cuff tear model, we confirmed an association between injury-induced  iron depletion in myocytes and muscle atrophy. In differentiated C2C12 myotubes,  the effects of iron deficiency on myocytes and the molecular mechanism of muscle  atrophy by iron deficiency were evaluated. Our study revealed that the lower iron  concentration in injured muscle was associated with the upregulation of  ferroportin, an iron exporter that transports iron out of cells. Ferroportin  expression was increased by hypoxia-inducible factor 1α (HIF1α), which is  activated by muscle injury, and its expression is controlled by HIF1 inhibitor  treatment. Iron deprivation caused myocyte loss and a marked depletion of  mitochondrial membrane potential leading to muscle atrophy, together with  increased levels of myostatin, the upstream regulator of atrogin1 and muscle  RING-finger protein-1 (MuRF1). Myostatin expression under iron deficiency was  mediated by an orphan nuclear receptor, dosage-sensitive sex reversal-adrenal  hypoplasia congenita critical region on the X chromosome (DAX1).",2022,Cells,7,skeletal; skeletal muscle; muscle atrophy; protein; role
An Amino Acid Mixture to Counteract Skeletal Muscle Atrophy: Impact on Mitochondrial Bioenergetics.,"Skeletal muscle atrophy (SMA) is caused by a rise in muscle breakdown and a decline in protein synthesis, with a consequent loss of mass and function. This  study characterized the effect of an amino acid mixture (AA) in models of SMA,  focusing on mitochondria. C57/Bl6 mice underwent immobilization of one hindlimb  (I) or cardiotoxin-induced muscle injury (C) and were compared with controls  (CTRL). Mice were then administered AA in drinking water for 10 days and compared  to a placebo group. With respect to CTRL, I and C reduced running time and  distance, along with grip strength; however, the reduction was prevented by AA.  Tibialis anterior (TA) muscles were used for histology and mitochondria  isolation. I and C resulted in TA atrophy, characterized by a reduction in both  wet weight and TA/body weight ratio and smaller myofibers than those of CTRL.  Interestingly, these alterations were lightly observed in mice treated with AA.  The mitochondrial yield from the TA of I and C mice was lower than that of CTRL  but not in AA-treated mice. AA also preserved mitochondrial bioenergetics in TA  muscle from I and C mice. To conclude, this study demonstrates that AA prevents  loss of muscle mass and function in SMA by protecting mitochondria.",2024,International journal of molecular sciences,9,mice; muscle atrophy; protein; immobilization; mass
Mechanical loading of tissue engineered skeletal muscle prevents dexamethasone induced myotube atrophy.,"Skeletal muscle atrophy as a consequence of acute and chronic illness, immobilisation, muscular dystrophies and aging, leads to severe muscle weakness,  inactivity and increased mortality. Mechanical loading is thought to be the  primary driver for skeletal muscle hypertrophy, however the extent to which  mechanical loading can offset muscle catabolism has not been thoroughly explored.  In vitro 3D-models of skeletal muscle provide a controllable, high throughput  environment and mitigating many of the ethical and methodological constraints  present during in vivo experimentation. This work aimed to determine if  mechanical loading would offset dexamethasone (DEX) induced skeletal muscle  atrophy, in muscle engineered using the C2C12 murine cell line. Mechanical  loading successfully offset myotube atrophy and functional degeneration  associated with DEX regardless of whether the loading occurred before or after  24 h of DEX treatment. Furthermore, mechanical load prevented increases in MuRF-1  and MAFbx mRNA expression, critical regulators of muscle atrophy. Overall, we  demonstrate the application of tissue engineered muscle to study skeletal muscle  health and disease, offering great potential for future use to better understand  treatment modalities for skeletal muscle atrophy.",2021,Journal of muscle research and cell motility,7,skeletal; skeletal muscle; muscle atrophy; protein; role
Smad2/3 Proteins Are Required for Immobilization-induced Skeletal Muscle Atrophy.,"Skeletal muscle atrophy promotes muscle weakness, limiting activities of daily living. However, mechanisms underlying atrophy remain unclear. Here, we show that  skeletal muscle immobilization elevates Smad2/3 protein but not mRNA levels in  muscle, promoting atrophy. Furthermore, we demonstrate that myostatin, which  negatively regulates muscle hypertrophy, is dispensable for denervation-induced  muscle atrophy and Smad2/3 protein accumulation. Moreover, muscle-specific  Smad2/3-deficient mice exhibited significant resistance to denervation-induced  muscle atrophy. In addition, expression of the atrogenes Atrogin-1 and MuRF1,  which underlie muscle atrophy, did not increase in muscles of Smad2/3-deficient  mice following denervation. We also demonstrate that serum starvation promotes  Smad2/3 protein accumulation in C2C12 myogenic cells, an in vitro muscle atrophy  model, an effect inhibited by IGF1 treatment. In vivo, we observed IGF1 receptor  deactivation in immobilized muscle, even in the presence of normal levels of  circulating IGF1. Denervation-induced muscle atrophy was accompanied by reduced  glucose intake and elevated levels of branched-chain amino acids, effects that  were Smad2/3-dependent. Thus, muscle immobilization attenuates IGF1 signals at  the receptor rather than the ligand level, leading to Smad2/3 protein  accumulation, muscle atrophy, and accompanying metabolic changes.",2016,The Journal of biological chemistry,7,skeletal; skeletal muscle; muscle atrophy; protein; role
Sex-specific protective effects of angiotensin II type 1 receptor knockdown on disuse muscle atrophy in the rat soleus muscle.,"Skeletal muscle disuse leads to atrophy. Accumulating evidence suggests that angiotensin II type 1 receptor (AT1R) contributes to sex-dependent catabolic  signaling. However, the direct role of AT1R in skeletal muscle is unclear. This  study investigated whether selective suppression of AT1R expression in the rat  soleus muscle via adeno-associated virus serotype 9 (AAV9)-mediated short hairpin  RNA (shRNA) delivery could mitigate hindlimb unloading (HU)-induced muscle  atrophy, and whether this effect differed between male and female rats. Male and  female rats received intramuscular injections of AAV9 vectors encoding  AT1R-targeted shRNA into the soleus muscle. After 7 days of HU, AT1R gene copy  number (digital PCR), receptor abundance (ligand-binding assay), muscle fiber  cross-sectional area (CSA), and downstream molecular markers (including  phosphorylated Smad2/3 and Smad1/5/8, HDAC4 expression, and the atrogenes, Fbxo32  and Trim63) were assessed. Female rats exhibited higher AT1R gene copy numbers,  which were selectively reduced by AAV9-shRNA. Ligand binding confirmed reduced  receptor abundance in both sexes. CSA loss attenuation was observed exclusively  in females, particularly in type I fibers. In female animals, AT1R knockdown  substantially increased Smad1/5/8 phosphorylation and decreased HDAC4 expression.  The AT1R copy number was positively correlated with Fbxo32 and Trim63 expression,  independent of AAV dose. AT1R plays a sex-specific role in disuse-induced muscle  atrophy, as muscle-specific AT1R knockdown conferred selective protection in  female rats. The effect appears to be mediated via Smad1/5/8-HDAC4 signaling  rather than oxidative stress or autophagy. This study provides mechanistic  support for sex-informed therapeutic strategies targeting the muscle-localized  renin-angiotensin system.NEW & NOTEWORTHY In this study, we demonstrate that  muscle-specific knockdown of angiotensin II type 1 receptor (AT1R) via AAV9-shRNA  selectively protects female rats against disuse-induced soleus muscle atrophy.  The protective effect was restricted to type I fibers and associated with  enhanced Smad1/5/8 signaling and reduced HDAC4 and atrogene expression. These  findings reveal a sex-specific mechanism in local AT1R signaling and identify a  potential therapeutic target for disuse atrophy with consideration of biological  sex.",2025,"Journal of applied physiology (Bethesda, Md. : 1985)",2,soleus; hs; soleus muscle; unloading; rats
Astaxanthin intake attenuates muscle atrophy caused by immobilization in rats.,"Astaxanthin is a carotenoid pigment and has been shown to be an effective inhibitor of oxidative damage. We tested the hypothesis that astaxanthin intake  would attenuate immobilization-induced muscle atrophy in rats. Male Wistar rats  (14-week old) were fed for 24 days with either astaxanthin or placebo diet. After  14 days of each experimental diet intake, the hindlimb muscles of one leg were  immobilized in plantar flexion position using a plaster cast. Following 10 days  of immobilization, both the atrophic and the contralateral plantaris muscles were  removed and analyzed to determine the level of muscle atrophy along with  measurement of the protein levels of CuZn-superoxide dismutase (CuZn-SOD) and  selected proteases. Compared with placebo diet animals, the degree of muscle  atrophy in response to immobilization was significantly reduced in astaxanthin  diet animals. Further, astaxanthin supplementation significantly prevented the  immobilization-induced increase in the expression of CuZn-SOD, cathepsin L,  calpain, and ubiquitin in the atrophied muscle. These results support the  postulate that dietary astaxanthin intake attenuates the rate of disuse muscle  atrophy by inhibiting oxidative stress and proteolysis via three major  proteolytic pathways.",2016,Physiological reports,8,group; immobilization; expression; protein; cast
Challenges of rapamycin repurposing as a potential therapeutic candidate for COVID-19: implications for skeletal muscle metabolic health in older persons.,"The novel severe acute respiratory syndrome coronavirus 2 (SARS-CoV-2) emerged as the causative agent of the ongoing coronavirus disease 2019 (COVID-19) pandemic  that has spread worldwide, resulting in over 6 million deaths as of March 2022.  Older people have been disproportionately affected by the disease, as they have a  greater risk of hospitalization, are more vulnerable to severe infection, and  have higher mortality than younger patients. Although effective vaccines have  been rapidly developed and administered globally, several clinical trials are  ongoing to repurpose existing drugs to combat severe infection. One such drug,  rapamycin, is currently under study for this purpose, given its immunosuppressant  effects that are mediated by its inhibition of the mechanistic target of  rapamycin (mTOR), a master regulator of cell growth. Consistent with this  premise, acute rapamycin administration in young healthy humans blocks or  attenuates mTOR and its downstream effectors, leading to the inhibition of muscle  protein synthesis (MPS). Skeletal muscle mass declines when MPS is chronically  lower than muscle protein breakdown. This is consequential for older people who  are more susceptible to anabolic resistance (i.e., the blunting of MPS) due to  reduced activity, sedentariness, or bed rest such as that associated with  COVID-19 hospitalization, and who have also demonstrated a delayed or blunted  ability to regain inactivity-induced muscle loss. The lack of studies  investigating rapamycin administration on skeletal muscle in older people, and  the emergence of effective antiviral medications against severe infection, may  indicate the reduced relevance of drug repurposing for present or future  pandemics.",2022,American journal of physiology. Endocrinology and metabolism,5,older; bed; hmb; bed rest; rest
"Loss of melusin is a novel, neuronal NO synthase/FoxO3-independent master switch of unloading-induced muscle atrophy.","BACKGROUND: Unloading/disuse induces skeletal muscle atrophy in bedridden patients and aged people, who cannot prevent it by means of exercise. Because  interventions against known atrophy initiators, such as oxidative stress and  neuronal NO synthase (nNOS) redistribution, are only partially effective, we  investigated the involvement of melusin, a muscle-specific integrin-associated  protein and a recognized regulator of protein kinases and mechanotransduction in  cardiomyocytes. METHODS: Muscle atrophy was induced in the rat soleus by tail  suspension and in the human vastus lateralis by bed rest. Melusin expression was  investigated at the protein and transcript level and after treatment of  tail-suspended rats with atrophy initiator inhibitors. Myofiber size, sarcolemmal  nNOS activity, FoxO3 myonuclear localization, and myofiber carbonylation of the  unloaded rat soleus were studied after in vivo melusin replacement by cDNA  electroporation, and muscle force, myofiber size, and atrogene expression after  adeno-associated virus infection. In vivo interference of exogenous melusin with  dominant-negative kinases and other atrophy attenuators (Grp94 cDNA;  7-nitroindazole) on size of unloaded rat myofibers was also explored. RESULTS:  Unloading/disuse reduced muscle melusin protein levels to about 50%, already  after 6 h in the tail-suspended rat (P < 0.001), and to about 35% after 8 day bed  rest in humans (P < 0.05). In the unloaded rat, melusin loss occurred despite of  the maintenance of β1D integrin levels and was not abolished by treatments  inhibiting mitochondrial oxidative stress, or nNOS activity and redistribution.  Expression of exogenous melusin by cDNA transfection attenuated atrophy of 7 day  unloaded rat myofibers (-31%), compared with controls (-48%, P = 0.001), without  hampering the decrease in sarcolemmal nNOS activity and the increase in  myonuclear FoxO3 and carbonylated myofibers. Infection with melusin-expressing  adeno-associated virus ameliorated contractile properties of 7 day unloaded  muscles (P ≤ 0.05) and relieved myofiber atrophy (-33%) by reducing Atrogin-1 and  MurF-1 transcripts (P ≤ 0.002), despite of a two-fold increase in FoxO3 protein  levels (P = 0.03). Atrophy attenuation by exogenous melusin did not result from  rescue of Akt, ERK, or focal adhesion kinase activity, because it persisted after  co-transfection with dominant-negative kinase forms (P < 0.01). Conversely,  melusin cDNA transfection, combined with 7-nitroindazole treatment or with cDNA  transfection of the nNOS-interacting chaperone Grp94, abolished 7 day unloaded  myofiber atrophy. CONCLUSIONS: Disuse/unloading-induced loss of melusin is an  early event in muscle atrophy which occurs independently from mitochondrial  oxidative stress, nNOS redistribution, and FoxO3 activation. Only preservation of  melusin levels and sarcolemmal nNOS localization fully prevented muscle mass  loss, demonstrating that both of them act as independent, but complementary,  master switches of muscle disuse atrophy.",2020,"Journal of cachexia, sarcopenia and muscle",9,mice; muscle atrophy; protein; immobilization; mass
Muscle-specific GSK-3β ablation accelerates regeneration of disuse-atrophied skeletal muscle.,"Muscle wasting impairs physical performance, increases mortality and reduces medical intervention efficacy in chronic diseases and cancer. Developing  proficient intervention strategies requires improved understanding of the  molecular mechanisms governing muscle mass wasting and recovery. Involvement of  muscle protein- and myonuclear turnover during recovery from muscle atrophy has  received limited attention. The insulin-like growth factor (IGF)-I signaling  pathway has been implicated in muscle mass regulation. As glycogen synthase  kinase 3 (GSK-3) is inhibited by IGF-I signaling, we hypothesized that  muscle-specific GSK-3β deletion facilitates the recovery of disuse-atrophied  skeletal muscle. Wild-type mice and mice lacking muscle GSK-3β (MGSK-3β KO) were  subjected to a hindlimb suspension model of reversible disuse-induced muscle  atrophy and followed during recovery. Indices of muscle mass, protein synthesis  and proteolysis, and post-natal myogenesis which contribute to myonuclear  accretion, were monitored during the reloading of atrophied muscle. Early muscle  mass recovery occurred more rapidly in MGSK-3β KO muscle. Reloading-associated  changes in muscle protein turnover were not affected by GSK-3β ablation. However,  coherent effects were observed in the extent and kinetics of satellite cell  activation, proliferation and myogenic differentiation observed during reloading,  suggestive of increased myonuclear accretion in regenerating skeletal muscle  lacking GSK-3β. This study demonstrates that muscle mass recovery and post-natal  myogenesis from disuse-atrophy are accelerated in the absence of GSK-3β.",2015,Biochimica et biophysica acta,0,recovery; reloading; mass; muscle mass; mice
Exercise preconditioning diminishes skeletal muscle atrophy after hindlimb suspension in mice.,"The aim of the present study was to investigate whether short-term, concurrent exercise training before hindlimb suspension (HLS) prevents or diminishes both  soleus and gastrocnemius atrophy and to analyze whether changes in mitochondrial  molecular markers were associated. Male C57BL/6 mice were assigned to control at  13 ± 1 wk of age, 7-day HLS at 12 ± 1 wk of age (HLS), 2 wk of exercise training  before 7-day HLS at 10 ± 1 wk of age (Ex+HLS), and 2 wk of exercise training at  11 ± 1 wk of age (Ex) groups. HLS resulted in a 27.1% and 21.5% decrease in  soleus and gastrocnemius muscle weight-to-body weight ratio, respectively.  Exercise training before HLS resulted in a 5.6% and 8.1% decrease in soleus and  gastrocnemius weight-to-body weight ratio, respectively. Exercise increased  mitochondrial biogenesis- and function-associated markers and slow myosin heavy  chain (SMHC) expression, and reduced fiber-type transitioning marker myosin heavy  chain 4 (Myh4). Ex+HLS revealed decreased reactive oxygen species (ROS) and  oxidative stress compared with HLS. Our data indicated the time before an  atrophic setting, particularly caused by muscle unloading, may be a useful period  to intervene short-term, progressive exercise training to prevent skeletal muscle  atrophy and is associated with mitochondrial biogenesis, function, and redox  balance. NEW & NOTEWORTHY Mitochondrial dysfunction is associated with  disuse-induced skeletal muscle atrophy, whereas exercise is known to increase  mitochondrial biogenesis and function. Here we provide evidence of short-term  concurrent exercise training before an atrophic event protecting skeletal muscle  from atrophy in two separate muscles with different, dominant fiber-types, and we  reveal an association with the adaptive changes of mitochondrial molecular  markers to exercise.",2018,"Journal of applied physiology (Bethesda, Md. : 1985)",3,mitochondrial; ros; pgc1α; disuse; mitophagy
Gaining insight into the role of FoxO1 in the progression of disuse-induced skeletal muscle atrophy.,"Expression of FoxO transcription factors increases during certain forms of atrophy. In a dephosphorylated state, FoxOs participate in ubiquitin-mediated  proteasomal degradation through the transcriptional activation of E3-ubiquitin  ligases such as MAFbx/atrogin-1 and MuRF1. There is exhaustive research  demonstrating that FoxO3a is sufficient to induce MAFbx/atrogin-1 and MuRF-1  expressions. In contrast, the data are conflicting on the requirement of FoxO1  signaling in the activation of the E3-ubiquitin ligases. Moreover, no reports  currently exist on the particular role of FoxO1 in the molecular mechanisms  involved in the progression of physiological muscle wasting. Here, we have  applied the most extensively used rodent model of microgravity/functional  unloading to stimulate disuse-induced skeletal muscle atrophy such as rat  hindlimb suspension (HS). We showed that inhibition of FoxO1 activity by a  selective inhibitor AS1842856 completely reversed an increase in expression of  MuRF-1, but not MAFbx/atrogin-1, observed upon HS. Furthermore, we demonstrated  that FoxO1 induced upregulation of another E3-ubiquitin-ligase of a MuRF protein  family MuRF-2 in skeletal muscle subjected to disuse. Prevention of the MuRF  increase upon HS impeded upregulation of transcript expression of a negative  regulator of NFATc1 pathway calsarcin-2, which was associated with a partial  reversion of MyHC-IId/x and MyHC-IIb mRNA expressions. Importantly, FoxO1  inhibition induced a marked increase in p70S6k phosphorylation, an important  stage in the initiation of protein translation, concomitant with the restoration  of global protein synthesis in the skeletal muscle of the HS rats. Examination of  eIF3f expression and the eEF2k/eEF2 pathway, other factors controlling  translation initiation and elongation respectively, did not reveal any impact of  FoxO1 on their activity. Lastly, we observed a decrease in transcript levels of  Sesn3, but not Sesn1 and Sesn2, upon disuse, which was completely reversed by  FoxO1 inhibition. These data demonstrate that FoxO1 signaling contributes to the  development of disuse-induced skeletal muscle atrophy, including slow to fast  MyHC isoform shift, mostly through upregulation of MuRF-1 and MuRF-2 expression.  Furthermore, FoxO1 inhibition is required to recover Sesn3 mRNA expression in  atrophic conditions, which likely contributes to the enhanced p70S6k activity and  restoration of the protein synthesis rate.",2022,Advances in biological regulation,7,skeletal; skeletal muscle; muscle atrophy; protein; role
Microgravity-Induced Muscle Atrophy in Rodent and Human Models(‡).,"Exposure to microgravity leads to severe skeletal muscle atrophy, particularly in muscles that act to maintain posture against gravity, and results in significant  reductions in muscle mass, cross-sectional area, and contractile force. This  review examines the physiological and cellular response of microgravity in both  rodent and human models, emphasizing shifts in muscle fiber type, altered  contractile properties, and molecular adaptations. Specifically, rodents exhibit  rapid atrophy, predominantly in slow-twitch fibers, whereas human studies suggest  greater intersubject variability, with both slow- and fast-twitch fibers  significantly affected. Cellular responses due to microgravity reveal  mitochondrial dysfunction, oxidative stress, and impaired synaptogenesis as key  contributors to muscle degradation. Further, despite exercise countermeasures,  spaceflight induced atrophy remains a significant challenge. Understanding these  mechanisms is crucial for developing therapeutics to mitigate musculoskeletal  degradation during prolonged spaceflight. The aim of this review is to compare  the effects of microgravity-induced skeletal muscle atrophy across rodent, human,  and in vitro models, highlight species differences in responses, and evaluate  Reactive Oxygen Species (ROS)-mediated mechanisms that underlie muscle loss  throughout spaceflight.",2026,Free radical biology & medicine,6,microgravity; space; spaceflight; simulated; mitochondrial
Smad2 and Smad3 expressed in skeletal muscle promote immobilization-induced bone atrophy in mice.,"Skeletal muscle is known to regulate bone homeostasis through muscle-bone interaction, although factors that control this activity remain unclear. Here, we  newly established Smad3-flox mice, and then generated skeletal muscle-specific  Smad2/Smad3 double conditional knockout mice (DcKO) by crossing Smad3-flox with  skeletal muscle-specific Ckmm Cre and Smad2-flox mice. We show that  immobilization-induced gastrocnemius muscle atrophy occurring due to sciatic  nerve denervation was partially but significantly inhibited in DcKO mice,  suggesting that skeletal muscle cell-intrinsic Smad2/3 is required for  immobilization-induced muscle atrophy. Also, tibial bone atrophy seen after  sciatic nerve denervation was partially but significantly inhibited in DcKO mice.  Bone formation rate in wild-type mouse tibia was significantly inhibited by  immobilization, but inhibition was abrogated in DcKO mice. We propose that  skeletal muscle regulates immobilization-induced bone atrophy via Smad2/3, and  Smad2/3 represent potential therapeutic targets to prevent both  immobilization-induced bone and muscle atrophy.",2021,Biochemical and biophysical research communications,9,mice; muscle atrophy; protein; immobilization; mass
Masticatory muscles of mouse do not undergo atrophy in space.,"Muscle loading is important for maintaining muscle mass; when load is removed, atrophy is inevitable. However, in clinical situations such as critical care  myopathy, masticatory muscles do not lose mass. Thus, their properties may be  harnessed to preserve mass. We compared masticatory and appendicular muscles  responses to microgravity, using mice aboard the space shuttle Space  Transportation System-135. Age- and sex-matched controls remained on the ground.  After 13 days of space flight, 1 masseter (MA) and tibialis anterior (TA) were  frozen rapidly for biochemical and functional measurements, and the contralateral  MA was processed for morphologic measurements. Flight TA muscles exhibited 20 ±  3% decreased muscle mass, 2-fold decreased phosphorylated (P)-Akt, and 4- to  12-fold increased atrogene expression. In contrast, MAs had no significant change  in mass but a 3-fold increase in P-focal adhesion kinase, 1.5-fold increase in  P-Akt, and 50-90% lower atrogene expression compared with limb muscles, which  were unaltered in microgravity. Myofibril force measurements revealed that  microgravity caused a 3-fold decrease in specific force and maximal shortening  velocity in TA muscles. It is surprising that myofibril-specific force from both  control and flight MAs were similar to flight TA muscles, yet power was  compromised by 40% following flight. Continued loading in microgravity prevents  atrophy, but masticatory muscles have a different set point that mimics disuse  atrophy in the appendicular muscle.",2015,FASEB journal : official publication of the Federation of American Societies for Experimental Biology,6,microgravity; space; spaceflight; simulated; mitochondrial
Weak by the machines: muscle motor protein dysfunction - a side effect of intensive care unit treatment.,"Intensive care interventions involve periods of mechanical ventilation, sedation and complete mechanical silencing of patients. Critical illness myopathy (CIM) is  an ICU-acquired myopathy that is associated with limb muscle weakness, muscle  atrophy, electrical silencing of muscle and motor proteinopathy. The hallmark of  CIM is a preferential muscle myosin loss due to increased catabolic and reduced  anabolic activity. The ubiquitin proteasome pathway plays an important role,  apart from recently identified novel mechanisms affecting non-lysosomal protein  degradation or autophagy. CIM is not reproduced by pure disuse atrophy,  denervation atrophy, steroid-induced atrophy or septic myopathy, although  combinations of high-dose steroids and denervation can mimic CIM. New animal  models of critical illness and ICU treatment (i.e. mechanical ventilation and  complete immobilization) provide novel insights regarding the time course of  protein synthesis and degradation alterations, and the role of protective  chaperone activities in the process of myosin loss. Altered mechano-signalling  seems involved in triggering a major part of myosin loss in experimental CIM  models, and passive loading of muscle potently ameliorates the CIM phenotype. We  provide a systematic overview of similarities and distinct differences in the  signalling pathways involved in triggering muscle atrophy in CIM and isolated  trigger factors. As preferential myosin loss is mostly determined from  biochemistry analyses providing no spatial resolution of myosin loss processes  within myofibres, we also provide first results monitoring myosin signal  intensities during experimental ICU intervention using multi-photon Second  Harmonic Generation microscopy. Our results confirm that myosin loss is an evenly  distributed process within myofibres rather than being confined to hot spots.",2018,"Acta physiologica (Oxford, England)",0,recovery; reloading; mass; muscle mass; mice
Unloading stress disturbs muscle regeneration through perturbed recruitment and function of macrophages.,"Skeletal muscle is one of the most sensitive tissues to mechanical loading, and unloading inhibits the regeneration potential of skeletal muscle after injury.  This study was designed to elucidate the specific effects of unloading stress on  the function of immunocytes during muscle regeneration after injury. We examined  immunocyte infiltration and muscle regeneration in cardiotoxin (CTX)-injected  soleus muscles of tail-suspended (TS) mice. In CTX-injected TS mice, the  cross-sectional area of regenerating myofibers was smaller than that of  weight-bearing (WB) mice, indicating that unloading delays muscle regeneration  following CTX-induced skeletal muscle damage. Delayed infiltration of macrophages  into the injured skeletal muscle was observed in CTX-injected TS mice.  Neutrophils and macrophages in CTX-injected TS muscle were presented over a  longer period at the injury sites compared with those in CTX-injected WB muscle.  Disturbance of activation and differentiation of satellite cells was also  observed in CTX-injected TS mice. Further analysis showed that the macrophages in  soleus muscles were mainly Ly-6C-positive proinflammatory macrophages, with high  expression of tumor necrosis factor-α and interleukin-1β, indicating that  unloading causes preferential accumulation and persistence of proinflammatory  macrophages in the injured muscle. The phagocytic and myotube formation  properties of macrophages from CTX-injected TS skeletal muscle were suppressed  compared with those from CTX-injected WB skeletal muscle. We concluded that the  disturbed muscle regeneration under unloading is due to impaired macrophage  function, inhibition of satellite cell activation, and their cooperation.",2012,"Journal of applied physiology (Bethesda, Md. : 1985)",0,recovery; reloading; mass; muscle mass; mice
Recovery of muscle mass and muscle oxidative phenotype following disuse does not require GSK-3 inactivation.,"BACKGROUND: Physical inactivity contributes to muscle wasting and reductions in mitochondrial oxidative phenotype (OXPHEN), reducing physical performance and  quality of life during aging and in chronic disease. Previously, it was shown  that inactivation of glycogen synthase kinase (GSK)-3β stimulates muscle protein  accretion, myogenesis, and mitochondrial biogenesis. Additionally, GSK-3β is  inactivated during recovery of disuse-induced muscle atrophy. AIM: Therefore, we  hypothesize that GSK-3 inhibition is required for reloading-induced recovery of  skeletal muscle mass and OXPHEN. METHODS: Wild-type (WT) and whole-body  constitutively active (C.A.) Ser(21/9) GSK-3α/β knock-in mice were subjected to a  14-day hind-limb suspension/14-day reloading protocol. Soleus muscle mass, fiber  cross-sectional area (CSA), OXPHEN (abundance of sub-units of oxidative  phosphorylation (OXPHOS) complexes and fiber-type composition), as well as  expression levels of their main regulators (respectively protein  synthesis/degradation, myogenesis and peroxisome proliferator-activated  receptor-γ co-activator-1α (PGC-1α) signaling) were monitored. RESULTS: Subtle  but consistent differences suggesting suppression of protein turnover signaling  and decreased expression of several OXPHOS sub-units and PGC-1α signaling  constituents were observed at baseline in C.A. GSK-3 versus WT mice. Although  soleus mass recovery during reloading occurred more rapidly in C.A. GSK-3 mice,  this was not accompanied by a parallel increased CSA. The OXPHEN response to  reloading was not distinct between C.A. GSK-3 and WT mice. No consistent or  significant differences in reloading-induced changes in the regulatory steps of  protein turnover, myogenesis or muscle OXPHEN were observed in C.A. GSK-3  compared to WT muscle. CONCLUSION: This study indicates that GSK-3 inactivation  is dispensable for reloading-induced recovery of muscle mass and OXPHEN.",2020,Biochimica et biophysica acta. Molecular basis of disease,0,recovery; reloading; mass; muscle mass; mice
"The mERG1a channel modulates skeletal muscle MuRF1, but not MAFbx, expression.","INTRODUCTION: We investigated the mechanism by which the MERG1a K+ channel increases ubiquitin proteasome proteolysis (UPP). METHODS: Hindlimb suspension  and electro-transfer of Merg1a cDNA into mouse gastrocnemius muscles induced  atrophy. RESULTS: Atrophic gastrocnemius muscles of hindlimb-suspended mice  express Merg1a, Murf1, and Mafbx genes. Electrotransfer of Merg1a significantly  decreases muscle fiber size (12.6%) and increases UPP E3 ligase Murf1 mRNA  (2.1-fold) and protein (23.7%), but does not affect Mafbx E3 ligase expression.  Neither Merg1a-induced decreased fiber size nor Merg1a-induced increased Murf1  expression is curtailed significantly by coexpression of inactive HR-Foxo3a, a  gene encoding a transcription factor known to induce Mafbx expression.  CONCLUSIONS: The MERG1a K+ channel significantly increases expression of Murf1,  but not Mafbx. We explored this expression pattern by expressing inactive Foxo3a  and showing that it is not involved in MERG1a-mediated expression of Murf1. These  findings suggest that MERG1a may not modulate Murf1 expression through the  AKT/FOXO pathway.",2014,Muscle & nerve,7,skeletal; skeletal muscle; muscle atrophy; protein; role
Biological sex divergence in transcriptomic profiles during the onset of hindlimb unloading-induced atrophy.,"Disuse-induced muscle atrophy is a common clinical problem observed mainly in older adults, intensive care units patients, or astronauts. Previous studies  presented biological sex divergence in progression of disuse-induced atrophy  along with differential changes in molecular mechanisms possibly underlying  muscle atrophy. The aim of this study was to perform transcriptomic profiling of  male and female mice during the onset and progression of unloading disuse-induced  atrophy. Male and female mice underwent hindlimb unloading (HU) for 24, 48, 72,  and 168 h (n = 8/group). Muscles were weighed for each cohort and gastrocnemius  was used for RNA-sequencing analysis. Females exhibited muscle loss as early as  24 h of HU, whereas males after 168 h of HU. In males, pathways related to  proteasome degradation were upregulated throughout 168 h of HU, whereas in  females these pathways were upregulated up to 72 h of HU. Lcn2, a gene  contributing to regulation of myogenesis, was upregulated by 6.46- to 19.86-fold  across all time points in females only. A reverse expression of Fosb, a gene  related to muscle degeneration, was observed between males (4.27-fold up) and  females (4.57-fold down) at 24-h HU. Mitochondrial pathways related to  tricarboxylic acid (TCA) cycle were highly downregulated at 168 h of HU in males,  whereas in females this downregulation was less pronounced. Collagen-related  pathways were consistently downregulated throughout 168 h of HU only in females,  suggesting a potential biological sex-specific protective mechanism against  disuse-induced fibrosis. In conclusion, females may have protection against  HU-induced skeletal muscle mitochondrial degeneration and fibrosis through  transcriptional mechanisms, although they may be more vulnerable to HU-induced  muscle wasting compared with males.NEW & NOTEWORTHY Herein, we have assessed the  transcriptomic response across biological sexes during the onset and progression  of unloading disuse-induced atrophy in mice. We have demonstrated an inverse  expression of Fosb between males and females, as well as differentially timed  patterns of expressing atrophy-related pathways between sexes that are  concomitant to the accelerated atrophy in females. We also identified in females  signs of mechanisms to combat disuse-induced mitochondrial degeneration and  fibrosis.",2023,American journal of physiology. Cell physiology,1,hu; expression; unloading; skeletal; skeletal muscle
New mouse model of skeletal muscle atrophy using spiral wire immobilization.,"INTRODUCTION: Disuse-induced skeletal muscle atrophy is a serious concern; however, there is not an effective mouse model to elucidate the molecular  mechanisms. We developed a noninvasive atrophy model in mice. METHODS: After the  ankle joints of mice were bandaged into a bilateral plantar flexed position,  either bilateral or unilateral hindlimbs were immobilized by wrapping in bonsai  steel wire. RESULTS: After 3, 5, or 10 days of immobilization of the hip, knee,  and ankle, the weight of the soleus and plantaris muscles decreased significantly  in both bilateral and unilateral immobilization. MAFbx/atrogin-1 and MuRF1 mRNA  was found to have significantly increased in both muscles, consistent with  disuse-induced atrophy. Notably, the procedure did not result in either edema or  necrosis in the fixed hindlimbs. CONCLUSIONS: This method allows repeated, direct  access to the immobilized muscle, making it a useful procedure for concurrent  application and assessment of various therapeutic interventions. Muscle Nerve 54:  788-791, 2016.",2016,Muscle & nerve,9,mice; muscle atrophy; protein; immobilization; mass
Master and commander? FoxO's role in muscle atrophy.,,2017,The Journal of physiology,7,skeletal; skeletal muscle; muscle atrophy; protein; role
[The changes of p-Akt/MuRF1/FoxO1 proteins expressions in the conditions of training and immobilization in rats' gastrocnemius muscle].,"This study was aimed to investigate the changes of muscle protein synthesis and degradation under different movement conditions, so as to provide theoretical  basis for muscle atrophy mechanism. Sprague Dawley (SD) rats were randomly  divided into control, endurance training (treadmill training), hind limb  overhanging and eccentric training (treadmill training, angle -16º) groups. The  gastrocnemius muscles of rats were taken and weighed. The muscle was sectioned,  and HE staining was employed to determine the cell's cross-sectional area.  Protein expression of p-Akt was measured by immunohistochemistry; and the  expressions of MuRF1 and FoxO1 were determined by Western blot. The results  showed that, compared with control group, hind limb overhanging and eccentric  training groups exhibited decreased muscle weight and cross-sectional area, but  endurance training group did not show any changes. The expressions of p-Akt in  endurance and eccentric training groups, not in hind limb overhanging group, were  significantly higher than that in control group. Compared with that of control,  MuRF1 protein remained unchanged in endurance training groups, but was increased  in eccentric training and hind limb overhanging groups; FoxO1 protein was  decreased in endurance training group, but was increased in eccentric training  and hind limb overhanging groups. These results indicate that movement (endurance  and eccentric training) can activate Akt expression, but does not increase muscle  weight, whereas eccentric training and hind limb overhanging can increase the  expressions of MuRF1 and FoxO1, and induce amyotrophy, suggesting MuRF1 and FoxO1  are major determinant factors in muscle atrophy.",2014,Sheng li xue bao : [Acta physiologica Sinica],8,group; immobilization; expression; protein; cast
Flavan 3-ol delays the progression of disuse atrophy induced by hindlimb suspension in mice.,"Periods of skeletal muscle disuse, for example due to a sedentary lifestyle or bed rest, are associated with aging and can lead to muscle atrophy. We previously  found that the flavan 3-ol fraction derived from cocoa (FL) enhanced energy  expenditure with metabolic changes in skeletal muscle. In the present study, we  examined the effect of FL on disuse muscle atrophy induced by hindlimb suspension  in mice. Male C57BL/6J mice were assigned to four groups as follows:  unsuspended-vehicle, unsuspended-FL, suspended-vehicle, and suspended-FL. Mice in  the vehicle treatment groups were administered distilled water and those in the  FL treatment groups were dosed with FL (50mg/kg/day) for 2weeks. The weights of  the gastrocnemius (GC), tibialis anterior (TA), and soleus (SOL), but not the  extensor digitorum longus (EDL), decreased significantly in mice with hindlimb  suspension (-11.8%, -16.5%, and -41.0%, respectively). This reduction in GC, TA,  and SOL mass was inhibited by FL (-5.3%, +2.0%, and -16.6%, respectively). The FL  increased the EDL weight >20% with or without hindlimb suspension. The protein  level of the ubiquitin ligase, muscle ring finger-1, in the SOL was significantly  increased by hindlimb suspension, but inhibited by treatment with FL. Protein  expression of p70S6 kinase in the SOL was significantly decreased by hindlimb  suspension, and FL treatment inhibited this change. These results suggested that  FL delayed disuse muscle atrophy by metabolic alteration.",2017,Experimental gerontology,9,mice; muscle atrophy; protein; immobilization; mass
AMP-Activated Protein Kinase as a Key Trigger for the Disuse-Induced Skeletal Muscle Remodeling.,"Molecular mechanisms that trigger disuse-induced postural muscle atrophy as well as myosin phenotype transformations are poorly studied. This review will  summarize the impact of 5' adenosine monophosphate -activated protein kinase  (AMPK) activity on mammalian target of rapamycin complex 1 (mTORC1)-signaling,  nuclear-cytoplasmic traffic of class IIa histone deacetylases (HDAC), and myosin  heavy chain gene expression in mammalian postural muscles (mainly, soleus muscle)  under disuse conditions, i.e., withdrawal of weight-bearing from ankle extensors.  Based on the current literature and the authors' own experimental data, the  present review points out that AMPK plays a key role in the regulation of  signaling pathways that determine metabolic, structural, and functional  alternations in skeletal muscle fibers under disuse.",2018,International journal of molecular sciences,7,skeletal; skeletal muscle; muscle atrophy; protein; role
Tetramethylpyrazine ameliorated disuse-induced gastrocnemius muscle atrophy in hindlimb unloading rats through suppression of Ca(2+)/ROS-mediated apoptosis.,"The purpose of this study was to examine the possible mechanism underlying the protective effect of tetramethylpyrazine (TMP) against disuse-induced muscle  atrophy. Sprague-Dawley rats were randomly assigned to receive 14 days of  hindlimb unloading (HLU, a model of disuse atrophy) or cage controls. The rats  were given TMP (60 mg/kg body mass) or vehicle (water) by gavage. Compared with  vehicle treatment, TMP significantly attenuated the loss of gastrocnemius muscle  mass (-33.56%, P < 0.01), the decrease of cross-sectional area of slow fiber  (-10.99%, P < 0.05) and fast fiber (-15.78%, P < 0.01) during HLU. Although TMP  failed to further improve recovery of muscle function or fatigability compared  with vehicle treatment, it can suppress the higher level of lactate (-22.71%, P <  0.01) induced by HLU. Besides, TMP could effectually reduce the increased protein  expression of muscle RING-finger protein 1 induced by HLU (-14.52%, P < 0.01).  Furthermore, TMP can ameliorate the calcium overload (-54.39%, P < 0.05), the  increase of malondialdehyde content (-19.82%, P < 0.05), the decrease of  superoxide dismutase activity (21.34%, P < 0.05), and myonuclear apoptosis  (-78.22%, P < 0.01) induced by HLU. Moreover, TMP significantly reduced  HLU-induced increase of Bax to B-cell lymphoma 2 (-36.36%, P < 0.01) and  cytochrome c release (-36.16%, P < 0.05). In conclusion, TMP attenuated  HLU-induced gastrocnemius muscle atrophy through suppression of Ca(2+)/reactive  oxygen species increase and consequent proteolysis and apoptosis. Therefore, TMP  might exhibit therapeutic effect against oxidative stress, cytosolic calcium  overload, and mitochondrial damage in disuse-induced muscle atrophy.",2017,"Applied physiology, nutrition, and metabolism = Physiologie appliquee, nutrition et metabolisme",8,group; immobilization; expression; protein; cast
"Celecoxib attenuates hindlimb unloading-induced muscle atrophy via suppressing inflammation, oxidative stress and ER stress by inhibiting STAT3.","Improving inflammation may serve as useful therapeutic interventions for the hindlimb unloading-induced disuse muscle atrophy. Celecoxib is a selective  non-steroidal anti-inflammatory drug. We aimed to determine the role and  mechanism of celecoxib in hindlimb unloading-induced disuse muscle atrophy.  Celecoxib significantly attenuated the decrease in soleus muscle mass, hindlimb  muscle function and the shift from slow- to fast-twitch muscle fibers caused by  hindlimb unloading in rats. Importantly, celecoxib inhibited the increased  expression of inflammatory factors, macrophage infiltration in damaged soleus  muscle. Mechanistically, Celecoxib could significantly reduce oxidative stress  and endoplasmic reticulum stress in soleus muscle of unloaded rats. Furthermore,  celecoxib inhibited muscle proteolysis by reducing the levels of MAFbx, MuRF1,  and autophagy related proteins maybe by inhibiting the activation of  pro-inflammatory STAT3 pathway in vivo and in vitro. This study is the first to  demonstrate that celecoxib can attenuate disuse muscle atrophy caused by hindlimb  unloading via suppressing inflammation, oxidative stress and endoplasmic  reticulum stress probably, improving target muscle function and reversing the  shift of muscle fiber types by inhibiting STAT3 pathways-mediated inflammatory  cascade. This study not only enriches the potential molecular regulatory  mechanisms, but also provides new potential therapeutic targets for disuse muscle  atrophy.",2024,Inflammopharmacology,9,mice; muscle atrophy; protein; immobilization; mass
Identification of a KLF5-dependent program and drug development for skeletal muscle atrophy.,"Skeletal muscle atrophy is caused by various conditions, including aging, disuse related to a sedentary lifestyle and lack of physical activity, and cachexia. Our  insufficient understanding of the molecular mechanism underlying muscle atrophy  limits the targets for the development of effective pharmacologic treatments and  preventions. Here, we identified Krüppel-like factor 5 (KLF5), a zinc-finger  transcription factor, as a key mediator of the early muscle atrophy program. KLF5  was up-regulated in atrophying myotubes as an early response to dexamethasone or  simulated microgravity in vitro. Skeletal muscle-selective deletion of Klf5  significantly attenuated muscle atrophy induced by mechanical unloading in mice.  Transcriptome- and genome-wide chromatin accessibility analyses revealed that  KLF5 regulates atrophy-related programs, including metabolic changes and  E3-ubiquitin ligase-mediated proteolysis, in coordination with Foxo1. The  synthetic retinoic acid receptor agonist Am80, a KLF5 inhibitor, suppressed both  dexamethasone- and microgravity-induced muscle atrophy in vitro and oral Am80  ameliorated disuse- and dexamethasone-induced atrophy in mice. Moreover, in three  independent sets of transcriptomic data from human skeletal muscle, KLF5  expression significantly increased with age and the presence of sarcopenia and  correlated positively with the expression of the atrophy-related ubiquitin ligase  genes FBXO32 and TRIM63 These findings demonstrate that KLF5 is a key  transcriptional regulator mediating muscle atrophy and that pharmacological  intervention with Am80 is a potentially preventive treatment.",2021,Proceedings of the National Academy of Sciences of the United States of America,7,skeletal; skeletal muscle; muscle atrophy; protein; role
Losartan treatment attenuates hindlimb unloading-induced atrophy in the soleus muscle of female rats via canonical TGF-β signaling.,"We investigated the protective effect of losartan, an angiotensin II type 1 receptor blocker, on soleus muscle atrophy. Age-matched male and female Wistar  rats were subjected to hindlimb unloading, and the soleus muscle was removed on  days 1 and 7 for analysis. Females showed greater reductions in relative weight  and myofiber cross-sectional area of the soleus muscle than males on day 7  post-hindlimb unloading. Losartan partially protected females against muscle  atrophy. Activation of the canonical TGF-β signaling pathway, assessed via  Smad2/3 phosphorylation, was lower in females following losartan treatment and  associated with lower levels of protein ubiquitination after 1 (myofibril) and 7  (cytosol) days of unloading. However, no effect was observed in non-canonical  TGF-β signaling (p44/p42 and p38 MAPK phosphorylation) in males or females during  unloading. Our results suggest that losartan provides partial protection against  hindlimb unloading-induced soleus muscle atrophy in female rats, possibly  associated with decreased canonical TGF-β signaling.",2022,The journal of physiological sciences : JPS,2,soleus; hs; soleus muscle; unloading; rats
Interdependence of muscle atrophy and bone loss induced by mechanical unloading.,"Mechanical unloading induces muscle atrophy and bone loss; however, the time course and interdependence of these effects is not well defined. We subjected  4-month-old C57BL/6J mice to hindlimb suspension (HLS) for 3 weeks, euthanizing  12 to 16 mice on day (D) 0, 7, 14, and 21. Lean mass was 7% to 9% lower for HLS  versus control from D7-21. Absolute mass of the gastrocnemius (gastroc) decreased  8% by D7, and was maximally decreased 16% by D14 of HLS. mRNA levels of Atrogin-1  in the gastroc and quadriceps (quad) were increased 99% and 122%, respectively,  at D7 of HLS. Similar increases in MuRF1 mRNA levels occurred at D7. Both  atrogenes returned to baseline by D14. Protein synthesis in gastroc and quad was  reduced 30% from D7-14 of HLS, returning to baseline by D21. HLS decreased  phosphorylation of SK61, a substrate of mammalian target of rapamycin (mTOR), on  D7-21, whereas 4E-BP1 was not lower until D21. Cortical thickness of the femur  and tibia did not decrease until D14 of HLS. Cortical bone of controls did not  change over time. HLS mice had lower distal femur bone volume fraction (-22%) by  D14; however, the effects of HLS were eliminated by D21 because of the decline of  trabecular bone mass of controls. Femur strength was decreased approximately 13%  by D14 of HLS, with no change in tibia mechanical properties at any time point.  This investigation reveals that muscle atrophy precedes bone loss during  unloading and may contribute to subsequent skeletal deficits. Countermeasures  that preserve muscle may reduce bone loss induced by mechanical unloading or  prolonged disuse. Trabecular bone loss with age, similar to that which occurs in  mature astronauts, is superimposed on unloading. Preservation of muscle mass,  cortical structure, and bone strength during the experiment suggests muscle may  have a greater effect on cortical than trabecular bone.",2014,Journal of bone and mineral research : the official journal of the American Society for Bone and Mineral Research,0,recovery; reloading; mass; muscle mass; mice
MURF contributes to skeletal muscle atrophy through suppressing autophagy.,"INTRODUCTION: Muscle atrophy due to denervation, immobilization, or unweighting inflicts large number of patients, and provides a huge challenge to modern  medicine. MuRF-1 (muscle RING Finger 1), an E3 ubiquitin ligase, has been shown  to be upregulated in atrophy muscle, while how MuRF-1 contributes to muscle  atrophy remain elusive. METHOD: In the present study, we compared MuRF expression  in skeletal muscle from denervation muscle atrophy patients or health control.  RESULTS: When MuRF is overexpressed, autophagy is considerably inhibited in  skeletal cell C2C12, while autophagy is reversed if MuRF knocked down. Further  analysis demonstrated that MuRF dampens skeletal muscle cell proliferation  through downregulation of autophagy, which is an essential event for muscle  atrophy. DISCUSSION: Our study comes up with a new mechanism of MuRF for muscle  atrophy, which potentially invoking a novel therapeutic approach for the disease.",2017,International journal of clinical and experimental pathology,7,skeletal; skeletal muscle; muscle atrophy; protein; role
Inhibiting myostatin signaling partially mitigates structural and functional adaptations to hindlimb suspension in mice.,"Novel treatments for muscle wasting are of significant value to patients with disease states that result in muscle weakness, injury recovery after  immobilization and bed rest, and for astronauts participating in long-duration  spaceflight. We utilized an anti-myostatin peptibody to evaluate how myostatin  signaling contributes to muscle loss in hindlimb suspension. Male C57BL/6 mice  were left non-suspended (NS) or were hindlimb suspended (HS) for 14 days and  treated with a placebo vehicle (P) or anti-myostatin peptibody (D). Hindlimb  suspension (HS-P) resulted in rapid and significantly decreased body mass (-5.6%  by day 13) with hindlimb skeletal muscle mass losses between -11.2% and -22.5%  and treatment with myostatin inhibitor (HS-D) partially attenuated these losses.  Myostatin inhibition increased hindlimb strength with no effect on soleus tetanic  strength. Soleus mass and fiber CSA were reduced with suspension and did not  increase with myostatin inhibition. In contrast, the gastrocnemius showed  histological evidence of wasting with suspension that was partially mitigated  with myostatin inhibition. While expression of genes related to protein  degradation (Atrogin-1 and Murf-1) in the tibialis anterior increased with  suspension, these atrogenes were not significantly reduced by myostatin  inhibition despite a modest activation of the Akt/mTOR pathway. Taken together,  these findings suggest that myostatin is important in hindlimb suspension but  also motivates the study of other factors that contribute to disuse muscle  wasting. Myostatin inhibition benefitted skeletal muscle size and function, which  suggests therapeutic potential for both spaceflight and terrestrial applications.",2023,NPJ microgravity,9,mice; muscle atrophy; protein; immobilization; mass
Coordinated regulation of skeletal muscle mass and metabolic plasticity during recovery from disuse.,"Skeletal muscle regeneration after disuse is essential for muscle maintenance and involves the regulation of both mass- and metabolic plasticity-related processes.  However, the relation between these processes during recovery from disuse remains  unclear. In this study, we explored the potential interrelationship between the  molecular regulation of muscle mass and oxidative metabolism during recovery from  disuse. Molecular profiles were measured in biopsies from the vastus lateralis of  healthy men after 1-leg cast immobilization and after 1 wk reloading, and in  mouse gastrocnemius obtained before and after hindlimb suspension and during  reloading (RL-1, -2, -3, -5, and -8 d). Cluster analysis of the human recovery  response revealed correlations between myogenesis and autophagy markers in 2  clusters, which were distinguished by the presence of markers of early  myogenesis, autophagosome formation, and mitochondrial turnover vs. markers of  late myogenesis, autophagy initiation, and mitochondrial mass. In line with these  findings, an early transient increase in B-cell lymphoma-2 interacting protein-3  and sequestosome-1 protein, and GABA type A receptor-associated protein like-1  protein and mRNA and a late increase in myomaker and myosin heavy chain-8 mRNA,  microtubule-associated protein 1 light chain 3-II:I ratio, and FUN14  domain-containing-1 mRNA and protein were observed in mice. In summary, the  regulatory profiles of protein, mitochondrial, and myonuclear turnover are  correlated and temporally associated, suggesting a coordinated regulation of  muscle mass- and oxidative metabolism-related processes during recovery from  disuse.-Kneppers, A., Leermakers, P., Pansters, N., Backx, E., Gosker, H., van  Loon, L., Schols, A., Langen, R., Verdijk, L. Coordinated regulation of skeletal  muscle mass and metabolic plasticity during recovery from disuse.",2019,FASEB journal : official publication of the Federation of American Societies for Experimental Biology,0,recovery; reloading; mass; muscle mass; mice
Insights into the role and regulation of TCTP in skeletal muscle.,"The translationally controlled tumor protein (TCTP) is upregulated in a range of cancer cell types, in part, by the activation of the mechanistic target of  rapamycin (mTOR). Recently, TCTP has also been proposed to act as an indirect  activator of mTOR. While it is known that mTOR plays a major role in the  regulation of skeletal muscle mass, very little is known about the role and  regulation of TCTP in this post-mitotic tissue. This study shows that muscle TCTP  and mTOR signaling are upregulated in a range of mouse models (mdx mouse,  mechanical load-induced hypertrophy, and denervation- and immobilization-induced  atrophy). Furthermore, the increase in TCTP observed in the hypertrophic and  atrophic conditions occurred, in part, via a rapamycin-sensitive mTOR-dependent  mechanism. However, the overexpression of TCTP was not sufficient to activate  mTOR signaling (or increase protein synthesis) and is thus unlikely to take part  in a recently proposed positive feedback loop with mTOR. Nonetheless, TCTP  overexpression was sufficient to induce muscle fiber hypertrophy. Finally, TCTP  overexpression inhibited the promoter activity of the muscle-specific ubiquitin  proteasome E3-ligase, MuRF1, suggesting that TCTP may play a role in inhibiting  protein degradation. These findings provide novel data on the role and regulation  of TCTP in skeletal muscle in vivo.",2017,Oncotarget,7,skeletal; skeletal muscle; muscle atrophy; protein; role
"Angiotensin-(1-7) attenuates disuse skeletal muscle atrophy in mice via its receptor, Mas.","Immobilization is a form of disuse characterized by a loss of strength and muscle mass. Among the main features are decreased IGF-1/Akt signalling and increased  ubiquitin-proteasome pathway signalling, which induce greater myosin heavy chain  degradation. Activation of the classical renin-angiotensin system (RAS) causes  deleterious effects in skeletal muscle, including muscle wasting. In contrast,  angiotensin-(1-7) [Ang-(1-7)], a peptide of the non-classical RAS, produces  beneficial effects in skeletal muscle. However, the role of Ang-(1-7) in skeletal  muscle disuse atrophy and independent of classical RAS activation has not been  evaluated. Therefore, we assessed the functions of Ang-(1-7) and the Mas receptor  in disuse muscle atrophyin vivousing unilateral cast immobilization of the hind  limb in male, 12-week-old wild-type (WT) and Mas-knockout (Mas KO) mice for 1 and  14 days. Additionally, we evaluated the participation of IGF-1/IGFR-1/Akt  signalling and ubiquitin-proteasome pathway expression on the effects of  Ang-(1-7) immobilization-induced muscle atrophy. Our results found that Ang-(1-7)  prevented decreased muscle strength and reduced myofiber diameter, myosin heavy  chain levels, and the induction of atrogin-1 and MuRF-1 expressions, all of which  normally occur during immobilization. Analyses indicated that Ang-(1-7) increases  IGF-1/IGFR-1/Akt pathway signalling through IGFR-1 and Akt phosphorylation, and  the concomitant activation of two downstream targets of Akt, p70S6K and FoxO3.  These anti-atrophic effects of Ang-(1-7) were not observed in Mas KO mice,  indicating crucial participation of the Mas receptor. This report is the first to  propose anti-atrophic effects of Ang-(1-7) via the Mas receptor and the  participation of the IGF-1/IGFR-1/Akt/p70S6K/FoxO3 mechanism in disuse skeletal  muscle atrophy.",2016,Disease models & mechanisms,7,skeletal; skeletal muscle; muscle atrophy; protein; role
Substantial skeletal muscle loss occurs during only 5 days of disuse.,"AIM: The impact of disuse on the loss of skeletal muscle mass and strength has been well documented. Given that most studies have investigated muscle atrophy  after more than 2 weeks of disuse, few data are available on the impact of  shorter periods of disuse. We assessed the impact of 5 and 14 days of disuse on  skeletal muscle mass, strength and associated intramuscular molecular signalling  responses. METHODS: Twenty-four healthy, young (23 ± 1 year) males were subjected  to either 5 (n = 12) or 14 (n = 12) days of one-legged knee immobilization using  a full leg cast. Before and immediately after the immobilization period,  quadriceps muscle cross-sectional area (CSA), leg lean mass and muscle strength  were assessed, and biopsies were collected from the vastus lateralis. RESULTS:  Quadriceps muscle CSA declined from baseline by 3.5 ± 0.5 (P < 0.0001) and 8.4 ±  2.8% (P < 0.001), leg lean mass was reduced by 1.4 ± 0.7 (P = 0.07) and 3.1 ±  0.7% (P < 0.01) and strength was decreased by 9.0 ± 2.3 (P < 0.0001) and 22.9 ±  2.6% (P < 0.001) following 5 and 14 days of immobilization respectively. Muscle  myostatin mRNA expression doubled following immobilization (P < 0.05) in both  groups, while the myostatin precursor isoform protein content decreased after 14  days only (P < 0.05). Muscle MAFBx mRNA expression increased from baseline by a  similar magnitude following either 5 or 14 days of disuse, whereas MuRF1 mRNA  expression had increased significantly only after 5 days. CONCLUSION: We conclude  that even short periods of muscle disuse can cause substantial loss of skeletal  muscle mass and strength and are accompanied by an early catabolic molecular  signalling response.",2014,"Acta physiologica (Oxford, England)",8,group; immobilization; expression; protein; cast
"Postbiotics derived from wine grape seed extract and whey with lactic acid bacteria alleviate muscle atrophy by modulating genes involved in inflammation,  myogenesis, and bone metabolism.","A postbiotic product (WDG), derived from the bioconversion of wine grape seed flour extract (GSE) and branched-chain amino acid-rich whey using  Lentilactobacillus kefiri DH5 (DH5), may synergistically improve bioavailability  and bioactivity to alleviate muscle atrophy. The left hindlimbs of C57BL/6J mice  were immobilized for 2 wk, and the mice were randomly divided into 5 groups fed a  high-fat (HF) diet (CON), 5% grape seed flour (G), whey (W), W + DH5 (WD), or  2.5% G + W + DH5 + GSE (WDG). The WDG group showed the most significant  improvements in holding impulse time, muscle mass, and expression of genes  related to muscle growth markers (MyoD, Igf-1, Atrogin-1), with its  antisarcopenic effects being superior to those of G or WD alone. The  RNA-sequencing analysis revealed that WDG positively regulated genes related to  anti-inflammation, phagocytosis, angiogenesis, myogenesis, bone metabolism, and  brown adipose tissue development. These findings suggest that WDG may be a potent  natural functional product for the management of sarcopenia.",2025,Journal of dairy science,9,mice; muscle atrophy; protein; immobilization; mass
How Acute and Chronic Exercise Regulate Muscle Atrophic Genes to Mitigate Sarcopenia: A Narrative Review.,"Muscle atrophy is defined as the reduction in muscle mass and strength resulting from a decrease in muscle fiber size and protein content. Muscle atrophy may  result from physical inactivity, aging, starvation, or extended periods of limb  immobilization. In addition, there are clinical conditions that are intrinsically  associated with progressive muscle wasting, such as cancer, diabetes, or chronic  heart failure, among others, as these conditions often involve a catabolic  hormonal status or a decrease in neuromuscular stimulation. Overall, muscle  atrophy leads to significant loss of health and quality of life as it reduces the  independence and mobility of individuals affected by this disorder. Physical  inactivity is the most common cause of muscle atrophy, especially in older  adults, as it increases inflammation factors (TNF-α, IL-1β, and IL-6) and  glucocorticoid levels (e.g., cortisol), disrupts intracellular signaling  (GH/IGF-1, testosterone, and myostatin), and triggers decreased signaling of  growth factors, such as diminished phosphorylation of FoxO by Akt. As a result of  this decreased signaling, FoxO translocates to the nucleus of the muscle cell and  induces the expression of muscle atrophy-related genes such as ATROGIN-1  (formally designated as FBXO3, also known as MAFbx) and MuRF-1 (formally  designated as TRIM-63, also known as IRF). The higher expression of the proteins  encoded by these genes, Atrogin-1 and MuRF-1, activates the ubiquitin-proteasome  system in the striated muscle tissue responsible for degrading and recycling  damaged, misfolded, or unneeded proteins. Therefore, the lack of muscle activity  due to prolonged physical inactivity leads to muscle protein degradation and  ultimately to muscle wasting. In the elderly and other populations with clinical  conditions, there is a progressive reduction in physical activity and changes in  food intake that may accelerate the loss of muscle mass and function, as well as  increase body fat, giving rise to the phenomenon of sarcopenia. These changes in  body composition increase the risk of suffering from chronic diseases, with a  clear impact on progressively reduced mobility and increased risk of falls. Acute  and chronic exercise can partially interrupt this vicious cycle in older adults  and sedentary populations with chronic diseases, as it can diminish muscle  wasting by activating molecular mechanisms to enhance muscle growth.  Specifically, exercise can enhance muscle protein synthesis by activating the  mTOR pathway while reducing protein degradation by suppressing the expression of  muscle atrophy genes. In this narrative review, we summarize the mechanisms of  action of the genes associated with muscle atrophy, MuRF-1 and ATROGIN-1, and  their differential expression patterns following experimental and clinical trials  involving chronic and acute exercise exposure, along with other potential  regulators implicated in muscle remodeling.",2026,"Sports medicine (Auckland, N.Z.)",4,wasting; muscle wasting; sarcopenia; loss; understanding
Muscle Atrophy Marker Expression Differs between Rotary Cell Culture System and Animal Studies.,"Muscular atrophy, defined as the loss of muscle tissue, is a serious issue for immobilized patients on Earth and for humans during spaceflight, where  microgravity prevents normal muscle loading. In vitro modeling is an important  step in understanding atrophy mechanisms and testing countermeasures before  animal trials. The most ideal environment for modeling must be empirically  determined to best mimic known responses in vivo. To simulate microgravity  conditions, murine C2C12 myoblasts were cultured in a rotary cell culture system  (RCCS). Alginate encapsulation was compared against polystyrene microcarrier  beads as a substrate for culturing these adherent muscle cells. Changes after  culture under simulated microgravity were characterized by assessing mRNA  expression of MuRF1, MAFbx, Caspase 3, Akt2, mTOR, Ankrd1, and Foxo3. Protein  concentration of myosin heavy chain 4 (Myh4) was used as a differentiation  marker. Cell morphology and substrate structure were evaluated with brightfield  and fluorescent imaging. Differentiated C2C12 cells encapsulated in alginate had  a significant increase in MuRF1 only following simulated microgravity culture and  were morphologically dissimilar to normal cultured muscle tissue. On the other  hand, C2C12 cells cultured on polystyrene microcarriers had significantly  increased expression of MuRF1, Caspase 3, and Foxo3 and easily identifiable  multinucleated myotubes. The extent of differentiation was higher in simulated  microgravity and protein synthesis more active with increased Myh4, Akt2, and  mTOR. The in vitro microcarrier model described herein significantly increases  expression of several of the same atrophy markers as in vivo models. However,  unlike animal models, MAFbx and Ankrd1 were not significantly increased and the  fold change in MuRF1 and Foxo3 was lower than expected. Using a standard  commercially available RCCS, the substrates and culture methods described only  partially model changes in mRNAs associated with atrophy in vivo.",2019,BioMed research international,6,microgravity; space; spaceflight; simulated; mitochondrial
Disuse muscle atrophy-improving effect of ninjin'yoeito in a mouse model.,"Disuse syndrome indicates psychosomatic hypofunction caused by excess rest and motionless and muscle atrophy is termed disuse muscle atrophy. Disuse muscle  atrophy-induced muscle weakness and hypoactivity further induces muscle atrophy,  leading to a vicious cycle, and this is considered a factor causing secondary  sarcopenia and subsequently frailty. Since frailty finally leads to a bedridden  state requiring nursing, in facing a super-aging society, intervention for a risk  factor of frailty, disuse muscle atrophy, is important. However, the main  treatment of disuse muscle atrophy is physical therapy and there are fewer  effective preventive and therapeutic drugs. The objective of this study was to  search for Kampo medicine with a disuse muscle atrophy-improving effect.  Ninjin'yoeito is classified as a qi-blood sohozai (dual supplement) in Chinese  herbal medicine, and it has an action supplementing the spleen related to muscle.  In addition, improvement of muscle mass and muscle weakness by ninjin'yoeito in a  clinical study has been reported. In this study, the effect of ninjin'yoeito on  disuse muscle atrophy was investigated. A disuse muscle atrophy model was  prepared using male ICR mice. After surgery applying a ring for tail suspension,  a 1-week recovery period was set. Ninjin'yoeito was administered by mixing it in  the diet for 1 week after the recovery period, followed by tail suspension for  14 days. Ninjin'yoeito administration was continued until autopsy including the  hindlimb suspension period. The mice were euthanized and autopsied immediately  after completion of tail suspension, and the hindlimb muscles were collected. The  food and water intakes during the hindlimb unloaded period, wet weight of the  collected muscle, and muscle synthesis and muscle degradation-related factors in  blood and muscle were evaluated. Ingestion of ninjin'yoeito inhibited tail  suspension-induced reduction of the soleus muscle wet weight. In addition, an  increase in the blood level of a muscle synthesis-related factor, IGF-1, and  promotion of phosphorylation of mTOR and 4E-BP1 in the soleus muscle were  observed. It was suggested that ninjin'yoeito has a disuse muscle  atrophy-improving action. Promotion of the muscle synthesis pathway was  considered the action mechanism of this.",2021,Neuropeptides,9,mice; muscle atrophy; protein; immobilization; mass
Effects of blood flow restriction on muscle size and gene expression in muscle during immobilization: A pilot study.,"PURPOSE: Muscle mass is known to rapidly decrease with muscle disuse. Previous reports suggest that repetitive blood flow restriction (BFR) mitigates the  reduction of muscle mass with disuse. However, the effects of BFR on muscle  atrophy and gene expression levels in muscle during cast immobilization have not  been clarified. METHODS: To investigate the effect of BFR on muscle atrophy and  gene expression levels during cast immobilization in humans, we recruited 10  healthy males who were randomly divided into the control and BFR treatment  groups. All subjects were immobilized with a cast for 14 days. BFR treatment was  conducted only in the BFR group. We evaluated cross sectional area (CSA) of thigh  muscles by magnetic resonance imaging before and 14 days after cast  immobilization. A percutaneous biopsy of the vastus lateralis muscle (VL) was  performed before and 1, 7, and 14 days after cast immobilization. Expression of  genes related to muscle atrophy and synthesis were evaluated using real-time PCR.  RESULTS: The CSA of the VL and the thigh flexor muscles were significantly  decreased in both groups; however, percent decrease in CSA was significantly  smaller in the BFR group compared with the control group. In two-way repeated  ANOVA analysis, the time × treatment interaction in gene expression of the  muscle-specific ubiquitin ligases muscle ring finger 1 (MuRF1) was significant,  and elevated MURF1 expression level by cast immobilization was seemed to be  suppressed by the BFR treatment. CONCLUSION: BFR treatment may prevent reduced VL  and thigh flexor muscles and increased MuRF1 expression level during cast  immobilization. Further study is required to confirm these results.",2020,Physiological reports,8,group; immobilization; expression; protein; cast
Alternative Treatments to Exercise for the Attenuation of Disuse-Induced Skeletal Muscle Atrophy in Rats.,"The prevalence of skeletal muscle atrophy, caused by disease and aging, is rising as life expectancy increases. Exercise is the most effective treatment option;  however, it is often impractical for individuals suffering from disease or  bedridden. The formulation of non-exercise-based interventions is necessary. This  study assessed the impact of acupuncture (AC), electro-acupuncture (EA), and  electrical stimulation (ES) on muscle mass and contractile properties in a model  of casting-induced muscle atrophy. Sprague-Dawley rats (n = 40) were assigned to  five groups: control (CON), cast (CT), cast receiving AC (CT-AC), cast receiving  EA (CT-EA), and cast receiving ES (CT-ES) (n = 8 each). Treatments were 15 min  and three times/week for 14 days. Contractile properties and protein markers of  atrophy and inflammation were measured. Casting decreased muscle mass and fiber  cross-sectional area, but AC, EA, and ES attenuated cast-induced muscle atrophy.  All treatments increased peak twitch tension compared to CT. CT increased the  protein levels of MAFbx and MuRF1, while AC, EA, and ES mitigated the elevation  of these proteins. Our results indicate that acupuncture, electro-acupuncture,  and electrical stimulation show promise as therapeutic strategies to counteract  skeletal muscle loss and dysfunction resulting from disuse atrophy caused by  injury, disease, and aging.",2024,"Muscles (Basel, Switzerland)",8,group; immobilization; expression; protein; cast
Skeletal muscle mass recovery from atrophy in IL-6 knockout mice.,"AIM: Skeletal muscle interleukin-6 (IL-6) expression is induced by continuous contraction, overload-induced hypertrophy and during muscle regeneration. The  loss of IL-6 can alter skeletal muscle's growth and extracellular matrix  remodelling response to overload-induced hypertrophy. Insulin-like growth  factor-1 (IGF-1) gene expression and related signalling through Akt/mTOR is a  critical regulator of muscle mass. The significance of IL-6 expression during the  recovery from muscle atrophy is unclear. This study's purpose was to determine  the effect of IL-6 loss on mouse gastrocnemius (GAS) muscle mass during recovery  from hindlimb suspension (HS)-induced atrophy. METHODS: Female C57BL/6 [wild type  (WT)] and IL-6 knockout (IL-6 KO) mice at 10 weeks of age were assigned to  control, HS or HS followed by normal cage ambulation groups. RESULTS: GAS muscle  atrophy was induced by 10 days of HS. HS induced a 20% loss of GAS mass in both  WT and IL-6 KO mice. HS+7 days of recovery restored WT GAS mass to cage-control  values. GAS mass from IL-6 KO mice did not return to cage-control values until  HS+14 days of recovery. Both IGF-1 mRNA expression and Akt/mTOR signalling were  increased in WT muscle after 1 day of recovery. In IL-6 KO muscle, IGF-1 mRNA  expression was decreased and Akt/mTOR signalling was not induced after 1 day of  recovery. MyoD and myogenin mRNA expression were both induced in WT muscle after  1 day of recovery, but not in IL-6 KO muscle. CONCLUSION:   Muscle IL-6  expression appears important for the initial growth response during the recovery  from disuse.",2011,"Acta physiologica (Oxford, England)",0,recovery; reloading; mass; muscle mass; mice
AMPK Phosphorylation Impacts Apoptosis in Differentiating Myoblasts Isolated from Atrophied Rat Soleus Muscle.,"Regrowth of atrophied myofibers depends on muscle satellite cells (SCs) that exist outside the plasma membrane. Muscle atrophy appears to result in reduced  number of SCs due to apoptosis. Given reduced AMP-activated protein kinase (AMPK)  activity during differentiation of primary myoblasts derived from atrophic  muscle, we hypothesized that there may be a potential link between AMPK and  susceptibility of differentiating myoblasts to apoptosis. The aim of this study  was to estimate the effect of AMPK activation (via AICAR treatment) on apoptosis  in differentiating myoblasts derived from atrophied rat soleus muscle. Thirty  rats were randomly assigned to the following two groups: control (C, n = 10) and  7-day hindlimb suspension (HS, n = 20). Myoblasts derived from the soleus muscles  of HS rats were divided into two parts: AICAR-treated cells and non-treated  cells. Apoptotic processes were evaluated by using TUNEL assay, RT-PCR and WB. In  differentiating myoblasts derived from the atrophied soleus, there was a  significant decrease (p < 0.05) in AMPK and ACC phosphorylation in parallel with  increased number of apoptotic nuclei and a significant upregulation of  pro-apoptotic markers (caspase-3, -9, BAX, p53) compared to the cells derived  from control muscles. AICAR treatment of atrophic muscle-derived myoblasts during  differentiation prevented reductions in AMPK and ACC phosphorylation as well as  maintained the number of apoptotic nuclei and the expression of pro-apoptotic  markers at the control levels. Thus, the maintenance of AMPK activity can  suppress enhanced apoptosis in differentiating myoblasts derived from atrophied  rat soleus muscle.",2023,Cells,2,soleus; hs; soleus muscle; unloading; rats
Skeletal Muscle Anti-Atrophic Effects of Leucine Involve Myostatin Inhibition.,"Lack of mechanical load leads to skeletal muscle atrophy, and one major underlying mechanism involves the myostatin pathway that negatively regulates  protein synthesis and also activates Atrogin-1/MAFbx and MuRF1 genes. In hindlimb  immobilization, leucine was observed to attenuate the upregulation of the  referred atrogenes, thereby shortening the impact on fiber cross-sectional area,  nonetheless, the possible connection with myostatin is still elusive. This study  sought to verify the impact of leucine supplementation on myostatin expression.  Male Wistar rats were supplemented with leucine and hindlimb immobilized for 3  and 7 days, after which soleus muscles were removed for morphometric measurements  and analyzed for gene and protein expression by real-time PCR and Western  blotting, respectively. Muscle wasting was prominent 7 days after immobilization,  as expected, leucine feeding mitigated this effect. Atrogin-1/MAFbx gene  expression was upregulated only after 3 days of immobilization, and this effect  was attenuated by leucine supplementation. Atrogin-1/MAFbx protein levels were  elevated after 7 days of immobilization, which leucine supplementation was not  able to lessen. On the other hand, myostatin gene expression was upregulated in  immobilization for 3 and 7 days, which returned to normal levels after leucine  supplementation. Myostatin protein levels followed gene expression at a 3-day  time point only. Follistatin gene expression was upregulated during  immobilization and accentuated by leucine after 3 days of supplementation.  Concerning protein expression, follistatin was not altered neither by  immobilization nor in immobilized animals treated with leucine. In conclusion,  leucine protects against skeletal muscle mass loss during disuse, and the  underlying molecular mechanisms appear to involve myostatin inhibition and  Atrogin-1 normalization independently of follistatin signaling.",2020,DNA and cell biology,8,group; immobilization; expression; protein; cast
Maintaining skeletal muscle mass: lessons learned from hibernation.,"Muscle disuse and starvation are often associated with a catabolic response leading to a dramatic loss of skeletal muscle mass. Hibernating animals represent  a unique situation where muscle mass is maintained despite prolonged periods of  immobilization and lack of nutrition. We analysed the molecular pathways  upregulated during hibernation in an obligate hibernator, the 13-lined ground  squirrel (Ictidomys tridecemlineatus). Although Akt has an established role in  skeletal muscle maintenance, we found that activated Akt was decreased in  skeletal muscle of hibernating squirrels. Another serine-threonine kinase, serum-  and glucocorticoid-regulated kinase 1 (SGK1), was upregulated during hibernation  and contributed to protection from loss of muscle mass via downregulation of  proteolysis and autophagy and via an increase in protein synthesis. We extended  our observations to non-hibernating animals and demonstrated that SGK1-null mice  developed muscle atrophy. These mice displayed an exaggerated response to  immobilization and starvation. Furthermore, SGK1 overexpression prevented  immobilization-induced muscle atrophy. Taken together, our results identify SGK1  as a novel therapeutic target to combat skeletal muscle loss in acquired and  inherited forms of muscle atrophy.",2014,Experimental physiology,7,skeletal; skeletal muscle; muscle atrophy; protein; role
Recent progress in elucidating signalling proteolytic pathways in muscle wasting: potential clinical implications.,"AIMS: Muscle wasting prevails with disuse (bedrest and immobilisation) and is associated with many diseases (cancer, sepsis, diabetes, kidney failure, trauma,  etc.). This results first in prolonged hospitalisation with associated high  health-care costs and second and ultimately in increased morbidity and mortality.  The precise characterisation of the signalling pathways leading to muscle atrophy  is therefore particularly relevant in clinical settings. DATA SYNTHESIS: Recent  major papers have identified highly complex intricate pathways of signalling  molecules, which induce the transcription of the muscle-specific ubiquitin  protein ligases MAFbx/Atrogin-1 and MuRF1 that are overexpressed in nearly all  muscle wasting diseases. These signalling pathways have been targeted with  success in animal models of muscle wasting. In particular, these findings have  revealed a finely tuned crosstalk between both anabolic and catabolic processes.  CONCLUSIONS: Whether or not such strategies may be useful for blocking or at  least limiting muscle wasting in weight losing and cachectic patients is becoming  nowadays a very exciting clinical challenge.",2013,"Nutrition, metabolism, and cardiovascular diseases : NMCD",4,wasting; muscle wasting; sarcopenia; loss; understanding
Theaflavins decrease skeletal muscle wasting in disuse atrophy induced by hindlimb suspension in mice.,"We previously found that a single dose of theaflavins induced skeletal muscle metabolic changes. In this study, we examined the effect of theaflavins on disuse  muscle atrophy model mice by hindlimb suspension. Mice were assigned to 4 groups;  ground-vehicle, ground-theaflavins, suspension-vehicle, and  suspension-theaflavins, dosed with theaflavins (250 mg/kg/day) for 2 weeks. The  peak of myotube size of cross sectional area was significantly moved to the  smaller side in the suspension-vehicle group compared with the ground-vehicle  group, and these shifts were significantly reduced by the treatment with  theaflavins in both soleus and extensor digitorum longus. The level of  phosphorylated eukaryotic translation initiation factor 4E-binding protein  (4EBP)-1, located downstream of the Akt/mTOR pathway, was significantly different  between suspension-vehicle and suspension-theaflavins in soleus. The ratio of  forkhead box O (FoxO) 3a to phosphorylated FoxO3a significantly increased in  soleus or tended to rise in extensor digitorum longus of suspension-vehicle group  compared with ground-vehicle. In contrast, these changes were not observed in  suspension-theaflavins group. These results suggested that theaflavins inhibited  the progress of disuse muscle atrophy through modulation of protein metabolism.",2021,Journal of clinical biochemistry and nutrition,9,mice; muscle atrophy; protein; immobilization; mass
Global alternative splicing landscape of skeletal muscle atrophy induced by hindlimb unloading.,"BACKGROUND: Long-term exposure to microgravity will cause skeletal muscle atrophy, which can cause serious harm to astronauts in space travel. Therefore,  it is important to explore skeletal muscle atrophy's molecular mechanism for its  prevention and treatment. However, as an important regulatory approach of  skeletal muscle physiology, the role of alternative splicing in skeletal muscle  atrophy, especially skeletal muscle atrophy caused by disuse, is unclear.  METHODS: We established a rat hindlimb unloading model and performed RNA  sequencing on soleus muscle, which was seriously atrophied during unloading.  Several bioinformatics methods were used to identify alternative splicing events  and determine their gene functions. RESULTS: Many alternative splicing events  were found to occur at different time points (12 h, 24 h, 36 h, 3 days, and 7  days) after hindlimb unloading. These differential alternative splicing events  mainly occurred in the gene's coding domain sequence region, and 59% of the  alternative splicing events caused open reading frameshift. Bioinformatics  analysis results showed that genes with different alternative splicing events  were enriched in multiple pathways related to muscle atrophy, including the  insulin signaling pathway, endocytosis, mitophagy, and ubiquitin-proteasome  pathway. Moreover, alternative splicing of several deubiquitinase genes persisted  during skeletal muscle atrophy induced by unloading. Additionally, we identified  10 differentially expressed RNA binding proteins during skeletal muscle atrophy  induced by unloading, mainly containing Xpo4, Eif4e2, P4ha1, Lrrfip1, Zc3h14,  Emg1, Hnrnp h1, Mbnl2, RBfox1, and Mbnl1. Hnrnp h1 and Mbnl2 were significantly  downregulated, and RBfox1 and Mbnl1 were significantly upregulated during  skeletal muscle atrophy caused by unloading. CONCLUSIONS: To the best of our  knowledge, the present study is the first to propose alternative splicing  alterations related to disuse-induced muscle atrophy, emphasizing that  alternative splicing is a new focus of attention in the occurrence of muscle  atrophy.",2021,Annals of translational medicine,7,skeletal; skeletal muscle; muscle atrophy; protein; role
Muscle Disuse Atrophy Caused by Discord of Intracellular Signaling.,"Significance: Regular contractile activity plays a critical role in maintaining skeletal muscle morphological integrity and physiological function. If the muscle  is forced to stop contraction, such as during limb immobilization (IM), the  IGF/Akt/mTOR signaling pathway that normally stimulates protein synthesis and  inhibits proteolysis will be suppressed, whereas the FoxO-controlled catabolic  pathways such as ubiquitin-proteolysis and autophagy/mitophagy will be activated  and dominate, resulting in muscle fiber atrophy. Recent Advances: Mitochondria  occupy a central position in the regulation of both protein synthesis and  degradation through several redox-sensitive pathways, including peroxisome  proliferator-activated receptor gamma coactivator 1-alpha (PGC-1α), mitochondrial  fusion and fission proteins, mitophagy, and sirtuins. Prolonged IM downregulates  PGC-1α due to AMPK (5'-AMP-activated protein kinase) and FoxO activation, thus  decreasing mitochondrial biogenesis and causing oxidative damage. Decrease of  mitochondrial inner membrane potential and increase of mitochondrial fission can  trigger cascades of mitophagy leading to loss of mitochondrial homeostasis  (mitostasis), inflammation, and apoptosis. The phenotypic outcomes of these  disorders are compromised muscle function and fiber atrophy. Critical Issues:  Given the molecular mechanism of the pathogenesis, it is imperative that the  integrity of intracellular signaling be restored to prevent the deterioration. So  far, overexpression of PGC-1α via transgene and in vivo DNA transfection has been  found to be effective in ameliorating mitostasis and reduces IM-induced muscle  atrophy. Nutritional supplementation of select amino acids and phytochemicals  also provides mechanistic and practical insights into the prevention of muscle  disuse atrophy. Future Directions: In light of the importance of mitochondria in  regulating the various critical signaling pathways, future work should focus on  exploring new epigenetic strategies to restore mitostasis and redox balance.",2020,Antioxidants & redox signaling,3,mitochondrial; ros; pgc1α; disuse; mitophagy
Long-term physical inactivity exacerbates hindlimb unloading-induced muscle atrophy in young rat soleus muscle.,"This study investigated the effects of long-term physical inactivity in adolescent on subsequent hindlimb unloading-induced muscle atrophy in rat soleus  muscle. First, 3-wk-old male Wistar rats were assigned to an age-matched control  (n = 6) or a physical inactivity (n = 8) group. Rats in the physical inactivity  group were housed in narrow cages with approximately half the usual floor space  for 8 wk to limit range of movement. Whole body energy consumption was measured,  and the blood, organs, femoral bone, and hindlimb muscles were removed. We found  that long-term physical inactivity did not affect the metabolic and physiological  characteristics of growing rats. Then, fifty-six 3-wk-old male Wistar rats were  assigned randomly into control (n = 28) and physical inactivity (n = 28) groups.  After 8 wk, the rats in both groups underwent hindlimb unloading. The soleus  muscles were removed before unloading (0 day), and 1, 3, and 7 days after  unloading (n = 7 for each). Although the soleus muscle weight was significantly  decreased after 7 days of hindlimb unloading in both groups, the decrease was  drastic in the inactive group. A significant interaction between inactivity and  unloading (P < 0.01) was observed according to the 4-hydroxynonenal-conjugated  protein levels and the histone deacetylase 4 (HDAC4) and NF-κB protein levels.  HDAC4 and NF-κB p65 protein levels in the physical inactivity group increased  significantly 1 day after hindlimb unloading, along with the mRNA levels of their  downstream targets myogenin and muscle RING finger protein 1 (MuRF1). Subsequent  protein ubiquitination was upregulated by long-term physical inactivity (P <  0.05).NEW & NOTEWORTHY Long-term physical inactivity exacerbates hindlimb  unloading-induced disuse muscle atrophy in young rat soleus muscles, possibly  mediated by oxidative stress-induced protein ubiquitination via HDAC4- and NF-κB  p65-induced MuRF1 mRNA upregulation.",2021,"Journal of applied physiology (Bethesda, Md. : 1985)",2,soleus; hs; soleus muscle; unloading; rats
The Loss of HJV Aggravates Muscle Atrophy by Promoting the Activation of the TβRII/Smad3 Pathway.,"Hemojuvelin (HJV) is a membrane-bound protein prominently expressed in the skeletal muscle, heart, and liver. Despite its established function in iron  regulation, the specific role of HJV in muscle physiology and pathophysiology is  not well understood. In this study, we explored the involvement of HJV in  disuse-induced muscle atrophy and uncovered the potential mechanisms. Hindlimb  unloading (HU) resulted in soleus muscle atrophy in wild type (WT) mice,  accompanied by a significant decrease in HJV protein expression. The  muscle-specific deletion of Hjv (MKO) exacerbated myofiber atrophy, which was  associated with an increase in the expression of muscle ubiquitin ligases  following HU. Furthermore, the expression of transforming growth factor-β type II  receptor (TβRII) and the level of phosphorylated Smad3 (p-Smad3) were elevated  after HU, and these effects were exacerbated in MKO mice. The knockdown of TβRII  in the skeletal muscle of MKO mice mitigated myofiber atrophy and reversed the  hyperactivation of the TβRII/Smad3 pathway induced by HU. Our findings  demonstrate that the absence of HJV contributes to the activation of the  TβRII/Smad3 signaling pathway and, consequently, the onset of myofiber atrophy in  response to HU. Given its abundant expression in skeletal muscle, HJV emerges as  a potential therapeutic target for muscle atrophy.",2025,International journal of molecular sciences,1,hu; expression; unloading; skeletal; skeletal muscle
Immobilization induces nuclear accumulation of HDAC4 in rat skeletal muscle.,"The study described herein aimed to examine changes in HDAC4 and its downstream targets in immobilization-induced rat skeletal muscle atrophy. Eleven male Wistar  rats were used, and one hindlimb was immobilized in the plantar flexion position  using a plaster cast. The contralateral, non-immobilized leg served as an  internal control. After 10 days, the gastrocnemius muscles were removed from both  hindlimbs. Ten days of immobilization resulted in a significant reduction  (-27.3 %) in gastrocnemius muscle weight. A significant decrease in AMPK  phosphorylation was also observed in nuclear fractions from immobilized legs  relative to the controls. HDAC4 expression was significantly increased in  immobilized legs in both the cytoplasmic and nuclear fractions. Moreover,  Myogenin and MyoD mRNA levels were upregulated in immobilized legs, resulting in  increased Atrogin-1 mRNA expression. Our data suggest that nuclear HDAC4  accumulation is partly related to immobilization-induced muscle atrophy.",2016,The journal of physiological sciences : JPS,8,group; immobilization; expression; protein; cast
Mitochondrial-targeted antioxidants protect skeletal muscle against immobilization-induced muscle atrophy.,"Prolonged periods of muscular inactivity (e.g., limb immobilization) result in skeletal muscle atrophy. Although it is established that reactive oxygen species  (ROS) play a role in inactivity-induced skeletal muscle atrophy, the cellular  pathway(s) responsible for inactivity-induced ROS production remain(s) unclear.  To investigate this important issue, we tested the hypothesis that elevated  mitochondrial ROS production contributes to immobilization-induced increases in  oxidative stress, protease activation, and myofiber atrophy in skeletal muscle.  Cause-and-effect was determined by administration of a novel  mitochondrial-targeted antioxidant (SS-31) to prevent immobilization-induced  mitochondrial ROS production in skeletal muscle fibers. Compared with ambulatory  controls, 14 days of muscle immobilization resulted in significant muscle  atrophy, along with increased mitochondrial ROS production, muscle oxidative  damage, and protease activation. Importantly, treatment with a  mitochondrial-targeted antioxidant attenuated the inactivity-induced increase in  mitochondrial ROS production and prevented oxidative stress, protease activation,  and myofiber atrophy. These results support the hypothesis that redox  disturbances contribute to immobilization-induced skeletal muscle atrophy and  that mitochondria are an important source of ROS production in muscle fibers  during prolonged periods of inactivity.",2011,"Journal of applied physiology (Bethesda, Md. : 1985)",3,mitochondrial; ros; pgc1α; disuse; mitophagy
SS-31 does not prevent or reduce muscle atrophy 7 days after a 65 kdyne contusion spinal cord injury in young male mice.,"Spinal cord injury (SCI) leads to major reductions in function, independent living, and quality of life. Disuse and paralysis from SCI leads to rapid muscle  atrophy, with chronic muscle loss likely playing a role in the development of the  secondary metabolic disorders often seen in those with SCI. Muscle disuse is  associated with mitochondrial dysfunction. Previous evidence has suggested  targeting the mitochondria with the tetrapeptide SS-31 is beneficial for muscle  health in preclinical models that lead to mitochondrial dysfunction, such as cast  immobilization or burn injury. We gave young male mice a sham (n = 8) or 65 kdyne  thoracic contusion SCI with (n = 9) or without (n = 9) daily administration of  5.0 mg/kg SS-31. Hindlimb muscle mass and muscle bundle respiration were measured  at 7 days post-SCI and molecular targets were investigated using immunoblotting,  RT-qPCR, and metabolomics. SS-31 did not preserve body mass or hindlimb muscle  mass 7 days post-SCI. SS-31 had no effect on soleus or plantaris muscle bundle  respiration. SCI was associated with elevated levels of protein carbonylation,  led to reduced protein expression of activated DRP1 and reductions in markers of  mitochondrial fusion. SS-31 administration did result in reduced total DRP1  expression, as well as greater expression of inhibited DRP1. Gene expression of  proinflammatory cytokines and their receptors were largely stable across groups,  although SS-31 treatment led to greater mRNA expression of IL1B, TNF, and  TNFRSF12A. In summation, SS-31 was not an efficacious treatment acutely after a  moderate thoracic contusion SCI in young male mice.",2022,Physiological reports,3,mitochondrial; ros; pgc1α; disuse; mitophagy
The worsening of skeletal muscle atrophy induced by immobilization at the early stage of remobilization correlates with BNIP3-dependent mitophagy.,"BACKGROUND: Recent studies have shown that immobilization enhances reactive oxygen species (ROS) production and mitophagy activity in atrophic skeletal  muscle. However, there are relatively few studies examining the biological  changes and underlying mechanisms of skeletal muscle during remobilization. In  this study, we aimed to investigate the effects of remobilization on skeletal  muscle and explore the role of BNIP3-dependent mitophagy in this process.  METHODS: Thirty rats were randomly divided into six groups based on  immobilization and remobilization time: control (C), immobilization for two weeks  (I-2w), and remobilization for one day (R-1d), three days (R-3d), seven days  (R-7d), and two weeks (R-2w). At the end of the experimental period, the rectus  femoris muscles were removed and weighed, and the measurements were expressed as  the ratio of muscle wet weight to body weight (MWW/BW). Sirius Red staining was  performed to calculate the values of cross-sectional area (CSA) of rectus  femoris. Oxidative fluorescent dihydroethidium was used to evaluate the  production of ROS, and the levels of superoxide dismutase (SOD) were also  detected. The morphological changes of mitochondria and the formation of  mitophagosomes in rectus femoris were examined and evaluated by transmission  electron microscope. Immunofluorescence was employed to detect the  co-localization of BNIP3 and LC3B, while Western blot analysis was performed to  quantify the levels of proteins associated with mitophagy and mitochondrial  biogenesis. The total ATP content of the rectus femoris was determined to assess  mitochondrial function. RESULTS: Within the first three days of remobilization,  the rats demonstrated decreased MWW/BW, CSA, and ATP concentration, along with  increased ROS production and HIF-1α protein levels in the rectus femoris. Results  also indicated that remobilization triggered BNIP3-dependent mitophagy, supported  by the accumulation of mitophagosomes, the degradation of mitochondrial proteins  (including HSP60 and COX IV), the elevation of BNIP3-dependent mitophagy protein  markers (including BNIP3, LC3B-II/LC3B-I, and Beclin-1), and the accumulation of  puncta representing co-localization of BNIP3 with LC3B. Additionally, PGC-1α,  which is involved in the regulation of mitochondrial biogenesis, was upregulated  within the first seven days of remobilization to counteract this adverse effect.  CONCLUSION: Our findings suggested that BNIP3-denpendent mitophagy was sustained  activated at the early stages of remobilization, and it might contribute to the  worsening of skeletal muscle atrophy.",2023,BMC musculoskeletal disorders,3,mitochondrial; ros; pgc1α; disuse; mitophagy
SLC25A mitochondrial carriers as biomarkers and therapeutic targets of spaceflight-induced dysfunction: the ADP/ATP carrier (AAC3) as a structural case  study.,"BACKGROUND: Spaceflight exposes living organisms to mechanical unloading and cosmic radiation that profoundly reshape metabolism and tissue function. Because  mitochondria play a crucial role in dealing with stress responses, members of the  SLC25A carrier family become crucial checkpoints for controlling cellular energy  and redox homeostasis. METHODS: In this study, we examined the expression of 53  SLC25A genes across osteocytes, human bone marrow-derived mesenchymal stem cells  (hBMSCs), and mouse brain under microgravity, using curated transcriptomic  datasets from NASAs Open Science Data Repository (OSDR). In addition, given that  ADP/ATP carriers (AACs) are key mediators of apoptosis, we further investigated  AACs through structural modeling and molecular docking with the specific  pro-apoptotic (carboxyatractyloside) and anti-apoptotic (bongkrekic acid)  inhibitors, with the aim of proposing them as potential targets for apoptosis  regulation. RESULTS: Our analysis reveals distinct, tissue-specific expression  patterns, with bone cells showing early alteration of the expression of  mitochondrial transporters, with enhanced levels of AAC4, CFNc, GC1, CIC, and  PNC2, together with reduced UCP2, OGC, and AGC2. These alterations indicate an  impaired metabolite transport and gradual metabolic adaptation. hBMSCs, by  contrast, repressed AGC1, CAC, UCP6, ORC1, and GlyC, while increasing AAC3,  MFRN1, and SLC25A40 expression, consistently with weaker oxidative  phosphorylation and limited renewal potential. Brain tissue appeared  comparatively resilient, displaying only a selective rise in DIC, most likely  reflecting adaptive activation of dicarboxylate flux. Structural modeling of AACs  highlighted conserved conformational features that can be exploited for the  structural modeling of all mitochondrial carriers, thereby providing a foundation  for the design of drugs targeting all members of the SLC25A family and for the  development of selective modulators capable of restoring apoptosis control and  mitochondrial function during exposure to microgravity or cosmic radiation.  CONCLUSIONS: The presented results establish SLC25A carriers as biomarkers and  potential therapeutic targets for counteracting bone/muscle loss, mitochondrial  dysfunction, and neurodegeneration under space conditions. By integrating  transcriptomic analysis with structural modeling, this work provides  translational relevance for astronaut health and offers mechanistic insights  applicable to terrestrial mitochondrial disorders as well.",2025,Journal of translational medicine,6,microgravity; space; spaceflight; simulated; mitochondrial
Molecular Signaling Effects behind the Spontaneous Soleus Muscle Activity Induced by 7-Day Rat Hindlimb Suspension.,"The elimination of ground reaction force (support withdrawal) vastly affects slow postural muscles in terms of their regulation and structure. One of the effects  of support withdrawal in this study was an immediate postural muscle  inactivation, followed by the daily gradual development of spontaneous activity  of the slow postural soleus muscle in response to rat hindlimb suspension to  mimic space flight. The origin of this activity is somewhat akin to muscle  spasticity after spinal cord injuries and is the result of KCC2 content decline  in the spinal cord's motor neurons. However, the physiological consequences of  unloading-induced spontaneous activity remain unexplored. We have conducted an  experiment with the administration of a highly specific KCC2 activator during  7-day unloading. For this experiment, 32 male Wistar rats were divided into 4  groups: C+placebo, C+CLP-290 (100 mg/kg b w), 7HS+placebo, and  7HS+CLP-hindlimb-suspended group with CLP-290 administration (100 mg/kg b w). The  soleus muscles of the animals were dissected and analyzed for several  proteostasis- and metabolism-related parameters. CLP-290 administration to the  unloaded animals led to the upregulation of AMPK downstream (p-ACC) and mTOR  targets (p-p70S6k and p-4E-BP) and an enhanced PGC1alpha decrease vs. the 7HS  group, but neither prevented nor enhanced atrophy of the soleus muscle or  myofiber CSA.",2024,International journal of molecular sciences,2,soleus; hs; soleus muscle; unloading; rats
Protein Nutritional Support: The Classical and Potential New Mechanisms in the Prevention and Therapy of Sarcopenia.,"Sarcopenia commonly occurs in the elderly and patients with wasting diseases. The main reason is an imbalance in protein metabolism (protein degradation exceeding  protein synthesis). It causes a serious decline in muscle strength and motion  ability, even leading to long-term bed rest. Recent studies indicate that  nutritional support is beneficial for ameliorating sarcopenia and restoring  muscle function. This review will summarize the classical mechanisms of protein  nutritional support for alleviating sarcopenia, such as modulating the  ubiquitin-proteasome system, oxidative response, and cell autophagy, as well as  the potential new mechanisms, including altering miRNA profiles and gut  microbiota. In addition, the clinical application and outcome of protein  nutritional support in the elderly and patients with wasting diseases are also  introduced. Protein nutritional support is expected to provide new approaches for  the prevention and adjuvant therapy of sarcopenia.",2020,Journal of agricultural and food chemistry,4,wasting; muscle wasting; sarcopenia; loss; understanding
A Novel Research Paradigm for Sarcopenia of Limb Muscles: Lessons From the Perpetually Working Diaphragm's Anti-Aging Mechanisms.,"BACKGROUND: Skeletal muscle function and mass continuously decrease during aging. Most studies target limb muscles owing to their direct impact on mobility and  falls risk. The diaphragm (DIA), also a type of skeletal muscle with different  phenotype, has received less attention. Comparative research of the DIA and limb  muscles can reveal their distinct aging characteristics. Critically, the  potential endogenous anti-aging mechanisms of DIA that may provide new insights  into the mechanisms of sarcopenia in limb muscles remain scarce. METHODS:  Treadmill and grip tests assessed limb muscle function, while a lung function  system evaluated respiratory function in both adult (6-month-old) and old  (22-month-old) mice. Histological assessments evaluated muscle mass in both the  DIA and tibialis anterior (TA). Transcriptome sequencing identified  differentially expressed genes (DEGs) between the DIA and TA with aging.  Adeno-associated virus (AAV)-encoding short hairpin (sh) RNA targeting gene was  injected into adult mice's TA muscles to knockdown target gene level in TA, and  AAV-gene was injected into old mice's TA to overexpress target gene level.  RESULTS: Old mice displayed significantly reduced running distance (p = 0.0026),  maximal speed (p = 0.0019), time to exhaustion (p = 0.0033) and grip strength  (p = 0.0055) compared with adult mice, alongside TA's weight loss, decreased  myofibre cross-sectional area (CSA) and autophagy deficiency. However, lung  function indicators (respiratory rate, tidal volume, minute ventilation volume,  forced vital capacity and ratio of forced expiratory volume in 100 or 200 ms to  forced vital capacity), as well as DIA weight and morphology remained stable in  old mice. Transcriptional analysis revealed 61 DEGs, with significant  upregulation or downregulation observed in TA, but without changes in DIA during  aging. Smox (spermine oxidase) is one of the DEGs, responsible for catalysing the  conversion of spermine to spermidine. It was reported that in muscle atrophy  models such as limb immobilisation, fasting and denervation, Smox's levels are  positively correlated with muscle mass and function. Additionally, an increase in  Smox also promotes mitochondrial biogenesis. In our study, AAV-shSmox adult mice  decreased running distance, speed and time, myofibre CSA alongside mitochondrial  function, compared with controls. In contrast, old mice with Smox overexpression  showed enhanced mitochondrial function. CONCLUSIONS: In conclusion, this study  reveals aging diversities of TA and DIA, explores the sarcopenia of limb muscles  based on the anti-aging properties of DIA, which offers a novel perspective on  limb sarcopenia. Our findings suggest Smox as a potential target for developing  strategies to mitigate sarcopenia progression.",2025,"Journal of cachexia, sarcopenia and muscle",9,mice; muscle atrophy; protein; immobilization; mass
MURF1 deficiency suppresses unloading-induced effects on osteoblasts and osteoclasts to lead to bone loss.,"Loss of mechanical stress or unloading causes disuse osteoporosis that leads to fractures and deteriorates body function and affects mortality rate in aged  population. This bone loss is due to reduction in osteoblastic bone formation and  increase in osteoclastic bone resorption. MuRF1 is a muscle RING finger protein  which is involved in muscle wasting and its expression is enhanced in the muscle  of mice subjected to disuse condition such as hind limb unloading (HU). However,  whether MuRF1 is involved in bone loss due to unloading is not known. We  therefore examined the effects of MuRF1 deficiency on unloading-induced bone  loss. We conducted hind limb unloading of MuRF1 KO mice and wild-type control  mice. Unloading induced about 60% reduction in cancellous bone volume (BV/TV) in  WT mice. In contrast, MuRF1 deficiency suppressed unloading-induced cancellous  bone loss. The cortical bone mass was also reduced by unloading in WT mice. In  contrast, MuRF1 deficiency suppressed this reduction in cortical bone mass. To  understand whether the effects of MuRF1 deficiency suppress bone loss is on the  side of bone formation or bone resorption, histomorphometry was conducted.  Unloading reduced bone osteoblastic formation rate (BFR) in WT. In contrast,  MuRF1 deficiency suppressed this reduction. Regarding bone resorption, unloading  increased osteoclast number in WT. In contrast, MURF1 deficiency suppressed this  osteoclast increase. These data indicated that the ring finger protein, MURF1 is  involved in disuse-induced bone loss in both of the two major bone remodeling  activities, osteoblastic bone formation and osteoclastic bone resorption.",2011,Journal of cellular biochemistry,0,recovery; reloading; mass; muscle mass; mice
Neutralizing mitochondrial ROS does not rescue muscle atrophy induced by hindlimb unloading in female mice.,"Excess reactive oxygen species (ROS) induced by physical inactivity is associated with muscle atrophy and muscle weakness. However, the role of mitochondrial ROS  on disuse-induced muscle atrophy is not fully understood. The purpose of this  study was to utilize a genetic strategy to examine the effect of neutralizing  mitochondrial ROS on disuse-induced skeletal muscle atrophy. This was  accomplished by placing wild-type (WT) and mitochondrial-targeted  catalase-expressing (MCAT) littermate mice on 7 days of hindlimb unloading. After  assessment of body weight and composition, muscles were analyzed for individual  muscle mass, force-generating capacity, fiber type, cross-sectional area, and  mitochondrial function, including H(2)O(2) production. Despite a successful  attenuation of mitochondrial ROS, MCAT mice were not protected from muscle  atrophy. No differences were observed in body composition, lean mass, individual  muscle masses, force-generating capacity, or muscle fiber cross-sectional area.  These data suggest that neutralizing mitochondrial ROS is insufficient to  suppress disuse-induced loss of skeletal muscle mass and contractile function.NEW  & NOTEWORTHY The premise of this study was to examine the efficacy of genetic  suppression of mitochondrial reactive oxygen species (ROS) to attenuate  disuse-induced muscle atrophy and muscle weakness. Neutralization of  mitochondrial ROS by MCAT expression was insufficient to rescue muscle atrophy  and muscle weakness.",2020,"Journal of applied physiology (Bethesda, Md. : 1985)",3,mitochondrial; ros; pgc1α; disuse; mitophagy
"Trichostatin A, a histone deacetylase inhibitor, modulates unloaded-induced skeletal muscle atrophy.","Skeletal muscle atrophy is commonly associated with immobilization, ageing, and catabolic diseases such as diabetes and cancer cachexia. Epigenetic regulation of  gene expression resulting from chromatin remodeling through histone acetylation  has been implicated in muscle disuse. The present work was designed to test the  hypothesis that treatment with trichostatin A (TSA), a histone deacetylase  inhibitor, would partly counteract unloading-induced muscle atrophy. Soleus  muscle atrophy (-38%) induced by 14 days of rat hindlimb suspension was reduced  to only 25% under TSA treatment. TSA partly prevented the loss of type I and IIa  fiber size and reversed the transitions of slow-twitch to fast-twitch fibers in  soleus muscle. Unloading or TSA treatment did not affect myostatin gene  expression and follistatin protein. Soleus protein carbonyl content remained  unchanged, whereas the decrease in glutathione vs. glutathione disulfide ratio  and the increase in catalase activity (biomarkers of oxidative stress) observed  after unloading were abolished by TSA treatment. The autophagy-lysosome pathway  (Bnip3 and microtubule-associated protein 1 light chain 3 proteins, Atg5,  Gabarapl1, Ulk1, and cathepsin B and L mRNA) was not activated by unloading or  TSA treatment. However, TSA suppressed the rise in muscle-specific RING finger  protein 1 (MuRF1) caused by unloading without affecting the forkhead box (Foxo3)  transcription factor. Prevention of muscle atrophy by TSA might be due to the  regulation of the skeletal muscle atrophy-related MuRF1 gene. Our findings  suggest that TSA may provide a novel avenue to treat unloaded-induced muscle  atrophy.",2015,"Journal of applied physiology (Bethesda, Md. : 1985)",2,soleus; hs; soleus muscle; unloading; rats
Regulation of muscle atrophy-related genes by the opposing transcriptional activities of ZEB1/CtBP and FOXO3.,"Multiple physiopathological and clinical conditions trigger skeletal muscle atrophy through the induction of a group of proteins (atrogenes) that includes  components of the ubiquitin-proteasome and autophagy-lysosomal systems. Atrogenes  are induced by FOXO transcription factors, but their regulation is still not  fully understood. Here, we showed that the transcription factor ZEB1, best known  for promoting tumor progression, inhibits muscle atrophy and atrogene expression  by antagonizing FOXO3-mediated induction of atrogenes. Compared to wild-type  counterparts, hindlimb immobilization in Zeb1-deficient mice resulted in enhanced  muscle atrophy and higher expression of a number of atrogenes, including  Atrogin-1/Fbxo32, MuRF1/Trim63, Ctsl, 4ebp1, Gabarapl1, Psma1 and Nrf2. Likewise,  in the C2C12 myogenic cell model, ZEB1 knockdown augmented both myotube diameter  reduction and atrogene upregulation in response to nutrient deprivation.  Mechanistically, ZEB1 directly represses in vitro and in vivo Fbxo32 and Trim63  promoter transcription in a stage-dependent manner and in a reverse pattern with  MYOD1. ZEB1 bound to the Fbxo32 promoter in undifferentiated myoblasts and  atrophic myotubes, but not in non-atrophic myotubes, where it is displaced by  MYOD1. ZEB1 repressed both promoters through CtBP-mediated inhibition of FOXO3  transcriptional activity. These results set ZEB1 as a new target in therapeutic  approaches to clinical conditions causing muscle mass loss.",2018,Nucleic acids research,7,skeletal; skeletal muscle; muscle atrophy; protein; role
Capillary rarefaction during bed rest is proportionally less than fibre atrophy and loss of oxidative capacity.,"BACKGROUND: Muscle disuse from bed rest or spaceflight results in losses in muscle mass, strength and oxidative capacity. Capillary rarefaction may  contribute to muscle atrophy and the reduction in oxidative capacity during bed  rest. Artificial gravity may attenuate the negative effects of long-term space  missions or bed rest. The aim of the present study was to assess (1) the effects  of bed rest on muscle fibre size, fibre type composition, capillarization and  oxidative capacity in the vastus lateralis and soleus muscles after 6 and 55 days  of bed rest and (2) the effectiveness of artificial gravity in mitigating  bed-rest-induced detriments to these parameters. METHODS: Nineteen participants  were assigned to a control group (control, n = 6) or an intervention group  undergoing 30 min of centrifugation (n = 13). All underwent 55 days of head-down  tilt bed rest. Vastus lateralis and soleus biopsies were taken at baseline and  after 6 and 55 days of bed rest. Fibre type composition, fibre cross-sectional  area, capillarization indices and oxidative capacity were determined. RESULTS:  After just 6 days of bed rest, fibre atrophy (-23.2 ± 12.4%, P < 0.001) and  reductions in capillary-to-fibre ratio (C:F; 1.97 ± 0.57 vs. 1.56 ± 0.41,  P < 0.001) were proportional in both muscles as reflected by a maintained  capillary density. Fibre atrophy proceeded at a much slower rate between 6 and  55 days of bed rest (-11.6 ± 12.1% of 6 days, P = 0.032) and was accompanied by a  19.1% reduction in succinate dehydrogenase stain optical density (P < 0.001),  without any further significant decrements in C:F (1.56 ± 0.41 vs. 1.49 ± 0.37,  P = 0.459). Consequently, after 55 days of bed rest, the capillary  supply-oxidative capacity ratio of a fibre had increased by 41.9% (P < 0.001),  indicating a capillarization in relative excess of oxidative capacity. Even  though the heterogeneity of capillary spacing (Log(R) SD) was increased after  55 days by 12.7% (P = 0.004), tissue oxygenation at maximal oxygen consumption of  the fibres was improved after 55 days bed rest. Daily centrifugation failed to  blunt the bed-rest-induced reductions in fibre size and oxidative capacity and  capillary rarefaction. CONCLUSIONS: The relationship between fibre size and  oxidative capacity with the capillary supply of a fibre is uncoupled during  prolonged bed rest as reflected by a rapid loss of muscle mass and capillaries,  followed at later stages by a more than proportional loss of mitochondria without  further capillary loss. The resulting excessive capillary supply of the muscle  after prolonged bed rest is advantageous for the delivery of substrates needed  for subsequent muscle recovery.",2022,"Journal of cachexia, sarcopenia and muscle",5,older; bed; hmb; bed rest; rest
"Skeletal muscle-specific inducible AMPKα1/α2 knockout mice develop muscle weakness, glycogen depletion, and fibrosis that persists during disuse atrophy.","The 5' adenosine monophosphate-activated protein kinase (AMPK) is an important skeletal muscle regulator implicated as a possible therapeutic target to  ameliorate the local undesired deconditioning of disuse atrophy. However, the  muscle-specific role of AMPK in regulating muscle function, fibrosis, and  transcriptional reprogramming during physical disuse is unknown. The purpose of  this study was to determine how the absence of both catalytic subunits of AMPK in  skeletal muscle influences muscle force production, collagen deposition, and the  transcriptional landscape. We generated skeletal muscle-specific  tamoxifen-inducible AMPKα1/α2 knockout (AMPKα(-/-)) mice that underwent 14 days  of hindlimb unloading (HU) or remained ambulatory for 14 days (AMB). We found  that AMPKα(-/-) during ambulatory conditions altered body weight and myofiber  size, decreased muscle function, depleted glycogen stores and TBC1 domain family  member 1 (TBC1D1) phosphorylation, increased collagen deposition, and altered  transcriptional pathways. Primarily, pathways related to cellular senescence and  mitochondrial biogenesis and function were influenced by the absence of AMPKα.  The effects of AMPKα(-/-) persisted, but were not worsened, following hindlimb  unloading. Together, we report that AMPKα is necessary to maintain skeletal  muscle quality.NEW & NOTEWORTHY We determined that skeletal muscle-specific AMPKα  knockout (KO) mice display functional, fibrotic, and transcriptional alterations  before and during muscle disuse atrophy. We also observed that AMPKα KO drives  muscle fibrosis and pathways related to cellular senescence that continues during  the hindlimb unloading period.",2024,American journal of physiology. Endocrinology and metabolism,1,hu; expression; unloading; skeletal; skeletal muscle
miR-125b-5p targeting TRAF6 relieves skeletal muscle atrophy induced by fasting or denervation.,"BACKGROUND: Skeletal muscle atrophy, characterized by accelerated protein degradation, occurs in such conditions as unloading, immobilization, fasting, and  denervation. Effective treatments for skeletal muscle atrophy are not yet  available. Considering that microRNAs (miRs) may play an important role in the  regulation of muscle atrophy, in the present study, we aimed to examine the  effect of miR-125b-5p-based therapeutic strategies on skeletal muscle atrophy,  and to explore the underlying mechanisms. METHODS: Fasting-induced atrophic mouse  C2C12 myotubes and denervated rat tibialis anterior (TA) muscles were used as in  vitro and in vivo models of skeletal muscle atrophy, respectively. The  morphological parameters of skeletal muscle were measured by immunostaining-based  quantification. The interaction between miR-125b-5p and TRAF6 3'-UTR was detected  by luciferase reporter analysis. The mRNA and protein expressions were determined  by real-time qPCR and Western blot analysis respectively. The miR mimics/agomir  and miR inhibitor/antagomir were transfected into C2C12 myotubes and TA muscles  respectively to alter the expression of miR-125b-5p. RESULTS: The expression of  miR-125b-5p was down-regulated in both atrophic C2C12 myotubes and denervated TA  muscles. The interaction between miR-125b-5p and TRAF6 3'-UTR was identified.  Overexpression of miR-125b-5p protected skeletal muscle samples from atrophy in  vitro and in vivo by targeting TRAF6 through inactivation of several  ubiquitin-proteasome system (UPS)- and autophagy-lysosome system (ALS)-related  proteins. CONCLUSIONS: Overexpression of miR-125b-5p may provide a promising  therapeutic approach to treat muscle atrophy.",2019,Annals of translational medicine,7,skeletal; skeletal muscle; muscle atrophy; protein; role
Urinary titin as an early biomarker of skeletal muscle proteolysis and atrophy in various catabolic conditions.,"Skeletal muscle atrophy impairs quality of life and increases the risk of disease, but current methods for assessment of muscle mass have several  limitations. We here investigated the urinary concentration of a fragment of the  muscle protein titin as a potential biomarker for the early detection of skeletal  muscle atrophy. Four mouse models with different atrophy pathways were studied:  those of cardiotoxin-induced acute muscle injury, cast-induced muscle  immobilization, lipopolysaccharide-induced sepsis, and streptozotocin-induced  diabetes. In all four models, urinary titin levels increased early, concurrent  with or preceding upregulation of the atrophy-related genes for atrogin-1 and  MuRF-1. The increase in the urinary titin concentration was thus associated with  initial muscle damage and the onset of proteolysis, rather than with late-stage  muscle wasting. Our findings suggest that urinary titin is a promising biomarker  for detection of the onset of skeletal muscle catabolism and prediction of the  subsequent development of atrophy in different catabolic states. Noninvasive  measurement of urinary titin may therefore allow the earlier detection of  skeletal muscle proteolysis compared with conventional techniques.",2024,Biochemical and biophysical research communications,7,skeletal; skeletal muscle; muscle atrophy; protein; role
Muscle immobilization and remobilization downregulates PGC-1α signaling and the mitochondrial biogenesis pathway.,"Prolonged immobilization (IM) results in skeletal muscle atrophy accompanied by increased reactive oxygen species (ROS) generation, inflammation, and protein  degradation. However, the biological consequence of remobilizing such muscle has  been studied only sparsely. In this study, we examined the peroxisome  proliferator-activated receptor-γ coactivator-1α (PGC-1α)-controlled  mitochondrial biogenesis pathway and inflammatory response in mice subjected to 2  wk of hindlimb IM followed by 5 days of remobilization (RM). We hypothesized that  ROS generation and activation of redox-sensitive signaling pathways play  important roles in the etiology of muscle injury. FVB/N mice (age 2 mo) were  randomly assigned to either 14 days of IM by casting one of the hindlimbs (n =  7), IM followed by 5 days of RM with casting removed (n = 7), or to a control  group (Con; n = 7). Muscle to body weight ratios of three major leg muscles were  significantly decreased as a result of IM. Two ubiquitin-proteasome pathway  enzymes, muscle atrophy F-box (MAFb or atrogin-1) and muscle ring finger-1  (MuRF-1), were upregulated with IM and maintained at high levels during RM.  Protein contents of PGC-1α and nuclear respiratory factors 1 and 2 in tibialis  anterior (TA) muscle were reduced by 50% (P < 0.01) in IM vs. Con, with no  recovery observed during RM. IM suppressed mitochondrial transcription factor A  and cytochrome-c content by 57% and 63% (P < 0.01), respectively, and  cytochrome-c oxidase activity by 58% (P < 0.05). Furthermore, mitochondrial DNA  content was reduced by 71% (P < 0.01) with IM. None of these changes were  reversed after RM. With RM, TA muscle showed a 2.3-fold (P < 0.05) higher H2O2  content and a 4-fold (P < 0.01) higher 8-isoprostane content compared with Con,  indicating oxidative stress. Tumor necrosis factor-α and interleukin-6 levels in  TA muscle were 4- and 3-fold higher (P < 0.05), respectively, in IM and RM vs.  CON. The nuclear factor-κB (NF-κB) pathway activation was observed only after RM,  but not after IM alone. These data indicate an increase in ROS generation during  the initial phase of muscle RM that could activate the NF-κB pathway, and elicit  inflammation and oxidative stress. These events may hinder muscle recovery from  IM-induced mitochondrial deterioration and protein loss.",2013,"Journal of applied physiology (Bethesda, Md. : 1985)",3,mitochondrial; ros; pgc1α; disuse; mitophagy
Preventive Effects of the Dietary Intake of Medium-chain Triacylglycerols on Immobilization-induced Muscle Atrophy in Rats.,"Previous studies have shown that medium-chain triacylglycerols (MCTs) exert favorable effects on protein metabolism. This study evaluated the effects of the  dietary intake of MCTs on rat skeletal muscle mass and total protein content  during casting-induced hindlimb immobilization, which causes substantial protein  degradation and muscle atrophy. Rats were fed a standard diet containing  long-chain triacylglycerols (LCTs) or MCTs for 3 days and then a unilateral  hindlimb was immobilized while they received the same diet. After immobilization  for 3, 7, and 14 days, muscle mass and total protein content in immobilized  soleus muscle in the LCT-fed rats had markedly decreased compared to the  contralateral muscle; however, these losses were partially suppressed in MCT-fed  rats. Autophagosomal membrane proteins (LC-I and -II), which are biomarkers of  autophagy-lysosome activity, did not differ significantly between the LCT- and  MCT-fed rats. In contrast, the immobilization-induced increase in muscle-specific  E3 ubiquitin ligase MuRF-1 protein expression in immobilized soleus muscle  relative to contralateral muscle was completely blocked in the MCT-fed rats and  was significantly lower than that observed in the LCT-fed rats. Collectively,  these results indicate that the dietary intake of MCTs at least partly alleviates  immobilization-induced muscle atrophy by inhibiting the ubiquitin-proteasome  pathway.",2017,Journal of oleo science,2,soleus; hs; soleus muscle; unloading; rats
Rosa canina Extract Attenuates Muscle Atrophy in L6 Myotubes and Immobilized Mice.,"Background: Skeletal muscle is essential not only for structural integrity but also metabolic homeostasis. Muscle atrophy, the loss of muscle mass and function,  is closely linked to chronic and metabolic disorders and is driven by chronic  inflammation, oxidative stress, impaired myogenesis, and disrupted protein  homeostasis. The present study aimed to evaluate the protective effects and  underlying mechanisms of Rosa canina extract (RCE), a polyphenol-rich plant known  for its antioxidant and anti-inflammatory properties, in vitro and in vivo models  of muscle atrophy. Methods: We investigated the effects of RCE in TNF-α-treated  L6 myotubes and a mouse model (eight-week-old male C57BL/6N) of  immobilization-induced muscle atrophy. Markers of inflammation, oxidative stress,  myogenesis, protein turnover, and anabolic signaling were analyzed via RT-PCR,  Western blotting and ELISA. Muscle mass, performance, micro-CT imaging, and  histological cross-sectional area were assessed in vivo. Results: RCE suppressed  pro-inflammatory cytokines, restored antioxidant enzyme expression, and preserved  myogenic markers. It inhibited muscle proteolysis by downregulating the genes  involved in protein degradation and promoted protein synthesis by via activation  of the PI3K/Akt/mTOR pathway. In mice, RCE mitigated muscle mass loss, preserved  fiber cross-sectional area, improved strength and endurance, and restored muscle  volume. Conclusions: RCE attenuated muscle atrophy by targeting inflammation,  oxidative stress, proteolysis, and impaired anabolism. These findings highlight  RCE as a promising natural therapeutic for preserving muscle health and metabolic  homeostasis.",2025,Nutrients,9,mice; muscle atrophy; protein; immobilization; mass
Acupuncture ameliorated skeletal muscle atrophy induced by hindlimb suspension in mice.,"Preventing skeletal muscle atrophy is critical for maintaining quality of life, but it is often a challenging goal for the elderly and patients with severe  conditions. We hypothesized that acupuncture in place of exercise training is an  alternative non-pharmacological intervention that can help to prevent muscle  atrophy. To elucidate the effects of acupuncture on skeletal muscle atrophy  caused by hindlimb suspension (HS), we performed acupuncture on mice according to  two different methods: acupuncture with electrical stimulation (EA:  electroacupuncture) and without electrical stimulation (MA: manual acupuncture).  A needle was retained in the gastrocnemius muscle for 30 min every day for 2  weeks in the EA and MA groups. In the EA group, 30 min of repetitive electrical  stimulation (1 Hz, 1 ms pulse width, 6.5 mA intensity) was also applied. HS  significantly reduced muscle mass and the cross-sectional area of the soleus  muscles. This HS-induced reduction was significantly improved in the EA group,  although the level of improvement remained insufficient when compared with the  control group. We found that the mRNA expression levels of atrogin-1 and MuRF1,  which play a principal role in muscle-specific degradation as E3 ubiquitin  ligases, were significantly increased in the HS group compared to the control  group. EA and MA reduced the HS-induced upregulation of atrogin-1 (p<0.01 in EA  and MA) and MuRF1 (p<0.01 in EA) mRNAs. We also found that the expression levels  of PI3K, Akt1, TRPV4, adenosine A1 receptor, myostatin, and SIRT1 mRNAs tended to  be increased by HS. EA and MA further increased the HS-induced upregulation of  Akt1 (p<0.05 in MA) and TRPV4 (p<0.05 in MA) mRNAs. We concluded that acupuncture  partially prevented skeletal muscle atrophy. This effect might be due to an  increase in protein synthesis and a decrease in protein degradation.",2011,Biochemical and biophysical research communications,8,group; immobilization; expression; protein; cast
Immobilization-induced activation of key proteolytic systems in skeletal muscles is prevented by a mitochondria-targeted antioxidant.,"Long periods of skeletal muscle disuse result in muscle fiber atrophy, and mitochondrial production of reactive oxygen species (ROS) appears to be a  required signal for the increase in protein degradation that occurs during disuse  muscle atrophy. The experiments detailed here demonstrate for the first time in  limb muscle that the inactivity-induced increases in E3 ligase expression and  autophagy biomarkers result from increases in mitochondrial ROS emission.  Treatment of animals with a mitochondrial-targeted antioxidant also prevented the  disuse-induced decrease in anabolic signaling (Akt/mammalian target of rapamycin  signaling) that is normally associated with prolonged inactivity in skeletal  muscles. Additionally, our results confirm previous findings that treatment with  a mitochondrial-targeted antioxidant is sufficient to prevent casting-induced  skeletal muscle atrophy, mitochondrial dysfunction, and activation of the  proteases calpain and caspase-3. Collectively, these data reveal that  inactivity-induced increases in mitochondrial ROS emission play a required role  in activation of key proteolytic systems and the downregulation of important  anabolic signaling molecules in muscle fibers exposed to prolonged inactivity.",2013,"Journal of applied physiology (Bethesda, Md. : 1985)",3,mitochondrial; ros; pgc1α; disuse; mitophagy
"Skeletal muscle in MuRF1 null mice is not spared in low-gravity conditions, indicating atrophy proceeds by unique mechanisms in space.","Microgravity exposure is associated with loss of muscle mass and strength. The E3 ubiquitin ligase MuRF1 plays an integral role in degrading the contractile  apparatus of skeletal muscle; MuRF1 null (KO) mice have shown protection in  ground-based models of muscle atrophy. In contrast, MuRF1 KO mice subjected to 21  days of microgravity on the International Space Station (ISS) were not protected  from muscle atrophy. In a time course experiment microgravity-induced muscle loss  on the ISS showed MuRF1 gene expression was not upregulated. A comparison of the  soleus transcriptome profiles between spaceflight and a publicly available data  set for hindlimb suspension, a claimed surrogate model of microgravity, showed  only marginal commonalities between the models. These findings demonstrate  spaceflight induced atrophy is unique, and that understanding of effects of space  requires study situated beyond the Earth's mesosphere.",2019,Scientific reports,6,microgravity; space; spaceflight; simulated; mitochondrial
Effects of Simulated Microgravity In Vitro on Human Metaphase II Oocytes: An Electron Microscopy-Based Study.,"The Gravity Force to which living beings are subjected on Earth rules the functionality of most biological processes in many tissues. It has been reported  that a situation of Microgravity (such as that occurring in space) causes  negative effects on living beings. Astronauts returning from space shuttle  missions or from the International Space Station have been diagnosed with various  health problems, such as bone demineralization, muscle atrophy, cardiovascular  deconditioning, and vestibular and sensory imbalance, including impaired visual  acuity, altered metabolic and nutritional status, and immune system  dysregulation. Microgravity has profound effects also on reproductive functions.  Female astronauts, in fact, suppress their cycles during space travels, and  effects at the cellular level in the early embryo development and on female  gamete maturation have also been observed. The opportunities to use space flights  to study the effects of gravity variations are limited because of the high costs  and lack of repeatability of the experiments. For these reasons, the use of  microgravity simulators for studying, at the cellular level, the effects, such as  those, obtained during/after a spatial trip, are developed to confirm that these  models can be used in the study of body responses under conditions different from  those found in a unitary Gravity environment (1 g). In view of this, this study  aimed to investigate in vitro the effects of simulated microgravity on the  ultrastructural features of human metaphase II oocytes using a Random Positioning  Machine (RPM). We demonstrated for the first time, by Transmission Electron  Microscopy analysis, that microgravity might compromise oocyte quality by  affecting not only the localization of mitochondria and cortical granules due to  a possible alteration of the cytoskeleton but also the function of mitochondria  and endoplasmic reticulum since in RPM oocytes we observed a switch in the  morphology of smooth endoplasmic reticulum (SER) and associated mitochondria from  mitochondria-SER aggregates to mitochondria-vesicle complexes. We concluded that  microgravity might negatively affect oocyte quality by interfering in vitro with  the normal sequence of morphodynamic events essential for acquiring and  maintaining a proper competence to fertilization in human oocytes.",2023,Cells,6,microgravity; space; spaceflight; simulated; mitochondrial
Mitophagy and Mitochondria Biogenesis Are Differentially Induced in Rat Skeletal Muscles during Immobilization and/or Remobilization.,"Mitochondria alterations are a classical feature of muscle immobilization, and autophagy is required for the elimination of deficient mitochondria (mitophagy)  and the maintenance of muscle mass. We focused on the regulation of mitochondrial  quality control during immobilization and remobilization in rat gastrocnemius  (GA) and tibialis anterior (TA) muscles, which have very different atrophy and  recovery kinetics. We studied mitochondrial biogenesis, dynamic, movement along  microtubules, and addressing to autophagy. Our data indicated that mitochondria  quality control adapted differently to immobilization and remobilization in GA  and TA muscles. Data showed i) a disruption of mitochondria dynamic that occurred  earlier in the immobilized TA, ii) an overriding role of mitophagy that involved  Parkin-dependent and/or independent processes during immobilization in the GA and  during remobilization in the TA, and iii) increased mitochondria biogenesis  during remobilization in both muscles. This strongly emphasized the need to  consider several muscle groups to study the mechanisms involved in muscle atrophy  and their ability to recover, in order to provide broad and/or specific clues for  the development of strategies to maintain muscle mass and improve the health and  quality of life of patients.",2020,International journal of molecular sciences,3,mitochondrial; ros; pgc1α; disuse; mitophagy
Resistance exercise preconditioning prevents disuse muscle atrophy by inhibiting apoptosis and protein degradation via SESN2 in C57BL/6J mice.,"AIM: To compare the effects of different exercise preconditioning in the context of skeletal muscle atrophy and to investigate the potential involvement of  Sestrin2 (SESN2), a stress-inducible protein that can be regulated by exercise,  in exercise preconditioning on preventing disuse muscle atrophy. METHODS:  Eight-week-old male C57BL/6J mice were randomly assigned to sedentary groups  (SD), aerobic exercise groups (AE), resistance exercise groups (RE), and combined  exercise groups (CE) with or without 7 days of immobilization. The duration of  the exercise intervention was 10 weeks. The effects of different exercise  preconditioning to prevent muscle atrophy were analyzed by evaluating skeletal  muscle function and mass. Additionally, to investigate the potential underlying  mechanism of exercise-induced protection of skeletal muscle, wild-type and  SESN2(-)(-)/(-)(-) mice were randomly divided into sedentary group and resistance  exercise preconditioning group. C2C12 cells were treated with SESN2 adenoviruses  and MK2206 (an AKT inhibitor) for 48 h to elucidate the underlined mechanism.  RESULTS: RE was more effective in preserving skeletal muscle function, muscle  mass and maintaining skeletal muscle protein homeostasis than AE and CE under  immobilized condition. Importantly, exercise performance, muscle mass to body  weight ratio, and the cross-sectional area of muscle fibers were significantly  lower in SESN2-/- mice than wild-type mice after resistance exercise  preconditioning. Mechanistically, the absence of SESN2 led to activation of the  ubiquitin-proteasome system and induction of apoptosis. In vitro experiments  showed that MK2206 treatment mitigated the regulatory effects of  overexpression-SESN2 on protein hydrolysis and apoptosis. CONCLUSION: RE was more  effective than AE or CE in preventing disuse muscle atrophy. SESN2 mediated the  protective effects of resistance exercise preconditioning on skeletal muscle  atrophy.",2024,Biochimica et biophysica acta. Molecular basis of disease,9,mice; muscle atrophy; protein; immobilization; mass
Differences in the Role of HDACs 4 and 5 in the Modulation of Processes Regulating MAFbx and MuRF1 Expression during Muscle Unloading.,"Unloading leads to skeletal muscle atrophy via the upregulation of MuRF-1 and MAFbx E3-ligases expression. Reportedly, histone deacetylases (HDACs) 4 and 5 may  regulate the expression of MuRF1 and MAFbx. To examine the HDAC-dependent  mechanisms involved in the control of E3-ubiquitin ligases expression at the  early stages of muscle unloading we used HDACs 4 and 5 inhibitor LMK-235 and HDAC  4 inhibitor Tasqinimod (Tq). Male Wistar rats were divided into four groups  (eight rats per group): nontreated control (C), three days of unloading/hindlimb  suspension (HS) and three days HS with HDACs inhibitor LMK-235 (HSLMK) or Tq  (HSTq). Treatment with LMK-235 diminished unloading-induced of MAFbx, myogenin  (MYOG), ubiquitin and calpain-1 mRNA expression (p < 0.05). Tq administration had  no effect on the expression of E3-ligases. The mRNA expression of MuRF1 and MAFbx  was significantly increased in both HS and HSTq groups (1.5 and 4.0 folds,  respectively; p < 0.05) when compared with the C group. It is concluded that  during three days of muscle unloading: (1) the HDACs 4 and 5 participate in the  regulation of MAFbx expression as well as the expression of MYOG, ubiquitin and  calpain-1; (2) the inhibition of HDAC 4 has no effect on MAFbx expression.  Therefore, HDAC 5 is perhaps more important for the regulation of MAFbx  expression than HDAC 4.",2020,International journal of molecular sciences,2,soleus; hs; soleus muscle; unloading; rats
Elevated p70S6K phosphorylation in rat soleus muscle during the early stage of unloading: Causes and consequences.,"Currently, there is a lack of investigation into the initial signaling events underlying the development of disuse muscle atrophy. The study was aimed to (i)  identify an assumed relationship between AMPK dephosphorylation and p70S6K  hyperphosphorylation in the initial period of hindlimb unloading (HS), and (ii)  assess the signaling consequences of p70S6K hyperphosphorylation following 24-h  HS. For experiment 1, rats were treated with AMPK activator (AICAR) for 6 d  before HS as well as during 24-h HS. For experiment 2, rats were treated with  mTORC1 inhibitor rapamycin during 24-h HS. The key signaling markers implicated  in protein turnover were assessed using WB and RT-PCR. One-day HS resulted in a  significant upregulation of MuRF-1 and MAFbx expression, increase in p70S6K  (Thr389) and IRS-1 (Ser639) phosphorylation and a significant decrease in  phosphorylated AMPK, AKT, FOXO3, total IRS-1 content, and HDAC5 nuclear content.  AMPK and p70S6K phosphorylation did not differ from control in AICAR-treated  unloaded rats. Rapamycin treatment during unloading abolished p70S6K and E3  ligases upregulation and increased HDAC5 nuclear accumulation. The results of the  study suggest that mTORC-1/p70S6K signaling pathway in rat soleus muscle is  activated following 24-h mechanical unloading. This activation is facilitated by  a decrease in AMPK phosphorylation. Increased p70S6K activity at the initial  stage of hindlimb unloading could lead to the upregulation of E3 ligases  MAFbx/atrogin-1 and MuRF-1 via nuclear export of HDAC5.",2019,Archives of biochemistry and biophysics,2,soleus; hs; soleus muscle; unloading; rats
Effect of enhanced muscle tone on the expression of atrogenes and cytoskeletal proteins during postural muscle unloading.,"Skeletal muscle unloading leads to the decreased electrical activity and decline of muscle tone. AIMS: Current study evaluated the effect of muscle tone  preservation achieved by tetanus toxin (TeNT) treatment on signaling pathways  regulating atrophic processes during unloading. MAIN METHODS: Four groups of rats  were used: non-treated control (C), control rats with TeNT administration (CT), 7  days of unloading/hindlimb suspension with placebo (HS), and 7 days of unloading  with TeNT administration (HST). KEY FINDINGS: Absolute and relative force of  tetanic contractions was decreased by 65% in soleus muscle of HS rats when  compared with C. Treatment with TeNT significantly lessened force decline in  soleus muscle of HST rats when compared with HS. TeNT administration increased  myosin heavy chain I beta (MyHC Iβ) expression in CT rats and prevented MyHC Iβ  loss in HST group when compared with C rats. Desmin content was lower by 31.4%  (p < 0.05) in HS group when compared with HST. Calpain-1 expression was increased  in HS group when compared with C, CT and HST. There was a decrease in p-p70S6K  content (41%, p < 0,05) and an increase in p-eEF2 content (77%, p < 0,05) in HS  group when compared with C, while there were no significant differences in the  content of these proteins between HST, CT and C groups. SIGNIFICANCE: Treatment  with TeNT significantly diminished unloading-induced decline of soleus muscle  mass and mechanical properties and affected the regulation of MyHC Iβ expression.  These effects are mediated by signaling pathways regulating protein synthesis and  degradation.",2022,Archives of biochemistry and biophysics,2,soleus; hs; soleus muscle; unloading; rats
Carbon monoxide-loaded cell therapy as an exercise mimetic for sarcopenia treatment.,"Sarcopenia is characterized by loss of muscle strength and muscle mass with aging. The growing number of sarcopenia patients as a result of the aging  population has no viable treatment. Exercise maintains muscle strength and mass  by increasing peroxisome growth factor activating receptor γ-conjugating  factor-1α (PGC-1α) and Akt signaling in skeletal muscle. The present study  focused on the carbon monoxide (CO), endogenous activator of PGC-1α and Akt, and  investigated the therapeutic potential of CO-loaded red blood cells (CO-RBCs),  which is bioinspired from in vivo CO delivery system, as an exercise mimetic for  the treatment of sarcopenia. Treatment of C2C12 myoblasts with the CO-donor  increased the protein levels of PGC-1α which enhanced mitochondrial biogenesis  and energy production. The CO-donor treatment also activated Akt, indicating that  CO promotes muscle synthesis. CO levels were significantly elevated in the  skeletal muscle of normal mice after intravenous administration of CO-RBCs.  Furthermore, CO-RBCs restored the mRNA expression levels of PGC-1α in the  skeletal muscle of two experimental sarcopenia mouse models, denervated (Den) and  hindlimb unloading (HU) models. CO-RBCs also restored muscle mass in Den mice by  activating Akt signaling and suppressing the muscle atrophy factors myostatin and  atrogin-1, and oxidative stress. Treadmill tests further showed that the reduced  running distance in HU mice was significantly restored by CO-RBC administration.  These findings suggest that CO-RBCs have potential as an exercise mimetic for  sarcopenia treatment.",2024,Free radical biology & medicine,9,mice; muscle atrophy; protein; immobilization; mass
Balanced Diet-Fed Fat-1 Transgenic Mice Exhibit Lower Hindlimb Suspension-Induced Soleus Muscle Atrophy.,"The consequences of two-week hindlimb suspension (HS) on skeletal muscle atrophy were investigated in balanced diet-fed Fat-1 transgenic and C57BL/6 wild-type  mice. Body composition and gastrocnemius fatty acid composition were measured.  Skeletal muscle force, cross-sectional area (CSA), and signaling pathways  associated with protein synthesis (protein kinase B, Akt; ribosomal protein S6,  S6, eukaryotic translation initiation factor 4E-binding protein 1, 4EBP1;  glycogen synthase kinase3-beta, GSK3-beta; and extracellular-signal-regulated  kinases 1/2, ERK 1/2) and protein degradation (atrophy gene-1/muscle atrophy  F-box, atrogin-1/MAFbx and muscle RING finger 1, MuRF1) were evaluated in the  soleus muscle. HS decreased soleus muscle wet and dry weights (by 43% and 26%,  respectively), muscle isotonic and tetanic force (by 29% and 18%, respectively),  CSA of the soleus muscle (by 36%), and soleus muscle fibers (by 45%). Fat-1  transgenic mice had a decrease in the ω-6/ω-3 polyunsaturated fatty acids (PUFAs)  ratio as compared with C57BL/6 wild-type mice (56%, p < 0.001). Fat-1 mice had  lower soleus muscle dry mass loss (by 10%) and preserved absolute isotonic force  (by 17%) and CSA of the soleus muscle (by 28%) after HS as compared with C57BL/6  wild-type mice. p-GSK3B/GSK3B ratio was increased (by 70%) and MuRF-1 content  decreased (by 50%) in the soleus muscle of Fat-1 mice after HS. Balanced diet-fed  Fat-1 mice are able to preserve in part the soleus muscle mass, absolute isotonic  force and CSA of the soleus muscle in a disuse condition.",2017,Nutrients,2,soleus; hs; soleus muscle; unloading; rats
Mechanical and signaling responses of unloaded rat soleus muscle to chronically elevated β-myosin activity.,"It has been reported that muscle functional unloading is accompanied by an increase in motoneuronal excitability despite the elimination of afferent input.  Thus, we hypothesized that pharmacological potentiation of spontaneous  contractile soleus muscle activity during hindlimb unloading could activate  anabolic signaling pathways and prevent the loss of muscle mass and strength. To  investigate these aspects and underlying molecular mechanisms, we used β-myosin  allosteric effector Omecamtiv Mekarbil (OM). We found that OM partially prevented  the loss of isometric strength and intrinsic stiffness of the soleus muscle after  two weeks of disuse. Notably, OM was able to attenuate the unloading-induced  decrease in the rate of muscle protein synthesis (MPS). At the same time, the use  of drug neither prevented the reduction in the markers of translational capacity  (18S and 28S rRNA) nor activation of the ubiquitin-proteosomal system, which is  evidenced by a decrease in the cross-sectional area of fast and slow muscle  fibers. These results suggest that chemically-induced increase in low-intensity  spontaneous contractions of the soleus muscle during functional unloading creates  prerequisites for protein synthesis. At the same time, it should be assumed that  the use of OM is advisable with pharmacological drugs that inhibit the expression  of ubiquitin ligases.",2024,Archives of biochemistry and biophysics,2,soleus; hs; soleus muscle; unloading; rats
Stress-induced skeletal muscle Gadd45a expression reprograms myonuclei and causes muscle atrophy.,"Diverse stresses including starvation and muscle disuse cause skeletal muscle atrophy. However, the molecular mechanisms of muscle atrophy are complex and not  well understood. Here, we demonstrate that growth arrest and DNA damage-inducible  45a protein (Gadd45a) is a critical mediator of muscle atrophy. We identified  Gadd45a through an unbiased search for potential downstream mediators of the  stress-inducible, pro-atrophy transcription factor ATF4. We show that Gadd45a is  required for skeletal muscle atrophy induced by three distinct skeletal muscle  stresses: fasting, muscle immobilization, and muscle denervation. Conversely,  forced expression of Gadd45a in muscle or cultured myotubes induces atrophy in  the absence of upstream stress. We show that muscle-specific ATF4 knock-out mice  have a reduced capacity to induce Gadd45a mRNA in response to stress, and as a  result, they undergo less atrophy in response to fasting or muscle  immobilization. Interestingly, Gadd45a is a myonuclear protein that induces  myonuclear remodeling and a comprehensive program for muscle atrophy. Gadd45a  represses genes involved in anabolic signaling and energy production, and it  induces pro-atrophy genes. As a result, Gadd45a reduces multiple barriers to  muscle atrophy (including PGC-1α, Akt activity, and protein synthesis) and  stimulates pro-atrophy mechanisms (including autophagy and caspase-mediated  proteolysis). These results elucidate a critical stress-induced pathway that  reprograms muscle gene expression to cause atrophy.",2012,The Journal of biological chemistry,7,skeletal; skeletal muscle; muscle atrophy; protein; role
"Longitudinal characterization of functional, morphologic, and biochemical adaptations in mouse skeletal muscle with hindlimb suspension.","INTRODUCTION: Hindlimb unloading-induced muscle atrophy is often assessed after a homeostatic state is established, thus overlooking the early adaptations that are  critical to developing this pattern of atrophy. METHODS: Muscle function and  physiology were characterized at 0, 1, 3, 7, and 14 days of hindlimb suspension  (HS). RESULTS: Reductions in muscle mass were maximal by Day 14 of HS. Functional  strength and isolated muscle strength were reduced. MyHC-I and -IIa expressing  fibers were reduced in size by Day 7 in the soleus and by Day 14 in the  gastrocnemius (MyHC-I fibers only). Atrogin-1 and MuRF1 expression was increased  by Day 1 in both the calf and tibialis anterior while IGF-1 expression was  significantly reduced on Day 3. Phosphorylation of Akt was reduced on Day 14.  CONCLUSIONS: Insight into these early changes in response to HS improves  understanding of the molecular and functional changes that lead to muscle  atrophy.",2013,Muscle & nerve,0,recovery; reloading; mass; muscle mass; mice
Skeletal Muscle Energetics and Mitochondrial Function Are Impaired Following 10 Days of Bed Rest in Older Adults.,"BACKGROUND: Older adults exposed to periods of inactivity during hospitalization, illness, or injury lose muscle mass and strength. This, in turn, predisposes poor  recovery of physical function upon reambulation and represents a significant  health risk for older adults. Bed rest (BR) results in altered skeletal muscle  fuel metabolism and loss of oxidative capacity that have recently been linked to  the muscle atrophy program. Our primary objective was to explore the effects of  BR on mitochondrial energetics in muscle from older adults. A secondary objective  was to examine the effect of β-hydroxy-β-methylbuturate (HMB) supplementation on  mitochondrial energetics. METHODS: We studied 20 older adults before and after a  10-day BR intervention, who consumed a complete oral nutritional supplement (ONS)  with HMB (3.0 g/d HMB, n = 11) or without HMB (CON, n = 9). Percutaneous biopsies  of the vastus lateralis were obtained to determine mitochondrial respiration and  H2O2 emission in permeabilized muscle fibers along with markers of content. RNA  sequencing and lipidomics analyses were also conducted. RESULTS: We found a  significant up-regulation of collagen synthesis and down-regulation of ribosome,  oxidative metabolism and mitochondrial gene transcripts following BR in the CON  group. Alterations to these gene transcripts were significantly blunted in the  HMB group. Mitochondrial respiration and markers of content were both reduced and  H2O2 emission was elevated in both groups following BR. CONCLUSIONS: In summary,  10 days of BR in older adults causes a significant deterioration in mitochondrial  energetics, while transcriptomic profiling revealed that some of these negative  effects may be attenuated by an ONS containing HMB.",2020,"The journals of gerontology. Series A, Biological sciences and medical sciences",5,older; bed; hmb; bed rest; rest
The effects of weight bearing on muscle atrophy early after ACL reconstruction in rats.,"We examined the effects of weight bearing after anterior cruciate ligament (ACL) reconstruction on muscle atrophy in rats. Rats were divided into the following  groups: untreated control, ACL reconstruction (amount of weight bearing was  small), ACL reconstruction plus hindlimb unloading (nonweight bearing), and ACL  reconstruction plus morphine administration (amount of weight bearing was large)  groups. At 7 or 14 days after surgery, atrophy of the rectus femoris and  gastrocnemius was assessed. ACL reconstruction induced muscle atrophy in the  rectus femoris and gastrocnemius. Unloading facilitated atrophy in the  gastrocnemius but not in the rectus femoris. Morphine administration partially  prevented atrophy in the gastrocnemius but not in the rectus femoris. After ACL  reconstruction, the gene expression of insulin-like growth factor-1 (IGF-1),  which is involved in protein synthesis, was downregulated in the gastrocnemius.  Unloading decreased the gene expression of IGF-1 and increased the gene  expression of atrogin-1, which is involved in protein breakdown, in the  gastrocnemius. Morphine administration attenuated the downregulation of IGF-1.  Atrophy of the gastrocnemius was more severe with a decrease in weight bearing,  although the effect of weight bearing on rectus femoris atrophy was limited in  rats. Early weight bearing is effective for reducing gastrocnemius muscle atrophy  after ACL reconstruction.",2023,Tissue & cell,0,recovery; reloading; mass; muscle mass; mice
The loss of muscle mass and sarcopenia: non hormonal intervention.,"Muscle aging is a key component of the increase in frailty in human populations. The generation of critical levels of power is a prerequisite to perform simple  tasks of daily living, such as rising from a chair or climbing stairs. There is  great scientific and social interest to determine which behaviors can lead to the  maintenance of the muscle mass in young immobilized subjects and in the elderly.  Several hormonal treatments have been proposed for the treatment of sarcopenia.  However, the side effects associated to these treatments emphasize the need of  finding non-toxic and non-hormonal treatments that help increase muscle strength,  improve muscle function, and decrease the degree of dependency in the old  population. Recently, several studies have shed new light on this topic. Any  medical efforts to develop treatments to prevent muscle dysfunction leading to  sarcopenia, and eventually frailty, will be a major breakthrough in the public  health in advances countries. Moreover, any significant improvement in the loss  of muscle function will be a major breakthrough in the health and welfare of the  population.",2011,Experimental gerontology,4,wasting; muscle wasting; sarcopenia; loss; understanding
Adaptation of mouse skeletal muscle to long-term microgravity in the MDS mission.,"The effect of microgravity on skeletal muscles has so far been examined in rat and mice only after short-term (5-20 day) spaceflights. The mice drawer system  (MDS) program, sponsored by Italian Space Agency, for the first time aimed to  investigate the consequences of long-term (91 days) exposure to microgravity in  mice within the International Space Station. Muscle atrophy was present  indistinctly in all fiber types of the slow-twitch soleus muscle, but was only  slightly greater than that observed after 20 days of spaceflight. Myosin heavy  chain analysis indicated a concomitant slow-to-fast transition of soleus. In  addition, spaceflight induced translocation of sarcolemmal nitric oxide  synthase-1 (NOS1) into the cytosol in soleus but not in the fast-twitch extensor  digitorum longus (EDL) muscle. Most of the sarcolemmal ion channel subunits were  up-regulated, more in soleus than EDL, whereas Ca(2+)-activated K(+) channels  were down-regulated, consistent with the phenotype transition. Gene expression of  the atrophy-related ubiquitin-ligases was up-regulated in both spaceflown soleus  and EDL muscles, whereas autophagy genes were in the control range.  Muscle-specific IGF-1 and interleukin-6 were down-regulated in soleus but  up-regulated in EDL. Also, various stress-related genes were up-regulated in  spaceflown EDL, not in soleus. Altogether, these results suggest that EDL muscle  may resist to microgravity-induced atrophy by activating compensatory and  protective pathways. Our study shows the extended sensitivity of antigravity  soleus muscle after prolonged exposition to microgravity, suggests possible  mechanisms accounting for the resistance of EDL, and individuates some molecular  targets for the development of countermeasures.",2012,PloS one,6,microgravity; space; spaceflight; simulated; mitochondrial
Losartan restores skeletal muscle remodeling and protects against disuse atrophy in sarcopenia.,"Sarcopenia, a critical loss of muscle mass and function because of the physiological process of aging, contributes to disability and mortality in older  adults. It increases the incidence of pathologic fractures, causing prolonged  periods of hospitalization and rehabilitation. The molecular mechanisms  underlying sarcopenia are poorly understood, but recent evidence suggests that  increased transforming growth factor-β (TGF-β) signaling contributes to impaired  satellite cell function and muscle repair in aged skeletal muscle. We therefore  evaluated whether antagonism of TGF-β signaling via losartan, an angiotensin II  receptor antagonist commonly used to treat high blood pressure, had a beneficial  impact on the muscle remodeling process of sarcopenic mice. We demonstrated that  mice treated with losartan developed significantly less fibrosis and exhibited  improved in vivo muscle function after cardiotoxin-induced injury. We found that  losartan not only blunted the canonical TGF-β signaling cascade but also  modulated the noncanonical TGF-β mitogen-activated protein kinase pathway. We  next assessed whether losartan was able to combat disuse atrophy in aged mice  that were subjected to hindlimb immobilization. We showed that immobilized mice  treated with losartan were protected against loss of muscle mass. Unexpectedly,  this protective mechanism was not mediated by TGF-β signaling but was due to an  increased activation of the insulin-like growth factor 1 (IGF-1)/Akt/mammalian  target of rapamycin (mTOR) pathway. Thus, blockade of the AT1 (angiotensin II  type I) receptor improved muscle remodeling and protected against disuse atrophy  by differentially regulating the TGF-β and IGF-1/Akt/mTOR signaling cascades, two  pathways critical for skeletal muscle homeostasis. Thus, losartan, a Food and  Drug Administration-approved drug, may prove to have clinical benefits to combat  injury-related muscle remodeling and provide protection against disuse atrophy in  humans with sarcopenia.",2011,Science translational medicine,9,mice; muscle atrophy; protein; immobilization; mass
Neuromuscular electrical stimulation prevents muscle disuse atrophy during leg immobilization in humans.,"AIM: Short periods of muscle disuse, due to illness or injury, result in substantial skeletal muscle atrophy. Recently, we have shown that a single  session of neuromuscular electrical stimulation (NMES) increases muscle protein  synthesis rates. The aim was to investigate the capacity for daily NMES to  attenuate muscle atrophy during short-term muscle disuse. METHODS: Twenty-four  healthy, young (23 ± 1 year) males participated in the present study. Volunteers  were subjected to 5 days of one-legged knee immobilization with (NMES; n = 12) or  without (CON; n = 12) supervised NMES sessions (40-min sessions, twice daily).  Two days prior to and immediately after the immobilization period, CT scans and  single-leg one-repetition maximum (1RM) strength tests were performed to assess  quadriceps muscle cross-sectional area (CSA) and leg muscle strength  respectively. Furthermore, muscle biopsies were taken to assess muscle fibre CSA,  satellite cell content and mRNA and protein expression of selected genes.  RESULTS: In CON, immobilization reduced quadriceps CSA by 3.5 ± 0.5% (P < 0.0001)  and muscle strength by 9 ± 2% (P < 0.05). In contrast, no significant muscle loss  was detected following immobilization in NMES although strength declined by 7 ±  3% (P < 0.05). Muscle MAFbx and MuRF1 mRNA expression increased following  immobilization in CON (P < 0.001 and P = 0.07 respectively), whereas levels  either declined (P < 0.01) or did not change in NMES, respectively.  Immobilization led to an increase in muscle myostatin mRNA expression in CON (P <  0.05), but remained unchanged in NMES. CONCLUSION: During short-term disuse, NMES  represents an effective interventional strategy to prevent the loss of muscle  mass, but it does not allow preservation of muscle strength. NMES during disuse  may be of important clinical relevance in both health and disease.",2014,"Acta physiologica (Oxford, England)",8,group; immobilization; expression; protein; cast
Mealworm (Tenebrio molitor)-derived protein supplementation attenuates skeletal muscle atrophy in hindlimb casting immobilized rats.,"This study aimed to investigate the effect of mealworm (Tenebrio molitor) derived protein supplementation on skeletal muscle atrophy of hindlimb casted immobilized  rats. Twenty-four six-week-old male Sprague-Dawley rats were randomly divided  into three groups: control sedentary group (CD, n = 8), control diet casting  group (CDC, n = 8), and the mealworm-derived protein supplemented casting group  (MDC, n = 8). CD and CDC group was supplemented AIN-76G diet and mealworm-derived  protein supplemented diet for MDC group was substituted as 5% casein protein to  5% mealworm protein for 5 weeks and left hindlimb casting immobilization using  casting tape for CDC and MDC group was done 1 week before sacrifice. After 5  weeks of mealworm supplementation, the soleus muscle weight of the MDC group was  significantly higher compared to the CDC group. In addition, the level of muscle  protein synthesis factors p-Akt/Akt, p-4EBP1/4EBP1, and p-S6K/S6K significantly  increased in the MDC group compared to the CDC group. On contrary, the level of  muscle protein degradation factors (MuRF1 and atrogin-1) was significantly lower  in the MDC group than that of the CDC group. These results suggest that  mealworm-derived protein supplementation may have a significant role in the  prevention of skeletal muscle atrophy via stimulation of muscle protein synthesis  factors and inhibition of muscle protein degradation factors, and therefore a  promising intervention in sarcopenia.",2021,The Chinese journal of physiology,8,group; immobilization; expression; protein; cast
Gomisin G improves muscle strength by enhancing mitochondrial biogenesis and function in disuse muscle atrophic mice.,"Disuse muscle atrophy is characterized by a decrease in muscle mass and strength and an increase in glycolytic muscle fiber type. Although Schisandra chinensis  extract has beneficial effects on muscle atrophy induced by various conditions  (e.g., dexamethasone and aging), the effect of gomisin G, a lignan component of  S. chinensis, on disuse muscle atrophy is unclear. Here, we induced disuse muscle  atrophy through wire immobilization of the hind legs in mice followed by the oral  administration of gomisin G. The cross-sectional area and muscle strength in  disuse muscle atrophic mice were increased by gomisin G; however, the total  muscle mass did not increase. Gomisin G decreased the expression of muscle  atrophic factors (myostatin, atrogin-1, and MuRF1) but increased the expression  of protein synthesis factors (mTOR and 4E-BP1). In H(2)O(2)-treated C2C12  myotubes, the level of puromycin incorporation (as a marker of protein synthesis)  gradually increased in a dose-dependent manner by gomisin G. Furthermore, gomisin  G induced a muscle fiber switch from fast-type glycolytic fibers (type 2B) to  slow-type oxidative fibers (type I, 2A) in the gastrocnemius (GA) muscle as  proved a decrease in the expression of TnI-FS and an increase in the expression  of TnI-SS. Gomisin G increased mitochondrial DNA content and ATP levels in the GA  muscle and COX activity in H(2)O(2)-treated C2C12 myotubes, improving  mitochondrial function. Mechanistically, mitochondrial biogenesis is regulated by  gomisin G via the Sirt 1/PGC-1α signaling pathway, targeting NRF1 and TFAM. These  data suggest that gomisin G has a potential therapeutic effect on disuse muscle  atrophy.",2022,Biomedicine & pharmacotherapy = Biomedecine & pharmacotherapie,9,mice; muscle atrophy; protein; immobilization; mass
Effect of Electrical Stimulation on Disuse Muscular Atrophy Induced by Immobilization: Correlation With Upregulation of PERK Signal and Parkin-Mediated  Mitophagy.,"OBJECTIVES: The aims of the study are to investigate the effect of electrical stimulation on disuse muscular atrophy induced by immobilization (IM) and to  explore the role of PERK signal and Parkin-dependent mitophagy in this process.  DESIGN: In the first subexperiment, 24 rabbits were divided into four groups,  which underwent different periods of IM. In the second subexperiment, 24 rabbits  were divided into four groups on average in accordance with different kinds of  interventions. To test the time-dependent changes of rectus femoris after IM, and  to evaluate the effect of electrical stimulation, the wet weights,  cross-sectional area and fat deposition of rectus femoris were assessed in this  study, along with the protein levels of atrogin-1, p-PERK, Parkin, and COXIV.  RESULTS: The wet weights and cross-sectional area decreased, and the fat  deposition increased in rectus femoris after IM, along with the elevated protein  levels of atrogin-1, p-PERK, Parkin, and decreased protein levels of COXIV. The  above histomorphological and molecular changes can be partially ameliorated by  electrical stimulation. CONCLUSIONS: Immobilization of unilateral lower limb  could induce rectus femoris atrophy, which can be partially rectified by  electrical stimulation. PERK signal and Parkin-mediated mitophagy may be the  mechanisms by which electrical stimulation can play a significant role.",2023,American journal of physical medicine & rehabilitation,8,group; immobilization; expression; protein; cast
TLR4-defective (C3H/HeJ) mice are not protected from cast immobilization-induced muscle atrophy.,"Recent studies have shown that activation of Toll-like receptor (TLR)4 signaling may be an important factor in muscle atrophy and excessive inflammatory response  associated with immobilization. To examine the role of TLR4 signaling on cast  immobilization-induced skeletal muscle atrophy, we tested the hypothesis that  muscle atrophy and inflammation after cast immobilization is reduced in  TLR4-defective mice. TLR4-defective (C3H/HeJ) and wild type (C3H/HeN) mice were  divided into control and cast-immobilization groups. Cast immobilization was  imposed for 14 days. Cast immobilization increased TLR4 mRNA expression in the  gastrocnemius and decreased muscle mass and cross-sectional area (CSA) of the  gastrocnemius fibers. However, there was no difference in the gastrocnemius  muscle mass and CSA between TLR4-defective and wild type mice. Cast  immobilization-induced increase in ubiquitin E3 ligases (MAFbx/Atrogin-1 and  MuRF1), inflammatory cytokines, and macrophage/monocyte marker mRNAs were  unaffected by defective TLR4. Our findings in C3H/HeJ mice suggested that TLR4  signaling might not play an essential role in immobilization-induced muscle  atrophy.",2017,Physiological reports,9,mice; muscle atrophy; protein; immobilization; mass
Nitric oxide synthase inhibition impairs muscle regrowth following immobilization.,"Nitric oxide (NO) has been shown to increase skeletal muscle protein synthesis. However, the role of NO during skeletal muscle regrowth after immobilization  remains unknown. The purpose of this study was to determine whether NO is  required for muscle regrowth/recovery after a period of disuse by immobilization.  Male Wistar rats were divided into 4 groups: recovered,  1-(2-trifluoromethyl-phenyl)-imidazole (TRIM; 10 mg·kg body mass(-1)·day(-1)),  N(G)-nitro-l-arginine methyl ester (l-NAME; 90 mg·kg body mass(-1)·day(-1)), and  control. The recovered, TRIM, l-NAME groups were submitted to a 7-d muscle  recovery period (by remobilization), following a 10-d immobilization period (to  induce plantaris [PLA] muscle atrophy). After the experimental period, the PLA  muscle was collected for morphometrical (muscle fibers cross-sectional area  [CSA]) and molecular (Phospho-mTOR(Ser2448) protein expression) analysis. After  7 d of recovery, the recovered group displayed complete muscle regrowth (CSA,  recovered: 2.216 ± 214 vs. CONTROL: 2.219 ± 280 cm(2); P > 0.05). However, CSA of  the l-NAME (1.911 ± 267 cm(2)) and TRIM (1.896 ± 219 cm(2)) groups were  statistically (P < 0.05) lower than the recovered and control groups.  Additionally, there was a 29% increase in Phos-mTOR(Ser2448) protein expression  levels in the recovered group compared to control group, and this increase was  blocked in both TRIM and l-NAME groups. In conclusion, our results indicate that  NO is crucial for skeletal muscle regrowth after an immobilization period,  potentially via the mTOR signaling pathway.",2017,Nitric oxide : biology and chemistry,8,group; immobilization; expression; protein; cast
Mitochondrial Impairment in Unloaded Postural Muscle: Mechanisms Driving Loss of Muscle Function and Mass.,"Mechanical unloading of skeletal muscle triggers various signaling alterations that result in muscle atrophy and weakness. Mitochondria are essential to muscle  health, acting not only as energy suppliers but also as central mediators of  molecular regulation. Mitochondrial activity, content, and dynamics are tightly  controlled by multiple signaling pathways; conversely, mitochondria-derived  messengers, such as reactive oxygen species (ROS), ATP, and mitokines, are  involved in the regulation of nearly all aspects of muscle signaling. During  mechanical unloading, altered muscle activity leads to mitochondrial dysfunction.  However, the initial triggers, underlying mechanisms, and full consequences of  this dysfunction remain poorly understood. Nevertheless, mitochondria-targeted  therapies have emerged as a promising strategy for mitigating unloading-induced  muscle impairments. In this review, we summarize current data regarding the  characteristics, causes, and outcomes of unloading-induced mitochondrial  dysfunction, specifically focusing on muscle atrophy and functional decline. We  highlight novel findings regarding the roles of mitokines and mitochondrial  calcium overload, propose a new hypothesis to explain the biphasic dynamics of  ATP accumulation during slow-type muscle unloading, and describe emerging  therapeutic strategies to counteract these mitochondrial impairments.",2026,"Antioxidants (Basel, Switzerland)",3,mitochondrial; ros; pgc1α; disuse; mitophagy
Down-regulation of the mitochondrial i-AAA protease Yme1L induces muscle atrophy via FoxO3a and myostatin activation.,"Muscle atrophy is closely associated with many diseases, including diabetes and cardiac failure. Growing evidence has shown that mitochondrial dysfunction is  related to muscle atrophy; however, the underlying mechanisms are still unclear.  To elucidate how mitochondrial dysfunction causes muscle atrophy, we used  hindlimb-immobilized mice. Mitochondrial function is optimized by balancing  mitochondrial dynamics, and we observed that this balance shifted towards  mitochondrial fission and that MuRF1 and atrogin-1 expression levels were  elevated in these mice. We also found that the expression of yeast mitochondrial  escape 1-like ATPase (Yme1L), a mitochondrial AAA protease was significantly  reduced both in hindlimb-immobilized mice and carbonyl cyanide  m-chlorophenylhydrazone (CCCP)-treated C2C12 myotubes. When Yme1L was depleted in  myotubes, the short form of optic atrophy 1 (Opa1) accumulated, leading to  mitochondrial fragmentation. Moreover, a loss of Yme1L, but not of LonP1,  activated AMPK and FoxO3a and concomitantly increased MuRF1 in C2C12 myotubes.  Intriguingly, the expression of myostatin, a myokine responsible for muscle  protein degradation, was significantly increased by the transient knock-down of  Yme1L. Taken together, our results suggest that a deficiency in Yme1L and the  consequential imbalance in mitochondrial dynamics result in the activation of  FoxO3a and myostatin, which contribute to the pathological state of muscle  atrophy.",2020,Journal of cellular and molecular medicine,3,mitochondrial; ros; pgc1α; disuse; mitophagy
Identification of the Acetylation and Ubiquitin-Modified Proteome during the Progression of Skeletal Muscle Atrophy.,"Skeletal muscle atrophy is a consequence of several physiological and pathophysiological conditions including muscle disuse, aging and diseases such as  cancer and heart failure. In each of these conditions, the predominant mechanism  contributing to the loss of skeletal muscle mass is increased protein turnover.  Two important mechanisms which regulate protein stability and degradation are  lysine acetylation and ubiquitination, respectively. However our understanding of  the skeletal muscle proteins regulated through acetylation and ubiquitination  during muscle atrophy is limited. Therefore, the purpose of the current study was  to conduct an unbiased assessment of the acetylation and ubiquitin-modified  proteome in skeletal muscle during a physiological condition of muscle atrophy.  To induce progressive, physiologically relevant, muscle atrophy, rats were cast  immobilized for 0, 2, 4 or 6 days and muscles harvested. Acetylated and  ubiquitinated peptides were identified via a peptide IP proteomic approach using  an anti-acetyl lysine antibody or a ubiquitin remnant motif antibody followed by  mass spectrometry. In control skeletal muscle we identified and mapped the  acetylation of 1,326 lysine residues to 425 different proteins and the  ubiquitination of 4,948 lysine residues to 1,131 different proteins. Of these  proteins 43, 47 and 50 proteins were differentially acetylated and 183, 227 and  172 were differentially ubiquitinated following 2, 4 and 6 days of disuse,  respectively. Bioinformatics analysis identified contractile proteins as being  enriched among proteins decreased in acetylation and increased in ubiquitination,  whereas histone proteins were enriched among proteins increased in acetylation  and decreased in ubiquitination. These findings provide the first proteome-wide  identification of skeletal muscle proteins exhibiting changes in lysine  acetylation and ubiquitination during any atrophy condition, and provide a basis  for future mechanistic studies into how the acetylation and ubiquitination status  of these identified proteins regulates the muscle atrophy phenotype.",2015,PloS one,7,skeletal; skeletal muscle; muscle atrophy; protein; role
Physical inactivity induces the atrophy of skeletal muscle of rats through activating AMPK/FoxO3 signal pathway.,"OBJECTIVE: Long-term physical inactivity can cause the atrophy of skeletal muscle. The aim of this study is to explore the underlying mechanisms of physical  inactivity-induced atrophy of skeletal muscle. MATERIALS AND METHODS: 14 Sprague-  Dawley (SD) male rats were divided into 2 groups including normal control (NC)  and hindlimb suspension (HS) groups. After two weeks of HS stimulation, the ratio  between skeletal muscle weight and body weight, and cross-sectional area (CSA) of  skeletal muscle fibers, were measured. Western blot was applied to evaluate the  expression of proteins associated with atrophy and autophagy. The transmission  electron microscope was used to observe the ultra-microstructure and the  mitochondrial quality of skeletal muscle. RESULTS: The rats subjected to 2-week  HS treatment presented an evident atrophy of the skeletal muscle with a  significantly reduced ratio between skeletal muscle weight and body weight, and  smaller cross-sectional area (CSA) of skeletal muscle fibers when compared with  control rats. Meanwhile, HS stimulation resulted in the damage of mitochondria,  the increased expression of MuRF1 and Atrogin-1/MAFbx, and enhanced apoptosis, as  well as dysfunctional autophagy in skeletal muscle. CONCLUSIONS: HS-induced  skeletal muscle atrophy involves the activation of AMPK/FoxO3 signal pathway,  evidenced as AMPK phosphorylation, FoxO3 activation, and Atrogin-1 and MuRF1  up-regulation. FoxO3-mediated autophagy plays an important regulatory role in  HS-induced skeletal muscle atrophy.",2018,European review for medical and pharmacological sciences,1,hu; expression; unloading; skeletal; skeletal muscle
Metformin Pre-Treatment as a Means of Mitigating Disuse-Induced Rat Soleus Muscle Wasting.,"Currently, no ideal treatment exists to combat skeletal muscle disuse-induced atrophy and loss of strength. Because the activity of AMP-activated protein  kinase (AMPK) in rat soleus muscle is suppressed at the early stages of disuse,  we hypothesized that pre-treatment of rats with metformin (an AMPK activator)  would exert beneficial effects on skeletal muscle during disuse. Muscle disuse  was performed via hindlimb suspension (HS). Wistar rats were divided into four  groups: (1) control (C), (2) control + metformin for 10 days (C+Met), (3) HS for  7 days (HS), (4) metformin treatment for 7 days before HS and during the first 3  days of 1-week HS (HS+Met). Anabolic and catabolic markers were assessed using WB  and RT-PCR. Treatment with metformin partly prevented an HS-induced decrease in  rat soleus weight and size of slow-twitch fibers. Metformin prevented HS-related  slow-to-fast fiber transformation. Absolute soleus muscle force in the HS+Met  group was increased vs. the HS group. GSK-3β (Ser9) phosphorylation was  significantly increased in the HS+Met group vs. the HS group. Metformin  pre-treatment partly prevented HS-induced decrease in 18S+28S rRNA content and  attenuated upregulation of calpain-1 and ubiquitin. Thus, pre-treatment of rats  with metformin can ameliorate disuse-induced reductions in soleus muscle weight,  the diameter of slow-type fibers, and absolute muscle strength.",2023,Current issues in molecular biology,2,soleus; hs; soleus muscle; unloading; rats
Granulocyte-colony stimulating factor enhances load-induced muscle hypertrophy in mice.,"Granulocyte-colony stimulating factor (G-CSF) is a cytokine crucially involved in the regulation of granulopoiesis and the mobilization of hematopoietic stem cells  from bone marrow. However, emerging data suggest that G-CSF exhibits more diverse  functions than initially expected, such as conferring protection against  apoptosis to neural cells and stimulating mitogenesis in cardiomyocytes and  skeletal muscle stem cells after injury. In the present study, we sought to  investigate the potential contribution of G-CSF to the regulation of muscle  volume. We found that the administration of G-CSF significantly enhances muscle  hypertrophy in two different muscle overload models. Interestingly, there was a  significant increase in the transcripts of both G-CSF and G-CSF receptors in the  muscles that were under overload stress. Using mutant mice lacking the G-CSF  receptor, we confirmed that the anabolic effect is dependent on the G-CSF  receptor signaling. Furthermore, we found that G-CSF increases the diameter of  myotubes in vitro and induces the phosphorylation of AKT, mTOR, and ERK1/2 in the  myoblast-like cell line C2C12 after differentiation induction. These findings  indicate that G-CSF is involved in load-induced muscle hypertrophy and suggest  that G-CSF is a potential agent for treating patients with muscle loss and  sarcopenia.",2018,Biochemical and biophysical research communications,7,skeletal; skeletal muscle; muscle atrophy; protein; role
Muscle atrophy phenotype gene expression during spaceflight is linked to a metabolic crosstalk in both the liver and the muscle in mice.,"Human expansion in space is hampered by the physiological risks of spaceflight. The muscle and the liver are among the most affected tissues during spaceflight  and their relationships in response to space exposure have never been studied. We  compared the transcriptome response of liver and quadriceps from mice on NASA RR1  mission, after 37 days of exposure to spaceflight using GSEA, ORA, and sparse  partial least square-differential analysis. We found that lipid metabolism is the  most affected biological process between the two organs. A specific gene cluster  expression pattern in the liver strongly correlated with glucose sparing and an  energy-saving response affecting high energy demand process gene expression such  as DNA repair, autophagy, and translation in the muscle. Our results show that  impaired lipid metabolism gene expression in the liver and muscle atrophy gene  expression are two paired events during spaceflight, for which dietary changes  represent a possible countermeasure.",2022,iScience,6,microgravity; space; spaceflight; simulated; mitochondrial
Ubiquitin Ligases in pro-atrophic and antiatrophic signaling cascades in muscles.,"Skeletal muscle (SkM) atrophy is an associated disorder of cachexia, sarcopenia, immobilization, and denervation and is responsible for increased mortality and  morbidity. SkM atrophy is often characterized by increased protein degradation  and decreased protein synthesis in skeletal muscle. Increased protein catabolism  is firmly associated with protein ubiquitination, an associated  post-transcriptional modification of proteins that mediate diverse cellular  functions like cell growth, cell death, DNA damage repair, and protein  degradation. During the SkM atrophy, the extents of ubiquitination decide the  degradative pathway of proteins as well as organelles. The ubiquitination process  is regulated by three enzymes, ubiquitin-activating enzyme (E1),  ubiquitin-conjugating enzyme (E2), and an E3 ubiquitin ligase (E3) to mediate the  transfer of ubiquitin to the Lys residue of the targeted protein. More than 600  E3 ligases (Reviewed Uniprot Database) known to date are tissue-specific,  organ-specific, and ubiquitous. Hence, E3 ligases may be selective drug targets  due to their involvement in the regulation of stabilities and functions of  proteins. Muscle atrophy F-box protein (MAFbx)/atrogin-1, and E3  ubiquitin-protein ligase TRIM63 (MuRF-1) are highly explored muscle-specific E3  ligases. However, the inhibition of MAFbx and MuRF-1 cannot stop the muscle  atrophy completely. Hence, the involvement of other highly expressed E3  ubiquitin-protein ligases in SkM i.e., TRIM7, UBE2O, MIB2, and CHIP are also  important factors in SkM atrophy. Hence, this review aimed to highlight the  interplay and importance of E3 ligases in SkM atrophy.",2026,Molecular biology reports,7,skeletal; skeletal muscle; muscle atrophy; protein; role
Effect of electrical muscle stimulation on the improvement of deltoid muscle atrophy in a rat shoulder immobilization model.,"Immobilization following trauma or surgery induces skeletal muscle atrophy, and improvement in the muscle atrophy is critical for successful clinical outcomes.  The purpose of this study is to evaluate the effect of electrical muscle  stimulation (EMS) on muscle atrophy. The study design is a controlled laboratory  study. Eighty rats (56 to establish the deltoid muscle atrophy [DMA] model and 24  to evaluate the effect of EMS on the model) were used. DMA was induced by  completely immobilizing the right shoulder of each rat by placing sutures between  the scapula and humeral shaft, with the left shoulder as a control. After  establishing the DMA model, rats were randomly assigned into three groups:  low-frequency EMS (L-EMS, 10 Hz frequency), medium-frequency EMS (M-EMS, 50 Hz  frequency), and control (eight rats per group). After 3 weeks, the deltoid  muscles of each rat were harvested, alterations in gene expression and muscle  cell size were evaluated, and immunohistochemical analysis was performed. DMA was  most prominent 3 weeks after shoulder immobilization. Murf1 and Atrogin were  significantly induced at the initial phase and gradually decreased at  approximately 3 weeks; however, MyoD expressed an inverse relationship with Murf1  and Atrogin. IL6 expression was prominent at 1 week. The time point for the EMS  effect evaluation was selected at 3 weeks, when the DMA was the most prominent  with a change in relevant gene expression. The M-EMS group cell size was  significantly larger than that of L-EMS and control group in both the immobilized  and intact shoulders (all p < 0.05), without significant differences between the  L-EMS and control groups. The M-EMS group showed significantly lower mRNA  expressions of Murf1 and Atrogin and higher expressions of MyoD and Col1A1 than  that of the control group (all p < 0.05). In immunohistochemical analysis,  similar results were observed with lower Atrogin staining and higher MyoD and  Col1A1 staining in the M-EMS group. DMA model was established by complete  shoulder immobilization, with the most prominent muscle atrophy observed at 3  weeks. M-EMS improved DMA with changes in the expression of relevant genes. M-EMS  might be a solution for strengthening atrophied skeletal muscles and facilitating  rehabilitation after trauma or surgery.",2024,Journal of orthopaedic research : official publication of the Orthopaedic Research Society,8,group; immobilization; expression; protein; cast
AKT controls protein synthesis and oxidative metabolism via combined mTORC1 and FOXO1 signalling to govern muscle physiology.,"BACKGROUND: Skeletomuscular diseases result in significant muscle loss and decreased performance, paralleled by a loss in mitochondrial and oxidative  capacity. Insulin and insulin-like growth factor-1 (IGF-1) are two potent  anabolic hormones that activate a host of signalling intermediates including the  serine/threonine kinase AKT to influence skeletal muscle physiology. Defective  AKT signalling is associated with muscle pathology, including cachexia,  sarcopenia, and disuse; however, the mechanistic underpinnings remain unresolved.  METHODS: To elucidate the role of AKT signalling in muscle mass and physiology,  we generated both congenital and inducible mouse models of skeletal  muscle-specific AKT deficiency. To understand the downstream mechanisms mediating  AKT's effects on muscle biology, we generated mice lacking AKT1/2 and FOXO1  (M-AKTFOXO1TKO and M-indAKTFOXO1TKO) to inhibit downstream FOXO1 signalling,  AKT1/2 and TSC1 (M-AKTTSCTKO and M-indAKTTSCTKO) to activate mTORC1, and AKT1/2,  FOXO1, and TSC1 (M-QKO and M-indQKO) to simultaneously activate mTORC1 and  inhibit FOXO1 in AKT-deficient skeletal muscle. Muscle proteostasis and  physiology were assessed using multiple assays including metabolic labelling,  mitochondrial function, fibre typing, ex vivo physiology, and exercise  performance. RESULTS: Here, we show that genetic ablation of skeletal muscle AKT  signalling resulted in decreased muscle mass and a loss of oxidative metabolism  and muscle performance. Specifically, deletion of muscle AKT activity during  development or in adult mice resulted in a significant reduction in muscle growth  by 30-40% (P  < 0.0001; n = 12-20) and 15% (P < 0.01 and P < 0.0001; n = 20-30),  respectively. Interestingly, this reduction in muscle mass was primarily due to  an ~40% reduction in protein synthesis in both M-AKTDKO and M-indAKTDKO muscles  (P < 0.05 and P < 0.01; n = 12-20) without significant changes in proteolysis or  autophagy. Moreover, a significant reduction in oxidative capacity was observed  in both M-AKTDKO (P < 0.05, P < 0.01 and P < 0.001; n = 5-12) and M-indAKTDKO  (P < 0.05 and P < 0.01; n = 4). Mechanistically, activation and inhibition of  mTORC1/FOXO1, respectively, but neither alone, were sufficient to restore protein  synthesis, muscle oxidative capacity, and muscle function in the absence of AKT  in vivo. In a mouse model of disuse-induced muscle loss, simultaneous activation  of mTORC1 and inhibition of FOXO1 preserved muscle mass following immobilization  (~5-10% reduction in casted M-indFOXO1TSCDKO muscles vs. ~30-40% casted  M-indControl muscles, P < 0.05 and P < 0.0001; n = 8-16). CONCLUSIONS:  Collectively, this study provides novel insights into the AKT-dependent  mechanisms that underlie muscle protein homeostasis, function, and metabolism in  both normal physiology and disuse-induced muscle wasting.",2022,"Journal of cachexia, sarcopenia and muscle",7,skeletal; skeletal muscle; muscle atrophy; protein; role
Alcalase-Assisted Mytilus edulis Hydrolysate: A Nutritional Approach for Recovery from Muscle Atrophy.,"Muscle atrophy is a complex physiological condition caused by a variety of reasons, including muscle disuse, aging, malnutrition, chronic diseases,  immobilization, and hormonal imbalance. Beyond its effect on physical appearance,  this condition significantly reduces the quality of human life, thus warranting  the development of preventive strategies. Although exercising is effective in  managing this condition, it is applicable only for individuals who can engage in  physical activities and are not bedridden. A combination of exercise and  nutritional supplementation has emerged as a more advantageous approach. Here, we  evaluated the effects of enzyme-assisted hydrolysates of Mytilus edulis prepared  using Protamex (PMH), Alcalase (AMH), or Flavourzyme (FMH) in protecting against  muscle atrophy in a dexamethasone (Dex)-induced muscular atrophy model in vitro  and in vitro. Alcalase-assisted M. edulis hydrolysate (AMH) was the most  efficient among the tested treatments and resulted in higher protein recovery  (57.06 ± 0.42%) and abundant amino acid composition (43,158 mg/100 g; 43.16%).  AMH treatment also escalated the proliferation of C2C12 cells while increasing  the total number of nuclei, myotube coverage, and myotube diameter. These results  were corroborated by a successful reduction in the levels of proteins responsible  for muscle atrophy, including E3 ubiquitin ligases, and an increase in the  expression of proteins associated with muscle hypertrophy, including myogenin and  MyHC. These results were further solidified by the successful enhancement of  locomotor ability and body weight in zebrafish following AMH treatment. Thus,  these findings highlight the potential of AMH in recovery from muscle atrophy.",2023,Marine drugs,7,skeletal; skeletal muscle; muscle atrophy; protein; role
Effect of short-term hindlimb immobilization on skeletal muscle atrophy and the transcriptome in a low compared with high responder to endurance training model.,"Skeletal muscle atrophy is a physiological response to disuse, aging, and disease. We compared changes in muscle mass and the transcriptome profile after  short-term immobilization in a divergent model of high and low responders to  endurance training to identify biological processes associated with the early  atrophy response. Female rats selectively bred for high response to endurance  training (HRT) and low response to endurance training (LRT; n = 6/group;  generation 19) underwent 3 day hindlimb cast immobilization to compare atrophy of  plantaris and soleus muscles with line-matched controls (n = 6/group). RNA  sequencing was utilized to identify Gene Ontology Biological Processes with  differential gene set enrichment. Aerobic training performed prior to the  intervention showed HRT improved running distance (+60.6 ± 29.6%), while LRT were  unchanged (-0.3 ± 13.3%). Soleus atrophy was greater in LRT vs. HRT (-9.0 ±8.8  vs. 6.2 ±8.2%; P<0.05) and there was a similar trend in plantaris (-16.4 ±5.6%  vs. -8.5 ±7.4%; P = 0.064). A total of 140 and 118 biological processes were  differentially enriched in plantaris and soleus muscles, respectively. Soleus  muscle exhibited divergent LRT and HRT responses in processes including autophagy  and immune response. In plantaris, processes associated with protein  ubiquitination, as well as the atrogenes (Trim63 and Fbxo32), were more  positively enriched in LRT. Overall, LRT demonstrate exacerbated atrophy compared  to HRT, associated with differential gene enrichments of biological processes.  This indicates that genetic factors that result in divergent adaptations to  endurance exercise, may also regulate biological processes associated with  short-term muscle unloading.",2022,PloS one,0,recovery; reloading; mass; muscle mass; mice
[Space flight/bedrest immobilization and bone. Space flight and bed rest-mediated muscle atrophy].,"Muscle atrophy caused by unloading stress is a challenging problem for bed-rested patients or astronauts. However, countermeasures against these muscle atrophy  have not been developed yet. Under unloading conditions, skeletal muscle mass is  rapidly lost by the increase in protein breakdown and the decrease in protein  synthesis. It has been shown that this enhancement of proteolysis in atrophying  muscles results mainly from activation of the ubiquitin-proteasome proteolytic  pathway. Previous our studies revealed that unloading stress led to skeletal  muscle atrophy through the induction of ubiquitin ligase, Cbl-b (Casitas  B-lineage lymphoma b) expression. Thus, Cbl-b inhibiters may be potent  therapeutic and preventive sources against skeletal muscle atrophy caused by  unloading stress.",2012,Clinical calcium,7,skeletal; skeletal muscle; muscle atrophy; protein; role
Codonopsis lanceolata and its active component Tangshenoside I ameliorate skeletal muscle atrophy via regulating the PI3K/Akt and SIRT1/PGC-1α pathways.,"BACKGROUND: Skeletal muscle atrophy is caused by aging, disuse, malnutrition, and several diseases. However, there are still no effective drugs or treatments for  muscle atrophy. Codonopsis lanceolata (CL), a traditional medicinal plant and  food, has been reported to have anti-oxidative, anti-inflammatory, anti-tumor,  and anti-obesity effects. PURPOSE: This study aimed to investigate the efficacy  and active component of CL on muscle atrophy in vitro and to confirm the effect  of CL and its active component on muscle atrophy and the underlying molecular  mechanisms in vivo. STUDY: design/Methods This study used the dexamethasone  (Dex)-induced muscle atrophy C2C12 myotube model and immobilization (IM)-induced  muscle atrophy C57BL/6 mice model. In vitro study, the myotube diameter was  measured. In vivo study, the grip strength, muscle mass (quadriceps,  gastrocnemius, and soleus) and muscle fiber cross-sectional area (CSA) was  measured. Western blot analysis and qRT-PCR were performed to confirm the  underlying molecular mechanisms Results:In vitro study, CL and its main  component, Tangshenoside I (TSI), effectively restored C2C12 myotube diameters  decreased by Dex. Surprisingly, TSI was identified as the active component  responsible for the overall efficacy of CL on muscle atrophy. In vivo study, CL  and TSI, dose-dependently increased grip strength, mass muscle, and muscle fiber  CSA reduced by IM. In the molecular mechanism studies, CL and TSI increased  muscle protein synthesis via activating the phosphatidylinositol-3-kinase  (PI3K)/protein kinase B (Akt)/mammalian target of rapamycin complex 1 (mTORC1)  pathway and decreased muscle protein degradation via inhibiting the muscle ring  finger-1 (MuRF1) and muscle atrophy F-box protein (Atrogin-1) expressions. It  also upregulated mitochondrial biogenesis via the silent information regulator 1  (SIRT1)/ peroxisome proliferator-activated receptor gamma and coactivator-1 alpha  (PGC-1α) pathway. CONCLUSION: This study suggests that CL and its active  component, TSI, can be potential drug candidates for the prevention and treatment  of muscle atrophy.",2022,Phytomedicine : international journal of phytotherapy and phytopharmacology,9,mice; muscle atrophy; protein; immobilization; mass
Denervation atrophy is independent from Akt and mTOR activation and is not rescued by myostatin inhibition.,"The purpose of our study was to compare two acquired muscle atrophies and the use of myostatin inhibition for their treatment. Myostatin naturally inhibits  skeletal muscle growth by binding to ActRIIB, a receptor on the cell surface of  myofibers. Because blocking myostatin in an adult wild-type mouse induces  profound muscle hypertrophy, we applied a soluble ActRIIB receptor to models of  disuse (limb immobilization) and denervation (sciatic nerve resection) atrophy.  We found that treatment of immobilized mice with ActRIIB prevented the loss of  muscle mass observed in placebo-treated mice. Our results suggest that this  protection from disuse atrophy is regulated by serum and glucocorticoid-induced  kinase (SGK) rather than by Akt. Denervation atrophy, however, was not protected  by ActRIIB treatment, yet resulted in an upregulation of the pro-growth factors  Akt, SGK and components of the mTOR pathway. We then treated the denervated mice  with the mTOR inhibitor rapamycin and found that, despite a reduction in mTOR  activation, there is no alteration of the atrophy phenotype. Additionally,  rapamycin prevented the denervation-induced upregulation of the mTORC2 substrates  Akt and SGK. Thus, our studies show that denervation atrophy is not only  independent from Akt, SGK and mTOR activation but also has a different underlying  pathophysiological mechanism than disuse atrophy.",2014,Disease models & mechanisms,7,skeletal; skeletal muscle; muscle atrophy; protein; role
Characterization of C2C12 cells in simulated microgravity: Possible use for myoblast regeneration.,"Muscle loss is a major problem for many in lifetime. Muscle and bone degeneration has also been observed in individuals exposed to microgravity and in unloading  conditions. C2C12 myoblst cells are able to form myotubes, and myofibers and  these cells have been employed for muscle regeneration purposes and in myogenic  regeneration and transplantation studies. We exposed C2C12 cells in an random  position machine to simulate microgravity and study the energy and the  biochemical challenges associated with this treatment. Simulated microgravity  exposed C2C12 cells maintain positive proliferation indices and delay the  differentiation process for several days. On the other hand this treatment  significantly alters many of the biochemical and the metabolic characteristics of  the cell cultures including calcium homeostasis. Recent data have shown that  these perturbations are due to the inhibition of the ryanodine receptors on the  membranes of intracellular calcium stores. We were able to reverse this  perturbations treating cells with thapsigargin which prevents the segregation of  intracellular calcium ions in the mitochondria and in the sarco/endoplasmic  reticula. Calcium homeostasis appear a key target of microgravity exposure. In  conclusion, in this study we reported some of the effects induced by the exposure  of C2C12 cell cultures to simulated microgravity. The promising information  obtained is of fundamental importance in the hope to employ this protocol in the  field of regenerative medicine.",2020,Journal of cellular physiology,6,microgravity; space; spaceflight; simulated; mitochondrial
"Differential protective effects of Radix astragali, herbal medicine, on immobilization-induced atrophy of slow-twitch and fast-twitch muscles.","Radix astragali is a popular traditional herbal medicine that provides significant protection against tissue injury in various models of oxidative  stress-related diseases. In this study, we aimed to investigate whether  administration of Radix astragali prevented atrophy in both slow- and fast-twitch  muscles following cast immobilization. Twenty-seven 12-week-old male F344 rats  were divided into three experimental groups: control (CON), immobilized (IM), and  immobilized with Radix astragali administration (IM+AR). Rats in the IM and IM+AR  groups were subjected to immobilization of both lower extremities using  casting-tape for 14 days. Rats in the IM+AR group were orally administered a  decoction of Radix astragali daily for 21 days beginning 7 days before cast  immobilization. As expected, rats in the IM group showed significant decreases (P  < 0.05) in soleus and plantaris muscle-to-body weight ratios by 74.3% and 70.5%,  respectively, compared with those in the CON group. Administration of Radix  astragali significantly reversed (+35.5%) the weight reduction observed in soleus  muscle, but not in the plantaris muscle, compared with that in the IM group.  Furthermore, administration of Radix astragali inhibited MuRF1 mRNA expression  only in the soleus muscle during cast immobilization. Our results demonstrated  that administration of Radix astragali suppressed the immobilization-induced  reductions in skeletal muscle mass and expression of MuRF1 mRNA in slow-twitch  soleus muscles, but not in fast-twitch plantaris muscles.",2020,"Biomedical research (Tokyo, Japan)",8,group; immobilization; expression; protein; cast
Volatile Anesthetic-Induced Skeletal Muscle Atrophy in Mice and Murine-Derived Myotubes: The Role of the Akt Pathway.,"BACKGROUND: Volatile anesthetics are gaining attention as sedatives in intensive care units. Sedation is a significant risk factor for skeletal muscle atrophy and  weakness in critically ill patients; however, volatile anesthetics' influence on  skeletal muscle atrophy remains unclear. Therefore, we investigated their effects  on skeletal muscle mass using a murine-derived muscle cell line and mice.  METHODS: C2C12 myotubes were exposed to isoflurane or sevoflurane. Myotube  diameter was assessed using immunofluorescence. The expression levels of  Atrogin-1, MuRF1, and LC3-II and phosphorylation levels of p70 S6K and Akt were  analyzed to evaluate protein degradation and synthesis. To determine whether  these effects were mediated through the Akt pathway, experiments with  insulin-like growth factor 1 (IGF-1) were performed. Furthermore, mice skeletal  muscle exposed to isoflurane or sevoflurane were compared with control mice and  short-term immobility mice induced by sciatic nerve denervation (DN) or hindlimb  suspension (HS). RESULTS: Exposure of C2C12 myotubes to 2.8% isoflurane or 5.0%  sevoflurane reduced the myotube diameter by 14.4 µm (95% confidential interval  [CI], 11.7-17.1, P < .001) and 13.2 µm (95% CI, 10.1-16.2, P < .001),  respectively. Exposure to 2.8% isoflurane increased the expressions of Atrogin-1  (2.9-fold [95% CI, 2.1- to 3.8-fold], P < .001), MuRF1 (3.1-fold [95% CI, 2.4- to  3.8-fold], P < .001), and LC3-II (1.6-fold [95% CI, 1.4- to 1.8-fold], P < .001),  whereas decreasing phosphorylation of p70 S6K (0.3-fold [95% CI, 0.2- to  0.4-fold], P < .001) and Akt (0.4-fold [95% CI, 0.3- to 0.5-fold], P < .001).  Exposure to 5.0% sevoflurane resulted in similar effects. Additionally, IGF-1  counteracted the effects of isoflurane on myotube mass. In mice skeletal muscle,  exposure to 1% isoflurane or 1.5% sevoflurane decreased Akt phosphorylation  (isoflurane: 0.4-fold [95% CI, 0.1- to 0.8-fold], P = .003; sevoflurane: 0.5-fold  [95% CI, 0.4- to 0.6-fold], P = .011) and increased the expression levels of  Atrogin-1 (isoflurane: 4.1-fold [95% CI, 3.2- to 5.1-fold], P < .001;  sevoflurane: 2.3-fold [95% CI, 1.1- to 3.5-fold], P = .026), MuRF1 (isoflurane:  2.7-fold [95% CI, 1.3- to 4.1-fold], P = .01; sevoflurane: 2.3-fold [95% CI, 1.0-  to 3.7-fold], P = .022), and LC3-II (isoflurane: 1.9-fold [95% CI, 0.9- to  3.0-fold], P = .045; sevoflurane: 1.5-fold [95% CI, 1.4- to 1.6-fold], P < .001)  while decreasing p70 S6K phosphorylation (isoflurane: 0.5-fold [95% CI, 0.4- to  0.6-fold], P = .013; sevoflurane: 0.7-fold [95% CI, 0.6- to 0.8-fold], P = .008)  compared with DN. Similar results were observed when comparing between isoflurane  or sevoflurane exposure and HS. CONCLUSIONS: Volatile anesthetics induce skeletal  muscle atrophy by downregulating the Akt pathway, suggesting they may exacerbate  skeletal muscle atrophy beyond immobility effects.",2026,Anesthesia and analgesia,7,skeletal; skeletal muscle; muscle atrophy; protein; role
[Effects of Atrolnc-1 on immobilization induced muscular atrophy in mice hindlimbs].,"Objective: To investigate the effects of Atrolnc-1 on immobilization induced muscular atrophy in mice hindlimbs. Methods: Male C57BL/6 mice were randomly  divided into control group and immobilization group (n=10 per group). The control  group did not receive any treatment. The right hindlimb of the Iimmobilization  group was fixed by self-made plastic tube. After 2 weeks' immobilization, the  gastrocnemius muscle was separated. Hematoxylin-eosin (HE) staining was used to  observe the morphological changes and the cross-sectional area was calculated.  The expressions of Atrogin-1 and atrophy-specific long non-coding RNA Atrolnc-1  were detected by quantitative real-time PCR (QRT-PCR). Western blot (WB) was used  to detect the expressions of muscular atrophy fbox-1 protein (MAFbx/Atrogin-1),  muscle ring finger1 (MuRF-1) in whole cell and phosphonated of nuclear factor  kappaB (p-NF-κB) in cytoplasm and nucleus. Results: The gastrocnemius muscle was  atrophy after 2 weeks' immobilization. Compared with the control group, the wet  weight of gastrocnemius muscle was decreased (P＞0.05) and the permillage of wet  weight/weight of gastrocnemius muscle was decreased significantly (P＜0.05). HE  staining showed that the number of muscle fibers in the immobilization group were  reduced, the muscle fibers were dissolved and arranged disorderly and the  interstitial inflammatory cells were infiltrated; the cross-sectional area of  muscle fibers was decreased (P＜0.01).The expression level of atrolnc-1 was  increased in immobilization group (P＜0.01). The expression level of p-NF-κB in  cytoplasm was decreased (P＜0.01), while the expression level of p-NF-κB was  increased in nucleus ( P＜0.01). Besides, the expressions of atrogin-1 (P＜0.01)  and MuRF-1 (P＜0.01) were increased. Conclusion: Immobilization induced  gastrocnemius atrophy in mice may be related to the activation of NF-κB by  Atrolnc-1 and then promote MuRF-1 expression.",2021,Zhongguo ying yong sheng li xue za zhi = Zhongguo yingyong shenglixue zazhi = Chinese journal of applied physiology,8,group; immobilization; expression; protein; cast
"Cinnamtannin A2, (-)-epicatechin tetramer, attenuates skeletal muscle wasting in disuse atrophy model mice induced by hindlimb suspension.","The impact of repeated administration of cinntamtannin A2 (A2, 25 μg/kg) on skeletal muscle disuse atrophy model mice induced by hindlimb suspension for 14  days was examined. In soleus, weight loss and a reduction in the average myofibre  size with shifting to the smaller side of the peak were observed in the  suspension-vehicle group, but A2 reduced these changes. Average myofibre size  significantly increased in ground-A2 compared to ground-vehicle. A marked  increase in the dephosphorylation of forkhead box O (FoxO) 3a by the suspension  was reduced by A2. The phosphorylation of protein kinase B (Akt) and eukaryotic  translation initiation factor 4E-binding protein (4EBP)-1 were significantly  increased by the treatment of A2. In addition, a single dose of A2 increased  dramatically in the 24-h excretion of catecholamines in urine. These results  suggest that A2 administration results in sympathetic nerve activation and  promotes hypertrophy while inhibiting the progress of disuse muscle atrophy.",2023,Journal of clinical biochemistry and nutrition,9,mice; muscle atrophy; protein; immobilization; mass
The combined effect of electrical stimulation and high-load isometric contraction on protein degradation pathways in muscle atrophy induced by hindlimb unloading.,"High-load isometric exercise is considered an effective countermeasure against muscle atrophy, but therapeutic electrical stimulation for muscle atrophy is  often performed without loading. In the present study, we investigated the  combined effectiveness of electrical stimulation and high-load isometric  contraction in preventing muscle atrophy induced by hindlimb unloading.  Electrical stimulation without loading resulted in slight attenuation of muscle  atrophy. Moreover, combining electrical stimulation with high-load isometric  contraction enhanced this effect. In electrical stimulation without loading,  inhibition of the overexpression of calpain 1, calpain 2, and MuRF-1 mRNA was  confirmed. On the other hand, in electrical stimulation with high-load isometric  contraction, inhibition of the overexpression of cathepsin L and atrogin-1 mRNA  in addition to calpain 1, calpain 2, and MuRF-1 mRNA was confirmed. These  findings suggest that the combination of electrical stimulation and high-load  isometric contraction is effective as a countermeasure against muscle atrophy.",2011,Journal of biomedicine & biotechnology,8,group; immobilization; expression; protein; cast
Low-frequency electrical stimulation alleviates immobilization-evoked disuse muscle atrophy by repressing autophagy in skeletal muscle of rabbits.,"BACKGROUND: The study aimed to investigate the effect of low-frequency electrical stimulation (LFES) on disuse muscle atrophy and its mechanism in a rabbit model  of knee extension contracture. METHODS: This study involved two experiments. In  the time-point experiment, 24 rabbits were randomly divided into 4 groups:  Control 1 (Ctrl1 group), immobilization for 2 weeks (I-2 group), immobilization  for 4 weeks (I-4 group), and immobilization for 6 weeks (I-6 group). In the  intervention experiment, 24 rabbits were randomly divided into 4 groups: Control  2 (Ctrl2 group), electrical stimulation (ESG group), natural recovery (NRG  group), and electrical stimulation treatment (ESTG group). All intervention  effects were assessed by evaluating the knee joint range of motion (ROM),  cross-sectional area (CSA) of the rectus femoris muscle, and expression of  autophagy-related proteins. RESULTS: The time-point experiment showed that  immobilization reduced the knee ROM, reduced the rectus femoris muscle CSA, and  activated autophagy in skeletal muscle. The levels of five autophagy-related  proteins [mammalian target of rapamycin (mTOR), phosphorylated mTOR (p-mTOR),  autophagy-related protein 7 (Atg7), p62, and microtubule-associated protein light  chain 3B-II (LC3B-II)] were significantly elevated in the skeletal muscle of the  I-4 group. The intervention experiment further showed that LFES significantly  improved the immobilization-induced reductions in ROM and CSA. Additionally, LFES  resulted in a significant decrease in the protein expression of mTOR, p-mTOR,  Atg7, p62, and LC3B-II in the rectus femoris muscle. CONCLUSIONS: LFES alleviates  immobilization-evoked disuse muscle atrophy possibly by inhibiting autophagy in  the skeletal muscle of rabbits.",2022,BMC musculoskeletal disorders,8,group; immobilization; expression; protein; cast
The Effect of SERCA Activation on Functional Characteristics and Signaling of Rat Soleus Muscle upon 7 Days of Unloading.,"Skeletal muscle abnormalities and atrophy during unloading are accompanied by the accumulation of excess calcium in the sarcoplasm. We hypothesized that calcium  accumulation may occur, among other mechanisms, due to the inhibition of  sarco/endoplasmic reticulum Ca(2+)-ATPase (SERCA) activity. Consequently, the use  of the SERCA activator will reduce the level of calcium in the sarcoplasm and  prevent the negative consequences of muscle unloading. Wistar rats were randomly  assigned into one of three groups (eight rats per group): control rats with  placebo (C), 7 days of unloading/hindlimb suspension with placebo (7HS), and 7  days of unloading treated with SERCA activator CDN1163 (7HSC). After seven days  of unloading the soleus muscle, the 7HS group displayed increased fatigue in the  ex vivo test, a significant increase in the level of calcium-dependent CaMK II  phosphorylation and the level of tropomyosin oxidation, as well as a decrease in  the content of mitochondrial DNA and protein, slow-type myosin mRNA, and the  percentage of slow-type muscle fibers. All of these changes were prevented in the  7HSC group. Moreover, treatment with CDN1163 blocked a decrease in the  phosphorylation of p70S6k, an increase in eEF2 phosphorylation, and an increase  in MuRF-1 mRNA expression. Nevertheless, there were no differences in the degree  of fast and slow muscle fiber atrophy between the 7HS and 7HSC groups.  Conclusion: SERCA activation during 7 days of unloading prevented an increase in  soleus fatigue, the decrease of slow-type myosin, mitochondrial markers, and  markers of calcium homeostasis but had no effect on muscle atrophy.",2023,Biomolecules,2,soleus; hs; soleus muscle; unloading; rats
The Effects of Heat Therapy During Immobilization and Rehabilitation on Muscle Atrophy and Strength Loss at Return to Sports in Healthy Humans.,"BACKGROUND: Animal research suggests that repeated heat exposures may stimulate skeletal muscle protein synthesis and downregulate protein degradation.  HYPOTHESIS: Repeated heat exposures during ankle immobilization and  rehabilitation would preserve human muscle strength and mass. STUDY DESIGN:  Controlled laboratory study. METHODS: A total of 20 male participants (age, 33.6  ± 2.8 years; weight, 83.8 ± 9.2 kg; height, 182 ± 6 cm) underwent 4 weeks of  supervised training, 2 weeks of single-lower leg immobilization, and 2 weeks of  supervised rehabilitation before return to sports (RTS). Participants were split  into 2 groups: (1) whole-body heat therapy (HEAT) and (2) sham treatment (SHAM)  throughout the immobilization and rehabilitation periods. Measures of muscle  strength (isometric and isokinetic), volume (magnetic resonance imaging and  ultrasound), and muscle biopsies were obtained preimmobilization,  postimmobilization, and at RTS. RESULTS: Maximal isometric strength of the  plantarflexors was lower at RTS compared with preimmobilization in SHAM (P =  .027) but not HEAT (P = .301). Isokinetic strength during a fatigue test was  higher at RTS compared with preimmobilization in HEAT (P = .039) but not SHAM (P  = .245). Pennation angle and muscle thickness were lower at postimmobilization  compared with preimmobilization only in SHAM (P≤ .027). Muscle cross-sectional  area decreased in soleus and both gastrocnemius medialis and lateralis (all P≤  .035) in SHAM, but only in gastrocnemius medialis in HEAT. There was a large (d =  0.91) but not significant (P = .054) decrease in the ratio of  phosphorylated/total nuclear factor-kappa B (NFκB) from preimmobilization to  postimmobilization in HEAT only. There was an increase in phosphorylated fork  head box O proteins (FoxO) only in HEAT (P = .034), suggesting a decrease in FoxO  activity. Caspase 3 expression increased from preimmobilization to  postimmobilization in SHAM only (P = .004). CONCLUSION: These results indicate  that using heat therapy throughout immobilization and rehabilitation reduces  skeletal muscle atrophy and maintains plantarflexor strength in healthy humans.  Moreover, heat therapy may lead to the inactivation of the FoxO and NFκB  signaling pathways involved in atrophy. CLINICAL RELEVANCE: Repeated heat  exposures should be considered a novel therapeutic intervention to counteract  muscle atrophy during immobilization.",2024,Orthopaedic journal of sports medicine,8,group; immobilization; expression; protein; cast
Β-GPA administration activates slow oxidative muscle signaling pathways and protects soleus muscle against the increased fatigue under 7-days of rat hindlimb  suspension.,"Unloading of slow-twitch muscles results in increased muscle fatigue and the mechanisms of this effect are poorly studied. We aimed to analyze the role of  high-energy phosphates accumulation during the first week of rat hindlimb  suspension plays in a fiber-type phenotype shift towards fast-type fatigable  muscle fibers. Male Wistar rats were divided into 3 groups (n = 8): C - vivarium  control; 7HS - 7-day hindlimb suspension; 7HB - 7-day hindlimb suspension with  intraperitoneal injection of beta-guanidine propionic acid (β-GPA, 400 mg/kg b  w). β-GPA is a competitive inhibitor of creatine kinase and it reduces  concentrations of ATP and phosphocreatine. In the 7HB group, β-GPA treatment  protected a slow-type signaling network in an unloaded soleus muscle, including  MOTS-C, AMPK, PGC1 α and micro-RNA-499. These signaling effects resulted in a  preserved soleus muscle fatigue resistance, slow-type muscle fibers percentage  and mitochondrial DNA copy number under muscle unloading.",2023,Archives of biochemistry and biophysics,2,soleus; hs; soleus muscle; unloading; rats
Endoplasmic Reticulum Stress and Autophagy Markers in Soleus Muscle Disuse-Induced Atrophy of Rats Treated with Fish Oil.,"Endoplasmic reticulum stress (ERS) and autophagy pathways are implicated in disuse muscle atrophy. The effects of high eicosapentaenoic (EPA) or high  docosahexaenoic (DHA) fish oils on soleus muscle ERS and autophagy markers were  investigated in a rat hindlimb suspension (HS) atrophy model. Adult Wistar male  rats received daily by gavage supplementation (0.3 mL per 100 g b.w.) of mineral  oil or high EPA or high DHA fish oils (FOs) for two weeks. Afterward, the rats  were subjected to HS and the respective treatments concomitantly for an  additional two-week period. After four weeks, we evaluated ERS and autophagy  markers in the soleus muscle. Results were analyzed using two-way analysis of  variance (ANOVA) and Bonferroni post hoc test. Gastrocnemius muscle ω-6/ω-3 fatty  acids (FAs) ratio was decreased by both FOs indicating the tissue incorporation  of omega-3 fatty acids. HS altered (p < 0.05) the protein content (decreasing  total p38 and BiP and increasing p-JNK2/total JNK2 ratio, and caspase 3) and gene  expressions (decreasing BiP and increasing IRE1 and PERK) of ERS and autophagy  (decreasing Beclin and increasing LC3 and ATG14) markers in soleus. Both FOs  attenuated (p < 0.05) the increase in PERK and ATG14 expressions induced by HS.  Thus, both FOs could potentially attenuate ERS and autophagy in skeletal muscles  undergoing atrophy.",2021,Nutrients,2,soleus; hs; soleus muscle; unloading; rats
Muscle actin is polyubiquitinylated in vitro and in vivo and targeted for breakdown by the E3 ligase MuRF1.,"Muscle atrophy prevails in numerous diseases (cancer cachexia, renal failure, infections, etc.), mainly results from elevated proteolysis, and is accelerated  by bed rest. This largely contributes to increased health costs. Devising new  strategies to prevent muscle wasting is a major clinical challenge. The ubiquitin  proteasome system (UPS) degrades myofibrillar proteins, but the precise  mechanisms responsible for actin breakdown are surprisingly poorly characterized.  We report that chimeric flag-actin was destabilized and polyubiquitinylated in  stably transfected C2C12 myotubes treated with the catabolic agent dexamethasone  (1 μM) and that only proteasome inhibitors blocked its breakdown. Actin  polyubiquitinylation was also detected in wild-type C2C12 myotubes and human  muscle biopsies from control participants and patients with cancer. The  muscle-specific E3 ubiquitin ligase MuRF1 is up-regulated in catabolic conditions  and polyubiquitinylates components of the thick filament. We also demonstrate  that recombinant GST-MuRF1 physically interacted and polyubiquitinylated actin in  vitro and that MuRF1 is a critical component for actin breakdown, since MuRF1  siRNA stabilized flag-actin. These data identify unambiguously the abundant  contractile protein actin as a target of the UPS in skeletal muscle both in vitro  and in vivo, further supporting the need for new strategies blocking specifically  the activation of this pathway in muscle wasting conditions.",2011,FASEB journal : official publication of the Federation of American Societies for Experimental Biology,7,skeletal; skeletal muscle; muscle atrophy; protein; role
Effects of millimeter-wave for preventing joint stiffness in the immobilized knee rat model.,"AIM: To explore the effects and mechanism of millimeter-wave treatment on the development of joint stiffness in the immobilized knee rat model. METHODS:  Twenty-four Sprague-Dawley (SD) rats were randomly divided into the control group  (O, n = 8), the surgical control group (OC, n = 8), and the millimeter-wave  treatment group (MO, n = 8). After immobilized knee modeling, the knee mobility  and quadriceps diameter was measured at the 6th week. Hematoxylin and eosin and  Masson staining were performed to detect the pathology and fibrous lesions of the  knee joint. Furthermore, the expression of TGF-β1 and Collagen I was quantified  by immunohistochemical assay in the knee capsule, and Western blotting was  performed to quantify the protein expression of NF-κB and MuRF1 in skeletal  muscle. RESULTS: Compared with the O group, knee mobility, and quadriceps  diameter was decreased (P < 0.01), and articular capsule fibrosis and quadriceps  atrophy occurred in all rats with fixed knee joints. Compared with the OC group,  millimeter-wave treatment significantly increased articular mobility and the  quadriceps diameter; and improved the fibrotic lesions of the joint capsule and  quadriceps atrophy. Moreover, levels of TGF-β1, Collagen I, and MuRF1 were  upregulated (P < 0.01) by knee immobilization, and collagen fiber content in the  articular capsule was also increased (P < 0.01). However, millimeter-wave  treatment reversed it. The most noteworthy result was that NF-κB expression was  not significantly different in all groups. CONCLUSION: Millimeter-wave treatment  reversed joint contracture and quadriceps atrophy caused by joint fixation,  inhibited TGF-β1 and Collagen I protein expression of the joint capsule and  reduced MuRF1 expression of the quadriceps muscle, thereby inhibiting the  development of joint stiffness.",2023,The Knee,8,group; immobilization; expression; protein; cast
"The muscle proteome reflects changes in mitochondrial function, cellular stress and proteolysis after 14 days of unilateral lower limb immobilization in active  young men.","Skeletal muscle unloading due to joint immobilization induces muscle atrophy, which has primarily been attributed to reductions in protein synthesis in humans.  However, no study has evaluated the skeletal muscle proteome response to limb  immobilization using SWATH proteomic methods. This study characterized the shifts  in individual muscle protein abundance and corresponding gene sets after 3 and 14  d of unilateral lower limb immobilization in otherwise healthy young men.  Eighteen male participants (25.4 ±5.5 y, 81.2 ±11.6 kg) underwent 14 d of  unilateral knee-brace immobilization with dietary provision and following  four-weeks of training to standardise acute training history. Participant  phenotype was characterized before and after 14 days of immobilization, and  muscle biopsies were obtained from the vastus lateralis at baseline  (pre-immobilization) and at 3 and 14 d of immobilization for analysis by SWATH-MS  and subsequent gene-set enrichment analysis (GSEA). Immobilization reduced vastus  group cross sectional area (-9.6 ±4.6%, P <0.0001), immobilized leg lean mass  (-3.3 ±3.9%, P = 0.002), unilateral 3-repetition maximum leg press (-15.6 ±9.2%,  P <0.0001), and maximal oxygen uptake (-2.9 ±5.2%, P = 0.044). SWATH analyses  consistently identified 2281 proteins. Compared to baseline, two and 99 proteins  were differentially expressed (FDR <0.05) after 3 and 14 d of immobilization,  respectively. After 14 d of immobilization, 322 biological processes were  different to baseline (FDR <0.05, P <0.001). Most (77%) biological processes were  positively enriched and characterized by cellular stress, targeted proteolysis,  and protein-DNA complex modifications. In contrast, mitochondrial organization  and energy metabolism were negatively enriched processes. This study is the first  to use data independent proteomics and GSEA to show that unilateral lower limb  immobilization evokes mitochondrial dysfunction, cellular stress, and  proteolysis. Through GSEA and network mapping, we identify 27 hub proteins as  potential protein/gene candidates for further exploration.",2022,PloS one,8,group; immobilization; expression; protein; cast
Skeletal muscle disuse atrophy is not attenuated by dietary protein supplementation in healthy older men.,"Short successive periods of muscle disuse, due to injury or illness, can contribute significantly to the loss of muscle mass with aging (sarcopenia). It  has been suggested that increasing the protein content of the diet may be an  effective dietary strategy to attenuate muscle disuse atrophy. We hypothesized  that protein supplementation twice daily would preserve muscle mass during a  short period of limb immobilization. Twenty-three healthy older (69 ± 1 y) men  were subjected to 5 d of one-legged knee immobilization by means of a full-leg  cast with (PRO group; n = 11) or without (CON group; n = 12) administration of a  dietary protein supplement (20.7 g of protein, 9.3 g of carbohydrate, and 3.0 g  of fat) twice daily. Two d prior to and immediately after the immobilization  period, single-slice computed tomography scans of the quadriceps and single-leg 1  repetition maximum strength tests were performed to assess muscle cross-sectional  area (CSA) and leg muscle strength, respectively. Additionally, muscle biopsies  were collected to assess muscle fiber characteristics as well as mRNA and protein  expression of selected genes. Immobilization decreased quadriceps' CSAs by 1.5 ±  0.7% (P < 0.05) and 2.0 ± 0.6% (P < 0.05), and muscle strength by 8.3 ± 3.3% (P <  0.05) and 9.3 ± 1.6% (P < 0.05) in the CON and PRO groups, respectively, without  differences between groups. Skeletal muscle myostatin, myogenin, and muscle  RING-finger protein-1 (MuRF1) mRNA expression increased following immobilization  in both groups (P < 0.05), whereas muscle atrophy F-box/atrogen-1 (MAFBx) mRNA  expression increased in the PRO group only (P < 0.05). In conclusion, dietary  protein supplementation (∼20 g twice daily) does not attenuate muscle loss during  short-term muscle disuse in healthy older men. This trial was registered at  clinicaltrials.gov as NCT01588808.",2014,The Journal of nutrition,8,group; immobilization; expression; protein; cast
Exercise Preconditioning Blunts Early Atrogenes Expression and Atrophy in Gastrocnemius Muscle of Hindlimb Unloaded Mice.,"A large set of FoxOs-dependent genes play a primary role in controlling muscle mass during hindlimb unloading. Mitochondrial dysfunction can modulate such a  process. We hypothesized that endurance exercise before disuse can protect  against disuse-induced muscle atrophy by enhancing peroxisome  proliferator-activated receptor-γ coactivator-1α (PGC1α) expression and  preventing mitochondrial dysfunction and energy-sensing AMP-activated protein  kinase (AMPK) activation. We studied cross sectional area (CSA) of muscle fibers  of gastrocnemius muscle by histochemistry following 1, 3, 7, and 14 days of  hindlimb unloading (HU). We used Western blotting and qRT-PCR to study  mitochondrial dynamics and FoxOs-dependent atrogenes' expression at 1 and 3 days  after HU. Preconditioned animals were submitted to moderate treadmill exercise  for 7 days before disuse. Exercise preconditioning protected the gastrocnemius  from disuse atrophy until 7 days of HU. It blunted alterations in mitochondrial  dynamics up to 3 days after HU and the expression of most atrogenes at 1 day  after disuse. In preconditioned mice, the activation of atrogenes resumed 3 days  after HU when mitochondrial dynamics, assessed by profusion and pro-fission  markers (mitofusin 1, MFN1, mitofusin 2, MFN2, optic atrophy 1, OPA1, dynamin  related protein 1, DRP1 and fission 1, FIS1), PGC1α levels, and AMPK activation  were at a basal level. Therefore, the normalization of mitochondrial dynamics and  function was not sufficient to prevent atrogenes activation just a few days after  HU. The time course of sirtuin 1 (SIRT1) expression and content paralleled the  time course of atrogenes' expression. In conclusion, seven days of endurance  exercise counteracted alterations of mitochondrial dynamics and the activation of  atrogenes early into disuse. Despite the normalization of mitochondrial dynamics,  the effect on atrogenes' suppression died away within 3 days of HU.  Interestingly, muscle protection lasted until 7 days of HU. A longer or more  intense exercise preconditioning may prolong atrogenes suppression and muscle  protection.",2021,International journal of molecular sciences,3,mitochondrial; ros; pgc1α; disuse; mitophagy
Intracellular signaling in ER stress-induced autophagy in skeletal muscle cells.,"Skeletal muscle remodeling in response to muscle disuse and unloading is known to be associated with so-called ER stress, which, in turn, activates autophagy and  contributes to muscle atrophy. Different molecules are involved in ER  stress-induced autophagy, among which PKCθ has recently been described. In this  study, we dissected both in vitro and in vivo ER stress-induced autophagy  pathways in muscle. Using C2C12 muscle cells in culture, we demonstrated that PKC  activation induced autophagy in the absence of ER stress. We further demonstrated  that PKCθ was strongly activated in cultured myoblasts and myotubes during ER  stress induced by different stimuli, such as TG or TN treatment, and that it  localized into Lc3-positive autophagic dots upon TG treatment. Neither Akt  dephosphorylation nor Foxo or GSK3β activation was observed in these conditions.  Moreover, PKCθ inhibition in myoblasts and myotubes prevented ER stress-induced  Lc3 activation and autophagic dot formation, but not ER stress. In vivo, lack of  PKCθ prevented both food deprivation- and immobilization-induced autophagy and  muscle atrophy, irrespective of Akt pathway inhibition. Taken together, these  results demonstrate that PKCθ functions as an ER stress sensor in skeletal  muscle, required for ER-stress-dependent autophagy activation, and can be  proposed as a novel molecular target to maintain muscle homeostasis in response  to external stimuli, such as disuse and unloading, still allowing intracellular  clearance.",2013,FASEB journal : official publication of the Federation of American Societies for Experimental Biology,7,skeletal; skeletal muscle; muscle atrophy; protein; role
The proteasome inhibitor MG132 reduces immobilization-induced skeletal muscle atrophy in mice.,"BACKGROUND: Skeletal muscle atrophy is a serious concern for the rehabilitation of patients afflicted by prolonged limb restriction. This debilitating condition  is associated with a marked activation of NFκB activity. The ubiquitin-proteasome  pathway degrades the NFκB inhibitor IκBα, enabling NFκB to translocate to the  nucleus and bind to the target genes that promote muscle atrophy. Although  several studies showed that proteasome inhibitors are efficient to reduce  atrophy, no studies have demonstrated the ability of these inhibitors to preserve  muscle function under catabolic condition. METHODS: We recently developed a new  hindlimb immobilization procedure that induces significant skeletal muscle  atrophy and used it to show that an inflammatory process characterized by the  up-regulation of TNFα, a known activator of the canonical NFκB pathway, is  associated with the atrophy. Here, we used this model to investigate the effect  of in vivo proteasome inhibition on the muscle integrity by histological  approach. TNFα, IL-1, IL-6, MuRF-1 and Atrogin/MAFbx mRNA level were determined  by qPCR. Also, a functional measurement of locomotors activity was performed to  determine if the treatment can shorten the rehabilitation period following  immobilization. RESULTS: In the present study, we showed that the proteasome  inhibitor MG132 significantly inhibited IκBα degradation thus preventing NFκB  activation in vitro. MG132 preserved muscle and myofiber cross-sectional area by  downregulating the muscle-specific ubiquitin ligases atrogin-1/MAFbx and MuRF-1  mRNA in vivo. This effect resulted in a diminished rehabilitation period.  CONCLUSION: These finding demonstrate that proteasome inhibitors show potential  for the development of pharmacological therapies to prevent muscle atrophy and  thus favor muscle rehabilitation.",2011,BMC musculoskeletal disorders,9,mice; muscle atrophy; protein; immobilization; mass
Effects of hindlimb unloading on the mevalonate and mechanistic target of rapamycin complex 1 signaling pathways in a fast-twitch muscle in rats.,"Fast-twitch muscles are less susceptible to disuse atrophy, activate the mechanistic target of rapamycin complex 1 (mTORC1) signaling pathway, and  increase protein synthesis under prolonged muscle disuse conditions. However, the  mechanism underlying prolonged muscle disuse-induced mTORC1 signaling activation  remains unclear. The mevalonate pathway activates the mTORC1 signaling pathway  via the prenylation and activation of Ras homolog enriched in brain (Rheb).  Therefore, we investigated the effects of hindlimb unloading (HU) for 14 days on  the mevalonate and mTORC1 signaling pathways in the plantaris muscle, a  fast-twitch muscle, in adult male rats. Rats were divided into HU and control  groups. The plantaris muscles of both groups were harvested after the treatment  period, and the expression and phosphorylation levels of metabolic and  intracellular signaling proteins were analyzed using Western blotting. We found  that HU increased the expression of 3-hydroxy-3-methylglutaryl-coenzyme A  reductase, the rate-limiting enzyme of the mevalonate pathway, and activated the  mTORC1 signaling pathway without activating AKT, an upstream activator of mTORC1.  Furthermore, HU increased prenylated Rheb. Collectively, these findings suggest  that the activated mevalonate pathway may be involved in the activation of the  Rheb/mTORC1 signaling pathway without AKT activation in fast-twitch muscles under  prolonged disuse conditions.",2024,Physiological reports,1,hu; expression; unloading; skeletal; skeletal muscle
Regulation of mitochondrial quality following repeated bouts of hindlimb unloading.,"Muscle disuse impairs muscle quality and is associated with increased mortality. Little is known regarding additive effects of multiple bouts of disuse, which is  a common occurrence in patients experiencing multiple surgeries. Mitochondrial  quality is vital to muscle health and quality; however, to date mitochondrial  quality control has not been investigated following multiple bouts of disuse.  Therefore, the purpose of this study was to investigate mitochondrial quality  controllers during multiple bouts of disuse by hindlimb unloading. Male rats (n ∼  8/group) were assigned to the following groups: hindlimb unloading for 28 days,  hindlimb unloading with 56 days of reloading, 2 bouts of hindlimb unloading  separated by a recovery phase of 56 days of reloading, 2 bouts of hindlimb  unloading and recovery after each disuse, or control animals with no unloading.  At designated time points, tissues were collected for messenger RNA and protein  analysis of mitochondrial quality. Measures of mitochondrial biogenesis, such as  proliferator-activated receptor gamma coactivator 1 alpha, decreased 30%-40% with  unloading with no differences noted between unloading conditions. Measures of  mitochondrial translation were 40%-50% lower in unloading conditions, with no  differences noted between bouts of unloading. Measures of mitophagy were 40%-50%  lower with reloading, with no differences noted between reloading conditions. In  conclusion, disuse causes alterations in measures of mitochondrial quality;  however, multiple bouts of disuse does not appear to have additive effects.  Novelty Disuse atrophy causes multiple alterations to mitochondrial quality  control. With sufficient recovery most detriments to mitochondrial quality  control are fixed. In general, multiple bouts of disuse do not produce additive  effects.",2020,"Applied physiology, nutrition, and metabolism = Physiologie appliquee, nutrition et metabolisme",3,mitochondrial; ros; pgc1α; disuse; mitophagy
Fermented antler extract attenuates muscle atrophy by regulating the PI3K/Akt pathway and inflammatory response in immobilization-treated C57BL/6J mice.,"Muscle atrophy or muscle wasting, which is featured by reduced muscle function and mass, typically results from disuse, aging, and chronic diseases. The deer  antler, which refers to the young and non-ossified antlers of various species of  deer-related animals, is not fully calcified and comprises of densely growing  hair. Here, we investigated whether Bacillus subtilis-fermented antler extract  (FAE) inhibits immobilization-induced muscle atrophy in C57BL/6J mice. Oral  administration of FAE increased grip strength, exercise performance, muscle mass,  and volume in mice. FAE stimulated the phosphatidylinositol 3-kinase (PI3K)/Akt  pathway, enhancing the mammalian target of rapamycin pathway for muscle  synthesis. FAE phosphorylated Forkhead box O3 and downregulated muscle RING  finger-1 and atrogin-1 for proteolysis. FAE inhibited the mRNA expression of  tumor necrosis factor alpha and interleukin-6 through nuclear factor kappa B.  Consequently, FAE attenuated muscle atrophy by regulating the PI3K/Akt pathway  and inflammation.",2024,Food science and biotechnology,9,mice; muscle atrophy; protein; immobilization; mass
Effects of hindlimb suspension and reloading on gastrocnemius and soleus muscle mass and function in geriatric mice.,"Reloading of atrophied muscles after hindlimb suspension (HLS) can induce muscle injury and prolong recovery after disuse in old rats, especially in fast  contracting muscles. Less is known about the responses in mice and whether fast  and slow muscles from geriatric mice will respond in a similar fashion to HLS  unloading and recovery (HLS + R). Furthermore, while slow muscles undergo atrophy  with disuse, they typically are more resistant to sarcopenia than fast  contracting muscles. Geriatric (28 mo. of age) male C57BL/6 mice were randomly  placed into 3 groups. These included HLS for 14 days n = 9, and HLS followed by  14 days of reloading recovery (HLS + R; n = 9), or normal ambulatory cage  controls (n = 9). Control mice were not exposed to unloading. Electrically evoked  maximal muscle function was assessed in vivo in anesthetized mice at baseline,  after 14 days of HLS or HLS + R. As expected, HLS significantly reduced body  weight, wet weight of gastrocnemius and soleus muscles and in vivo maximal force.  There were no differences in vivo fatigability of the plantar flexor muscles and  overall fiber size. There were only minor fiber type distribution and frequency  distribution of fiber sizes that differ between HLS + R and control gastrocnemius  and soleus muscles. Soleus muscle wet weight had recovered to control levels  after reloading, but type I/IIA fibers in the soleus muscles were significantly  smaller after HLS + R than control muscles. In contrast, gastrocnemius muscle wet  weight did not recover to control levels after reloading. Plantar flexion muscle  force (primarily influenced by the gastrocnemius muscles) did not recover in  HLS + R conditions as compared to HLS conditions and both were lower than control  force production signaling for apoptosis, autophagy and anabolic markers were not  different between control and HLS + R gastrocnemius and soleus muscles in  geriatric mice. These results suggest that molecular signaling does not explain  attenuated ability to regain muscle wet weight, fiber size or muscle force  production after HLS in geriatric mice. It is possible that fluid shifts, reduced  blood flow, or shortened muscle fibers which failed to regain control lengths  contributed to the attenuation of muscle wet weight after HLS and reloading and  this affected force production. Further work is needed to determine if  altered/loss of neural activity contributed to the inability of geriatric mice to  regain gastrocnemius muscle weight and function after HLS and reloading.",2019,Experimental gerontology,0,recovery; reloading; mass; muscle mass; mice
[Space flight/bedrest immobilization and bone. Development of inhibitors for atrophy caused by unloading stress].,"Muscle atrophy caused by unloading stress is a serious problem in bed rest patients or astronauts. In our previous studies, we revealed that induction and  activation of ubiquitin ligase Cbl-b played an important role in skeletal muscle  atrophy caused by unloading stress. Under muscle atrophy conditions, Cbl-b  interacted with and degraded IRS-1 (insulin receptor substrate 1) that is a  central molecule in the IGF-1 signaling pathway. In addition, we developed a  Cbl-b inhibitor (Cblin) that a pentapeptide mimetic of tyrosin608-phosphorylated  IRS-1, DGpYMP. This Cblin peptide inhibited Cbl-b mediated IRS-1 ubiquitination  and strongly decreased the Cbl-b-mediated induction of MAFbx/atrogin-1. We are  further developing Cbl-b inhibitors that are more effective than an original  Cblin peptide.",2012,Clinical calcium,7,skeletal; skeletal muscle; muscle atrophy; protein; role
Involvement of AMPK in regulating slow-twitch muscle atrophy during hindlimb unloading in mice.,"AMPK is considered to have a role in regulating skeletal muscle mass. However, there are no studies investigating the function of AMPK in modulating skeletal  muscle mass during atrophic conditions. In the present study, we investigated the  difference in unloading-associated muscle atrophy and molecular functions in  response to 2-wk hindlimb suspension between transgenic mice overexpressing the  dominant-negative mutant of AMPK (AMPK-DN) and their wild-type (WT) littermates.  Male WT (n = 24) and AMPK-DN (n = 24) mice were randomly divided into two groups:  an untreated preexperimental control group (n = 12 in each group) and an  unloading (n = 12 in each group) group. The relative soleus muscle weight and  fiber cross-sectional area to body weight were decreased by ∼30% in WT mice by  hindlimb unloading and by ∼20% in AMPK-DN mice. There were no changes in  puromycin-labeled protein or Akt/70-kDa ribosomal S6 kinase signaling, the  indicators of protein synthesis. The expressions of ubiquitinated proteins and  muscle RING finger 1 mRNA and protein, markers of the ubiquitin-proteasome  system, were increased by hindlimb unloading in WT mice but not in AMPK-DN mice.  The expressions of molecules related to the protein degradation system,  phosphorylated forkhead box class O3a, inhibitor of κBα, microRNA (miR)-1, and  miR-23a, were decreased only in WT mice in response to hindlimb unloading, and  72-kDa heat shock protein expression was higher in AMPK-DN mice than in WT mice.  These results imply that AMPK partially regulates unloading-induced atrophy of  slow-twitch muscle possibly through modulation of the protein degradation system,  especially the ubiquitin-proteasome system.",2015,American journal of physiology. Endocrinology and metabolism,9,mice; muscle atrophy; protein; immobilization; mass
Skeletal Muscle Electrical Stimulation Prevents Progression of Disuse Muscle Atrophy via Forkhead Box O Dynamics Mediated by Phosphorylated Protein Kinase B  and Peroxisome Proliferator-Activated Receptor gamma Coactivator-1alpha.,"Although electrical muscle stimulation (EMS) of skeletal muscle effectively prevents muscle atrophy, its effect on the breakdown of muscle component proteins  is unknown. In this study, we investigated the biological mechanisms by which  EMS-induced muscle contraction inhibits disuse muscle atrophy progression.  Experimental animals were divided into a control group and three experimental  groups: immobilized (Im; immobilization treatment), low-frequency (LF;  immobilization treatment and low-frequency muscle contraction exercise), and  high-frequency (HF; immobilization treatment and high-frequency muscle  contraction exercise). Following the experimental period, bilateral soleus  muscles were collected and analyzed. Atrogin-1 and Muscle RING finger 1 (MuRF-1)  mRNA expression levels were significantly higher for the experimental groups than  for the control group but were significantly lower for the HF group than for the  Im group. Peroxisome proliferator-activated receptor gamma coactivator-1alpha  (PGC-1alpha) mRNA and protein expression levels in the HF group were  significantly higher than those in the Im group, with no significant differences  compared to the Con group. Both the Forkhead box O (FoxO)/phosphorylated FoxO and  protein kinase B (AKT)/phosphorylated AKT ratios were significantly lower for the  Im group than for the control group and significantly higher for the HF group  than for the Im group. These results, the suppression of atrogin-1 and MuRF-1  expression for the HF group may be due to decreased nuclear expression of FoxO by  AKT phosphorylation and suppression of FoxO transcriptional activity by  PGC-1alpha. Furthermore, the number of muscle contractions might be important for  effective EMS.",2024,Physiological research,8,group; immobilization; expression; protein; cast
Delayed recovery of skeletal muscle mass following hindlimb immobilization in mTOR heterozygous mice.,"The present study addressed the hypothesis that reducing mTOR, as seen in mTOR heterozygous (+/-) mice, would exaggerate the changes in protein synthesis and  degradation observed during hindlimb immobilization as well as impair normal  muscle regrowth during the recovery period. Atrophy was produced by unilateral  hindlimb immobilization and data compared to the contralateral gastrocnemius. In  wild-type (WT) mice, the gradual loss of muscle mass plateaued by day 7. This  response was associated with a reduction in basal protein synthesis and  development of leucine resistance. Proteasome activity was consistently elevated,  but atrogin-1 and MuRF1 mRNAs were only transiently increased returning to basal  values by day 7. When assessed 7 days after immobilization, the decreased muscle  mass and protein synthesis and increased proteasome activity did not differ  between WT and mTOR(+/-) mice. Moreover, the muscle inflammatory cytokine  response did not differ between groups. After 10 days of recovery, WT mice showed  no decrement in muscle mass, and this accretion resulted from a sustained  increase in protein synthesis and a normalization of proteasome activity. In  contrast, mTOR(+/-) mice failed to fully replete muscle mass at this time, a  defect caused by the lack of a compensatory increase in protein synthesis. The  delayed muscle regrowth of the previously immobilized muscle in the mTOR(+/-)  mice was associated with a decreased raptor•4EBP1 and increased raptor•Deptor  binding. Slowed regrowth was also associated with a sustained inflammatory  response (e.g., increased TNFα and CD45 mRNA) during the recovery period and a  failure of IGF-I to increase as in WT mice. These data suggest mTOR is relatively  more important in regulating the accretion of muscle mass during recovery than  the loss of muscle during the atrophy phase, and that protein synthesis is more  sensitive than degradation to the reduction in mTOR during muscle regrowth.",2012,PloS one,0,recovery; reloading; mass; muscle mass; mice
Myriocin prevents muscle ceramide accumulation but not muscle fiber atrophy during short-term mechanical unloading.,"Bedridden patients in intensive care unit or after surgery intervention commonly develop skeletal muscle weakness. The latter is promoted by a variety of  prolonged hospitalization-associated conditions. Muscle disuse is the most  ubiquitous and contributes to rapid skeletal muscle atrophy and progressive  functional strength reduction. Disuse causes a reduction in fatty acid oxidation,  leading to its accumulation in skeletal muscle. We hypothesized that muscle fatty  acid accumulation could stimulate ceramide synthesis and promote skeletal muscle  weakness. Therefore, the present study was designed to determine the effects of  sphingolipid metabolism on skeletal muscle atrophy induced by 7 days of disuse.  For this purpose, male Wistar rats were treated with myriocin, an inhibitor of de  novo synthesis of ceramides, and subjected to hindlimb unloading (HU) for 7 days.  Soleus muscles were assayed for fiber diameter, ceramide levels, protein  degradation, and apoptosis signaling. Serum and liver were removed to evaluate  the potential hepatoxicity of myriocin treatment. We found that HU increases  content of saturated C16:0 and C18:0 ceramides and decreases soleus muscle weight  and fiber diameter. HU increased the level of polyubiquitinated proteins and  induced apoptosis in skeletal muscle. Despite a prevention of C16:0 and C18:0  muscle accumulation, myriocin treatment did not prevent skeletal muscle atrophy  and concomitant induction of apoptosis and proteolysis. Moreover, myriocin  treatment increased serum transaminases and induced hepatocyte necrosis. These  data highlight that inhibition of de novo synthesis of ceramides during  immobilization is not an efficient strategy to prevent skeletal muscle atrophy  and exerts adverse effects like hepatotoxicity.",2016,"Journal of applied physiology (Bethesda, Md. : 1985)",1,hu; expression; unloading; skeletal; skeletal muscle
Transcriptomic links to muscle mass loss and declines in cumulative muscle protein synthesis during short-term disuse in healthy younger humans.,"Muscle disuse leads to a rapid decline in muscle mass, with reduced muscle protein synthesis (MPS) considered the primary physiological mechanism. Here, we  employed a systems biology approach to uncover molecular networks and key  molecular candidates that quantitatively link to the degree of muscle atrophy  and/or extent of decline in MPS during short-term disuse in humans. After  consuming a bolus dose of deuterium oxide (D(2) O; 3 mL.kg(-1) ), eight healthy  males (22 ± 2 years) underwent 4 days of unilateral lower-limb immobilization.  Bilateral muscle biopsies were obtained post-intervention for RNA sequencing and  D(2) O-derived measurement of MPS, with thigh lean mass quantified using  dual-energy X-ray absorptiometry. Application of weighted gene co-expression  network analysis identified 15 distinct gene clusters (""modules"") with an  expression profile regulated by disuse and/or quantitatively connected to  disuse-induced muscle mass or MPS changes. Module scans for candidate targets  established an experimentally tractable set of candidate regulatory molecules  (242 hub genes, 31 transcriptional regulators) associated with disuse-induced  maladaptation, many themselves potently tied to disuse-induced reductions in  muscle mass and/or MPS and, therefore, strong physiologically relevant  candidates. Notably, we implicate a putative role for muscle protein  breakdown-related molecular networks in impairing MPS during short-term disuse,  and further establish DEPTOR (a potent mTOR inhibitor) as a critical mechanistic  candidate of disuse driven MPS suppression in humans. Overall, these findings  offer a strong benchmark for accelerating mechanistic understanding of short-term  muscle disuse atrophy that may help expedite development of therapeutic  interventions.",2021,FASEB journal : official publication of the Federation of American Societies for Experimental Biology,8,group; immobilization; expression; protein; cast
Ret finger protein mediates Pax7-induced ubiquitination of MyoD in skeletal muscle atrophy.,"Skeletal muscle atrophy results from the net loss of muscular proteins and organelles and is caused by pathologic conditions such as nerve injury,  immobilization, cancer, and other metabolic diseases. Recently,  ubiquitination-mediated degradation of skeletal-muscle-specific transcription  factors was shown to be involved in muscle atrophy, although the mechanisms have  yet to be defined. Here we report that ret finger protein (RFP), also known as  TRIM27, works as an E3 ligase in Pax7-induced degradation of MyoD. Muscle injury  induced by sciatic nerve transection up-regulated RFP and RFP physically  interacted with both Pax7 and MyoD. RFP and Pax7 synergistically reduced the  protein amounts of MyoD but not the mRNA. RFP-induced reduction of MyoD protein  was blocked by proteasome inhibitors. The Pax7-induced reduction MyoD was  attenuated by RFP siRNA and by MG132, a proteasome inhibitor. RFPΔR, an RFP  construct that lacks the RING domain, failed to reduce MyoD amounts. RFP  ubiquitinated MyoD, but RFPΔR failed to do so. Forced expression of RFP, but not  RFPΔR, enhanced Pax7-induced ubiquitination of MyoD, whereas RFP siRNA blocked  the ubiquitination. Sciatic nerve injury-induced muscle atrophy as well the  reduction in MyoD was attenuated in RFP knockout mice. Taken together, our  results show that RFP works as a novel E3 ligase in the Pax7-mediated degradation  of MyoD in response to skeletal muscle atrophy.",2014,Cellular signalling,7,skeletal; skeletal muscle; muscle atrophy; protein; role
Supplementation with dietary ω-3 mitigates immobilization-induced reductions in skeletal muscle mitochondrial respiration in young women.,"Omega-3 (ω-3) supplementation attenuates immobilization-induced atrophy; however, the underlying mechanisms remain unclear. Since mitochondrial dysfunction and  oxidative stress have been implicated in muscle atrophy, we examined whether ω-3  supplementation could mitigate disuse-mediated mitochondrial dysfunction. Healthy  young women (age = 22 ± 3 yr) randomly received control (n = 9) or ω-3  supplementation (n = 11; 3 g eicosapentaenoic acid, 2 g docosahexaenoic acid) for  4 wk prior to and throughout 2 wk of single-limb immobilization. Biopsies were  performed before and after 3 and 14 d of immobilization for the assessment of  mitochondrial respiration, H(2)O(2) emission, and markers of ADP transport/lipid  metabolism. In controls, immobilization rapidly (3 d) reduced (∼20%)  ADP-stimulated mitochondrial respiration without altering ADP sensitivity or the  abundance of mitochondrial proteins. Extending immobilization to 14 d did not  further reduce mitochondrial coupled respiration; however, unlike following 3 d,  mitochondrial proteins were reduced ∼20%. In contrast, ω-3 supplementation  prevented immobilization-induced reductions in mitochondrial content and  respiration throughout the immobilization period. Regardless of dietary  supplement, immobilization did not alter mitochondrial H(2)O(2) emission in the  presence or absence of ADP, markers of cellular redox state, mitochondrial  lipid-supported respiration, or lipid-related metabolic proteins. These data  highlight the rapidity of mitochondrial adaptations in response to muscle disuse,  challenge the necessity for increased oxidative stress during inactivity, and  establish that ω-3 supplementation preserves oxidative phosphorylation function  and content during immobilization.-Miotto, P. M., McGlory, C., Bahniwal, R.,  Kamal, M., Phillips, S. M., Holloway, G. P. Supplementation with dietary ω-3  mitigates immobilization-induced reductions in skeletal muscle mitochondrial  respiration in young women.",2019,FASEB journal : official publication of the Federation of American Societies for Experimental Biology,3,mitochondrial; ros; pgc1α; disuse; mitophagy
Abdominal LIPUS ameliorates simulated microgravity induced skeletal muscle atrophy via the gut-muscle axis.,"Study investigated if abdominal low-intensity pulsed ultrasound (LIPUS) alleviates simulated microgravity (hindlimb unloading, HU)-induced skeletal  muscle atrophy by restoring gut microbiota. Mice were divided into control (NC),  HU, and HU with daily abdominal LIPUS (HU + LIPUS) groups. Fecal microbiota  transplantation (FMT) from LIPUS-treated mice to HU mice was also performed.  After 28 days, abdominal LIPUS partially reversed HU-induced gut dysbiosis,  restored intestinal barrier integrity, and increased short-chain fatty acid  (SCFAs) levels. LIPUS downregulated muscle atrophy genes (MSTN, ActRIIB) and  upregulated growth genes (Akt, mTOR) in HU mice, preventing muscle loss. SCFAs  levels positively correlated with muscle function. HU mice receiving FMT from  LIPUS-treated donors showed similar gut and muscle improvements as direct LIPUS  treatment. Results demonstrate abdominal LIPUS ameliorates muscle atrophy by  modulating the gut-muscle axis, offering a potential non-invasive strategy for  astronauts and patients.",2025,NPJ microgravity,1,hu; expression; unloading; skeletal; skeletal muscle
"The Impact of SRT2104 on Skeletal Muscle Mitochondrial Function, Redox Biology, and Loss of Muscle Mass in Hindlimb Unloaded Rats.","Mechanical unloading during microgravity causes skeletal muscle atrophy and impairs mitochondrial energetics. The elevated production of reactive oxygen  species (ROS) by mitochondria and Nox2, coupled with impairment of stress  protection (e.g., SIRT1, antioxidant enzymes), contribute to atrophy. We tested  the hypothesis that the SIRT1 activator, SRT2104 would rescue unloading-induced  mitochondrial dysfunction. Mitochondrial function in rat gastrocnemius and soleus  muscles were evaluated under three conditions (10 days): ambulatory control  (CON), hindlimb unloaded (HU), and hindlimb-unloaded-treated with SRT2104 (SIRT).  Oxidative phosphorylation, electron transfer capacities, H(2)O(2) production, and  oxidative and antioxidant enzymes were quantified using high-resolution  respirometry and colorimetry. In the gastrocnemius, (1) integrative (per mg  tissue) proton LEAK was lesser in SIRT than in HU or CON; (2) intrinsic (relative  to citrate synthase) maximal noncoupled electron transfer capacity (E(CI+II)) was  lesser, while complex I-supported oxidative phosphorylation to E(CI+II) was  greater in HU than CON; (3) the contribution of LEAK to E(CI+II) was greatest,  but cytochrome c oxidase activity was lowest in HU. In both muscles, H(2)O(2)  production and concentration was greatest in SIRT, as was gastrocnemius  superoxide dismutase activity. In the soleus, H(2)O(2) concentration was greater  in HU compared to CON. These results indicate that SRT2104 preserves  mitochondrial function in unloaded skeletal muscle, suggesting its potential to  support healthy muscle cells in microgravity by promoting necessary energy  production in mitochondria.",2023,International journal of molecular sciences,3,mitochondrial; ros; pgc1α; disuse; mitophagy
P2Y1 and P2Y2 receptors differ in their role in the regulation of signaling pathways during unloading-induced rat soleus muscle atrophy.,"The current study aimed to investigate the hypothesis that purinergic receptors P2Y1 and P2Y2 play a regulatory role in gene expression in unloaded muscle. ATP  is released from cells through pannexin channels, and it interacts with P2Y1 and  P2Y2 receptors, leading to the activation of markers of protein catabolism and a  reduction in protein synthesis. To test this hypothesis thirty-two rats were  randomly divided into four groups (8 per group): a non-treated control group (C),  a group subjected to three days of hindlimb unloading with a placebo (HS), a  group subjected to three days of hindlimb unloading treated with a P2Y1 receptor  inhibitor, MRS2179 (HSM), and a group subjected to three days of hindlimb  unloading treated with a P2Y2 receptor inhibitor, AR-C 118925XX (HSA). This study  revealed several key findings following three days of soleus muscle unloading: 1:  Inhibition of P2Y1 or P2Y2 receptors prevented the accumulation of ATP, the  increase in IP3 receptor content, and the decrease in the phosphorylation of  GSK-3beta. This inhibition also mitigated the reduction in the rate of protein  synthesis. However, it had no significant effect on the markers of  mTORC1-dependent signaling. 2: Blocking P2Y1 receptors prevented the  unloading-induced upregulation of phosphorylated p38MAPK and partially reduced  the increase in MuRF1mRNA expression. 3: Blocking P2Y2 receptors prevented muscle  atrophy during unloading, partially maintained the levels of phosphorylated  ERK1/2, reduced the increase in mRNA expression of MAFbx, ubiquitin, and IL-6  receptor, prevented the decrease in phosphorylated AMPK, and attenuated the  increase in phosphorylated p70S6K. Taken together, these results suggest that the  prevention of muscle atrophy during unloading, as achieved by the P2Y2 receptor  inhibitor, is likely mediated through a reduction in catabolic processes and  maintenance of energy homeostasis. In contrast, the P2Y1 receptor appears to play  a relatively minor role in muscle atrophy during unloading.",2024,Archives of biochemistry and biophysics,2,soleus; hs; soleus muscle; unloading; rats
Metformin and leucine increase satellite cells and collagen remodeling during disuse and recovery in aged muscle.,"Loss of muscle mass and strength after disuse followed by impaired muscle recovery commonly occurs with aging. Metformin (MET) and leucine (LEU)  individually have shown positive effects in skeletal muscle during atrophy  conditions but have not been evaluated in combination nor tested as a remedy to  enhance muscle recovery following disuse atrophy in aging. The purpose of this  study was to determine if a dual treatment of metformin and leucine (MET + LEU)  would prevent disuse-induced atrophy and/or promote muscle recovery in aged mice  and if these muscle responses correspond to changes in satellite cells and  collagen remodeling. Aged mice (22-24 months) underwent 14 days of hindlimb  unloading (HU) followed by 7 or 14 days of reloading (7 or 14 days RL). MET, LEU,  or MET + LEU was administered via drinking water and were compared to Vehicle  (standard drinking water) and ambulatory baseline. We observed that during HU,  MET + LEU resolved whole body grip strength and soleus muscle specific force  decrements caused by HU. Gastrocnemius satellite cell abundance was increased  with MET + LEU treatment but did not alter muscle size during disuse or recovery  conditions. Moreover, MET + LEU treatment alleviated gastrocnemius collagen  accumulation caused by HU and increased collagen turnover during 7 and 14 days RL  driven by a decrease in collagen IV content. Transcriptional pathway analysis  revealed that MET + LEU altered muscle hallmark pathways related to inflammation  and myogenesis during HU. Together, the dual treatment of MET and LEU was able to  increase muscle function, satellite cell content, and reduce collagen  accumulation, thus improving muscle quality during disuse and recovery in aging.",2021,FASEB journal : official publication of the Federation of American Societies for Experimental Biology,0,recovery; reloading; mass; muscle mass; mice
Tinospora cordifolia protects from skeletal muscle atrophy by alleviating oxidative stress and inflammation induced by sciatic denervation.,"ETHANOPHARMACOLOGICAL RELEVANCE: Tinospora cordifolia (TC) is widely being used as immunomodulatory and re-juvenile drug and well described in Indian Ayurveda  system of medicine. Rejuvenation also means the fine tuning of the skeletal  muscles. Skeletal muscle related disorder, i.e. atrophy is major problem which  arise due to cachexia, sarcopenia and immobilization. However, despite of the  great efforts, there is scarcity of FDA approved drugs in the market to treat  skeletal muscle atrophy. AIM OF THE STUDY: The current study was aimed to explore  the in-vitro and in-vivo efficacy and mechanism of TC in myogenic differentiation  and skeletal muscle atrophy to establish the possibility of its usage to  counteract skeletal muscle atrophy. MATERIALS AND METHODS: C2C12 cell lines were  used to determine myogenic potential and anti-atrophic effects of T. cordifolia  water extract (TCE). Its in-vitro efficacy was re-validated in vivo by  supplementation of TCE at a dose of 200 mg/kg/p.o. for 30 days in denervated mice  model of skeletal muscle atrophy. Effects of TCE administration on levels of  oxidative stress, inflammatory markers and proteolysis were determined. RESULTS:  TCE supplementation displayed increased lymphocyte proliferation and induced  myogenic differentiation of C2C12 myoblasts by significantly increasing myocytes  length and thickness, in comparison to control (p < 0.05). TCE supplementation  decreased oxidative stress and inflammatory response by significantly modulating  activities of catalase, glutathione peroxidase, lipid peroxidase, superoxide  dismutase and β-glucuronidase (p < 0.05). It increased MF-20c expression and  ameliorated degradation of muscle protein by down-regulating MuRF-1 and calpain  activity. CONCLUSION: TCE supplementation promotes myogenic differentiation in  C2C12 cell lines and prevents denervation induced skeletal muscle atrophy by  antagonizing the proteolytic systems (calpain and UPS) and maintaining the  oxidative defense mechanism of the cell. Hence, TCE can be used as a protective  agent against muscle atrophy.",2020,Journal of ethnopharmacology,7,skeletal; skeletal muscle; muscle atrophy; protein; role
Paradoxical effect of IKKβ inhibition on the expression of E3 ubiquitin ligases and unloading-induced skeletal muscle atrophy.,"We tested whether NF-κB pathway is indispensable for the increase in expression of E3-ligases and unloading-induced muscle atrophy using IKKβ inhibitor IMD-0354.  Three groups of rats were used: nontreated control (C), 3 days of  unloading/hindlimb suspension with (HS+IMD) or without (HS) IMD-0354. Levels of  IκBα were higher in HS+IMD (1.16-fold) and lower in HS (0.82-fold) when compared  with C group. IMD-0354 treatment during unloading: had no effect on loss of  muscle mass; increased mRNA levels of MuRF1 and MAFbx; increased levels of  pFoxO3; and had no effect on levels of Bcl-3, p105, and p50 proteins. Our study  for the first time showed that inhibiting IKKβ in vivo during 3-day unloading  failed to diminish expression of ubiquitin ligases and prevent muscle atrophy.",2017,Physiological reports,2,soleus; hs; soleus muscle; unloading; rats
PGC-1α over-expression suppresses the skeletal muscle atrophy and myofiber-type composition during hindlimb unloading.,"Disuse leads to severe muscle atrophy and a slow-to-fast myofiber-type transition. PGC-1α (Peroxisome proliferator-activated receptor γ coactivator 1α)  is documented to play an important role in muscle atrophy and slow-twitch  myofiber determination. Transcription of atrophy-related Atrogin-1 by FoxO3 can  be reduced by PGC-1α. While Smad3 augments FoxO3-induced Atrogin-1 and MuRF1  promoter activity. So PGC-1α, as a transcription co-activator, may regulate  hindlimb unloading (HU)-induced myofiber-type transition and muscle atrophy  through Smad3. Our results showed that transgenic PGC-1α mice resisted HU-induced  muscle loss, atrophy-related genes expression, and slow-to-fast myofiber(-)type  transition. Furthermore, over-expression of PGC-1α resisted the increase in  pSmad3 during muscle atrophy in vivo and in vitro. And, PGC-1α over-expression  inhibited the expression of atrogenes via suppressing the phosphorylation of  Smad3 in vitro. Thus, PGC-1α is effective in regulating myofiber-type transition  during HU, and it alleviates skeletal muscle atrophy partially through  suppressing the activation of Smad3.",2017,"Bioscience, biotechnology, and biochemistry",1,hu; expression; unloading; skeletal; skeletal muscle
Effect of losartan treatment on Smad signaling and recovery from hindlimb unloading-induced soleus muscle atrophy in female rats.,"Losartan, an angiotensin II type 1 receptor blocker, exerts protective effect on soleus muscle atrophy in female rats. Thus, we aimed to examine the effect of  losartan treatment on the recovery of atrophied soleus muscles. Female Wistar  rats were subjected to hindlimb unloading for 7 d and then reloading for 7 d with  either phosphate-buffered saline (PBS; n = 9) or losartan (40 mg/kg/day; n = 9).  The soleus muscles were removed at rest (sedentary control [SED]; n = 9), after  7 d of hindlimb unloading (HU; n = 9), and after 7 d of reloading (HUR-PBS or  HUR-LOS; n = 9 each). The absolute and relative weights, and fiber  cross-sectional area (CSA) of the soleus muscles of rats in the HU group were  significantly reduced as compared to those of the rats in the SED group at 7 d  post-hindlimb unloading. Seven days of reloading significantly increased the  muscle weights of rats in the HUR-PBS and HUR-LOS groups, with the recovery rate  of the absolute muscle weight and type I fiber CSA being significantly higher in  the HUR-LOS group (6.1% and 10.1%, respectively) than in the HUR-PBS group (4.7%  and 5.2%, respectively) (p < 0.05). Moreover, the absolute and relative muscle  weight in HUR-PBS were lower than SED; however, no significant difference was  observed between the SED and HUR-LOS groups. CSAs of type I and IIa fiber were  significantly higher in the HUR-LOS group than in the HU group. Losartan  administration during reloading resulted in increased Smad1/5/8 and mTOR  signaling and decreased Smad2/3 signaling and protein ubiquitination,  facilitating the recovery of atrophied soleus muscle. Therefore, losartan  administration-induced muscle recovery may partially be attributed to enhanced  Smad1/5/8 and mTOR signaling activation, and reduced activation of canonical  TGF-β signaling (Smad2/3) in the soleus muscle.",2022,European journal of pharmacology,2,soleus; hs; soleus muscle; unloading; rats
Mitophagy reporter mouse analysis reveals increased mitophagy activity in disuse-induced muscle atrophy.,"Muscle disuse induces atrophy through increased reactive oxygen species (ROS) released from damaged mitochondria. Mitophagy, the autophagic degradation of  mitochondria, is associated with increased ROS production. However, the mitophagy  activity status during disuse-induced muscle atrophy has been a subject of  debate. Here, we developed a new mitophagy reporter mouse line to examine how  disuse affected mitophagy activity in skeletal muscles. Mice expressing tandem  mCherry-EGFP proteins on mitochondria were then used to monitor the dynamics of  mitophagy activity. The reporter mice demonstrated enhanced mitophagy activity  and increased ROS production in atrophic soleus muscles following a 14-day  hindlimb immobilization. Results also showed an increased expression of multiple  mitophagy genes, including Bnip3, Bnip3l, and Park2. Our findings thus conclude  that disuse enhances mitophagy activity and ROS production in atrophic skeletal  muscles and suggests that mitophagy is a potential therapeutic target for  disuse-induced muscle atrophy.",2021,Journal of cellular physiology,3,mitochondrial; ros; pgc1α; disuse; mitophagy
Leucine and HMB differentially modulate proteasome system in skeletal muscle under different sarcopenic conditions.,"In the present study we have compared the effects of leucine supplementation and its metabolite β-hydroxy-β-methyl butyrate (HMB) on the ubiquitin-proteasome  system and the PI3K/Akt pathway during two distinct atrophic conditions, hindlimb  immobilization and dexamethasone treatment. Leucine supplementation was able to  minimize the reduction in rat soleus mass driven by immobilization. On the other  hand, leucine supplementation was unable to provide protection against soleus  mass loss in dexamethasone treated rats. Interestingly, HMB supplementation was  unable to provide protection against mass loss in all treatments. While solely  fiber type I cross sectional area (CSA) was protected in immobilized soleus of  leucine-supplemented rats, none of the fiber types were protected by leucine  supplementation in rats under dexamethasone treatment. In addition and in line  with muscle mass results, HMB treatment did not attenuate CSA decrease in all  fiber types against either immobilization or dexamethasone treatment. While  leucine supplementation was able to minimize increased expression of both  Mafbx/Atrogin and MuRF1 in immobilized rats, leucine was only able to minimize  Mafbx/Atrogin in dexamethasone treated rats. In contrast, HMB was unable to  restrain the increase in those atrogenes in immobilized rats, but in  dexamethasone treated rats, HMB minimized increased expression of Mafbx/Atrogin.  The amount of ubiquitinated proteins, as expected, was increased in immobilized  and dexamethasone treated rats and only leucine was able to block this increase  in immobilized rats but not in dexamethasone treated rats. Leucine  supplementation maintained soleus tetanic peak force in immobilized rats at  normal level. On the other hand, HMB treatment failed to maintain tetanic peak  force regardless of treatment. The present data suggested that the anti-atrophic  effects of leucine are not mediated by its metabolite HMB.",2013,PloS one,5,older; bed; hmb; bed rest; rest
Stable atrogin-1 (Fbxo32) and MuRF1 (Trim63) gene expression is involved in the protective mechanism in soleus muscle of hibernating Daurian ground squirrels  (Spermophilus dauricus).,"Understanding the mechanisms that protect against or limit muscle atrophy in hibernators during prolonged inactivity has important implications for its  treatment. We examined whether external factors influence the pathways regulating  protein synthesis and degradation, leading to muscle atrophy prevention in  Daurian ground squirrels (Spermophilus dauricus). We investigated the effects of  14-day hindlimb-unloading (HU) in different seasons and two-month hibernation on  the soleus (SOL) muscle wet mass, muscle-to-body mass ratio, fiber cross  sectional area (CSA), fiber distribution and muscle ultrastructure. We also  measured changes in the protein expression and activation states of Akt, mTOR and  FoxO1 and the mRNA expression of atrogin-1 and MuRF1. Compared with the control  groups, autumn and winter HU significantly lowered SOL muscle wet mass and  muscle-to-body mass ratio, decreased type I and II fiber CSA and induced  ultrastructural anomalies. However, these measured indices were unchanged between  Pre-hibernation and Hibernation groups. Furthermore, phosphorylation levels of  Akt and mTOR significantly decreased, while the phosphorylation level of FoxO1  and mRNA expression of atrogin-1 and MuRF1 increased after HU. During  hibernation, the phosphorylation levels of Akt and mTOR significantly decreased,  but the phosphorylation level of FoxO1 and mRNA expression of atrogin-1 and MuRF1  remained unchanged. Overall, our findings suggest that disuse and seasonality may  not be sufficient to initiate the innate protective mechanism that prevents SOL  atrophy during prolonged periods of hibernation inactivity. The stable expression  of atrogin-1 and MuRF1 may facilitate to prevent SOL atrophy via controlling  ubiquitination of muscle proteins during hibernation.",2016,Biology open,1,hu; expression; unloading; skeletal; skeletal muscle
"Muscle contractile exercise through a belt electrode device prevents myofiber atrophy, muscle contracture, and muscular pain in immobilized rat gastrocnemius  muscle.","PURPOSE: Immobilization of skeletal muscles causes muscle atrophy, muscle contracture, and muscle pain, the mechanisms of which are related to macrophage  accumulation. However, muscle contractile exercise through a belt electrode  device may mitigate macrophage accumulation. We hypothesized that such exercise  would be effective in preventing myofiber atrophy, muscle contracture, and  muscular pain. This study tested this hypothesis in immobilized rat gastrocnemius  muscle. MATERIALS AND METHODS: A total of 32 rats were divided into the following  control and experimental groups: immobilization (immobilized treatment only),  low-frequency (LF; immobilized treatment and muscle contractile exercise with a 2  s (do) /6 s (rest) duty cycle), and high-frequency (HF; immobilized treatment and  muscle contractile exercise with a 2 s (do)/2 s (rest) duty cycle). Electrical  stimulation was performed at 50 Hz and 4.7 mA, and muscle contractile exercise  was applied to the lower limb muscles for 15 or 20 min/session (once daily) for 2  weeks (6 times/week). After the behavioral tests, the bilateral gastrocnemius  muscles were collected for analysis. RESULTS: The number of macrophages, the  Atrogin-1 and MuRF-1 mRNA expression, and the hydroxyproline content in the HF  group were lower than those in the immobilization and LF groups. The  cross-sectional area (CSA) of type IIb myofibers in the superficial region, the  PGC-1α mRNA expression, and the range of motion of dorsiflexion in the HF group  were significantly higher than those in the immobilization and LF groups. The  pressure pain thresholds in the LF and HF groups were significantly higher than  that in the immobilization group, and the nerve growth factor (NGF) content in  the LF and HF groups was significantly lower than that in the immobilization  group. CONCLUSION: Muscle contractile exercise through the belt electrode device  may be effective in preventing immobilization-induced myofiber atrophy, muscle  contracture, and muscular pain in the immobilized rat gastrocnemius muscle.",2022,PloS one,8,group; immobilization; expression; protein; cast
No effect of five days of bed rest or short-term resistance exercise prehabilitation on markers of skeletal muscle mitochondrial content and dynamics  in older adults.,"Bed rest (BR) results in significant impairments in skeletal muscle metabolism. Mitochondrial metabolism is reportedly highly sensitive to disuse, with  dysregulated fission-fusion events and impaired oxidative function previously  reported. The effects of clinically relevant short-term BR (≤5 days) on  mitochondrial protein expression are presently unclear, as are the effects of  exercise prehabilitation as a potential counteractive intervention. The present  study examined the effects of a 5-day period of BR and short-term resistance  exercise prehabilitation (ST-REP) on mitochondrial-protein content. Ten older men  (71 ± 4 years) underwent 5 days of BR, completing four sessions of high-volume  unilateral resistance exercise prehabilitation over 7 days beforehand. Muscle  biopsies were obtained from the vastus lateralis in the non-exercised control and  exercised legs, both pre- and post-prehabilitation and pre- and post-BR, to  determine changes in citrate synthase enzyme activity and the expression of key  proteins in the mitochondrial electron transport chain and molecular regulators  of fission-fusion dynamics, biosynthesis, and mitophagy. We observed no  significant effect of either BR or ST-REP on citrate synthase protein content,  enzyme activity, or ETC complex I-V protein content. Moreover, we observed no  significant changes in markers of mitochondrial fission and fusion (p-DRP1(S616)  , p-DRP1(S637) , p-DRP1(S616/S637) ratio, p-MFF(S146) , Mitofillin, OPA1, or MFN2  (p > 0.05 for all). Finally, we observed no differences in markers of  biosynthesis (p-AMPK(T172) , p-ACC(S79) , PGC1a, TFAM) or mitophagy-related  signaling (ULK-1, BNIP3/NIX, LC3B I/II) (p > 0.05 for all). In contrast to  previous longer-term periods of musculoskeletal disuse (i.e., 7-14 days), a  clinically relevant, 5-day period of BR resulted in no significant perturbation  in muscle mitochondrial protein signaling in healthy older adults, with no effect  of ST-REP in the week prior to BR. Accordingly, disuse-induced muscle atrophy may  precede alterations in mitochondrial content.",2022,Physiological reports,5,older; bed; hmb; bed rest; rest
Muscle proteolytic system modulation through the effect of taurine on mice bearing muscular atrophy.,"Skeletal muscle atrophy occurs in different catabolic conditions and mostly accompanied with upregulation of Muscle ring finger 1 (MuRF1) gene which is one  of the master regulatory genes in muscle atrophy. Taurine amino acid is widely  distributed in different tissues and has anti-inflammatory and antioxidant  effects. This study aimed to investigate the potential influence of taurine on  muscle atrophy induced by reduced mechanical loading. Twenty-eight Albino mice  were used, and divided equally into four groups: group I (control); group II  (immobilization); group III (immobilization + taurine); and group IV (taurine).  Quadriceps muscle sections were taken for histopathology, immunohistochemical  analysis of caspase 3 expression, and qRT-PCR of MuRF1 gene. Our data revealed  Zenker necrosis associated with axonal injury of the nerve trunk of the  immobilized muscle together with increase of caspase 3 expression and  upregulation of MuRF1 gene. While, taurine supplementation alleviated the  muscular and neural tissues damage associated with disuse skeletal muscle atrophy  through downregulation of MuRF1 gene and decrease of tissue caspase 3 expression.  In conclusion, taurine may be helpful to counteract apoptosis and up-regulated  MuRF1 gene expression related to muscle atrophy, which might be hopeful for a  large number of patients.",2018,Molecular and cellular biochemistry,8,group; immobilization; expression; protein; cast
Calpain and caspase-3 play required roles in immobilization-induced limb muscle atrophy.,"Prolonged skeletal muscle inactivity results in a rapid decrease in fiber size, primarily due to accelerated proteolysis. Although several proteases are known to  contribute to disuse muscle atrophy, the ubiquitin proteasome system is often  considered the most important proteolytic system during many conditions that  promote muscle wasting. Emerging evidence suggests that calpain and caspase-3 may  also play key roles in inactivity-induced atrophy of respiratory muscles, but it  remains unknown if these proteases are essential for disuse atrophy in limb  skeletal muscles. Therefore, we tested the hypothesis that activation of both  calpain and caspase-3 is required for locomotor muscle atrophy induced by  hindlimb immobilization. Seven days of immobilization (i.e., limb casting)  promoted significant atrophy in type I muscle fibers of the rat soleus muscle.  Independent pharmacological inhibition of calpain or caspase-3 prevented this  casting-induced atrophy. Interestingly, inhibition of calpain activity also  prevented caspase-3 activation, and, conversely, inhibition of caspase-3  prevented calpain activation. These findings indicate that a regulatory cross  talk exists between these proteases and provide the first evidence that the  activation of calpain and caspase-3 is required for inactivity-induced limb  muscle atrophy.",2013,"Journal of applied physiology (Bethesda, Md. : 1985)",7,skeletal; skeletal muscle; muscle atrophy; protein; role
Soluble Whey Protein Hydrolysate Ameliorates Muscle Atrophy Induced by Immobilization via Regulating the PI3K/Akt Pathway in C57BL/6 Mice.,"Sarcopenia, a loss of skeletal muscle mass and function, is prevalent in older people and associated with functional decline and mortality. Protein  supplementation is necessary to maintain skeletal muscle mass and whey protein  hydrolysates have the best nutrient quality among food proteins. In the first  study, C57BL/6 mice were subjected to immobilization for 1 week to induce muscle  atrophy. Then, mice were administered with four different whey protein  hydrolysates for 2 weeks with continuous immobilization. Among them, soluble whey  protein hydrolysate (WP-S) had the greatest increase in grip strength, muscle  weight, and cross-sectional area of muscle fiber than other whey protein  hydrolysates. To investigate the molecular mechanism, we conducted another  experiment with the same experimental design. WP-S significantly promoted the  phosphoinositide 3-kinase (PI3K)/protein kinase B (Akt)/mammalian target of  rapamycin (mTOR) pathway and inhibited the PI3K/Akt/forkhead box O (FoxO)  pathway. In addition, it increased myosin heavy chain (MyHC) expression in both  the soleus and quadriceps and changed MyHC isoform expressions. In conclusion,  WP-S attenuated muscle atrophy induced by immobilization by enhancing the net  protein content regulating muscle protein synthesis and degradation. Thus, it is  a necessary and probable candidate for developing functional food to prevent  sarcopenia.",2020,Nutrients,9,mice; muscle atrophy; protein; immobilization; mass
Joint inflammation alters gene and protein expression and leads to atrophy in the tibialis anterior muscle in rats.,"OBJECTIVE: The aim of this study was to evaluate the effect of tibiotarsal joint inflammation in rat tibialis anterior muscle through muscle fiber cross-sectional  area (CSA) and gene expression (atrogin-1, muscle ring finger-1 [MuRF1], myogenic  differentiation-1 [MyoD], p38 mitogen-activated protein kinase [p38MAPK], nuclear  factor kappa B-dependent [NFκB], tumor necrosis factor-alpha [TNF-α]). DESIGN:  Wistar rats were randomly divided into three periods (2, 7, and 15 days) and  assigned into four groups within each experimental period: control, sham,  inflammation, and immobilization. Real-time polymerase chain reaction, Western  blot, immunofluorescence, and muscle fiber CSA analyses were performed. RESULTS:  At 2 days, the inflammation group increased atrogin-1, MuRF1, and myostatin and  reduced MyoD expression. At 7 days, the inflammation group increased atrogin-1,  MuRF1, NFκB, p38MAPK, MyoD, myostatin, and TNF-α expression and TNF-α protein and  reduced muscle fiber CSA. At 15 days, gene and protein expression in the  inflammation group returned to basal levels, and CSA values were similar to those  in control and sham groups. The immobilization groups have a similar pattern in  all experimental periods, with increased atrogin-1, MuRF1, NFκB, and TNF-α gene  expression and reduced muscle fiber CSA. The sham group had increased myostatin  and atrogin-1 expression at 2 days and increased MyoD and myostatin expression at  7 days. CONCLUSIONS: Joint inflammation stimulated the expression of muscle  factors related to atrophy, growth, differentiation, and mass regulation followed  by muscle atrophy.",2011,American journal of physical medicine & rehabilitation,8,group; immobilization; expression; protein; cast
FoxO3a suppression and VPS34 activity are essential to anti-atrophic effects of leucine in skeletal muscle.,"Our aim is to gain insight into the mechanisms underlying the anti-atrophic effects of leucine, namely, the way that this amino acid can restrain the  up-regulation of MuRF1 and Mafbx/Atrogin-1 in muscle atrophy. Male rats received  dietary leucine supplementation for 1-3 days, during which time their hind limbs  were immobilized. Our results showed that leucine inhibited Forkhead Box O3  (FoxO3a) translocation to cell nuclei. In addition, leucine was able to reverse  the expected reduction of FoXO3a ubiquitination caused by immobilization.  Unexpectedly, leucine promoted these effects independently of the Class I  PI3K/Akt pathway. Vacuolar protein sorting 34 (VPS34; a Class III PI3K) was  strongly localized in nuclei after immobilization and leucine supplementation was  able to prevent this effect. In experiments on cultured primary myotubes,  dexamethasone led to the localization of VPS34 in the nucleus. In addition, the  pharmacological inhibition of VPS34 blocked VPS34 nuclear localization and  impaired the protective effect of leucine upon myotube trophicity. Finally, the  pharmacological inhibition of VPS34 in primary myotubes prevented the protective  effects of leucine upon MuRF1 and Mafbx/Atrogin-1 gene expression.  Autophagy-related target genes were not responsive to leucine. Thus, we  demonstrate that the anti-atrophic effect of leucine is dependent upon FoxO3a  suppression and VPS34 activity.",2017,Cell and tissue research,8,group; immobilization; expression; protein; cast
New Strains of Akkermansia muciniphila and Faecalibacterium prausnitzii are Effective for Improving the Muscle Strength of Mice with Immobilization-Induced  Muscular Atrophy.,"Muscular atrophy is a muscle disease in which muscle mass and strength decrease due to aging, injury, metabolic disorders, or chronic conditions. Proteins in  muscle tissue are degraded by the ubiquitin-proteasome pathway, and atrophy  accelerates this pathway. Akkermansia muciniphila and Faecalibacterium  prausnitzii strains are effective agents against metabolic and inflammatory  diseases in next-generation probiotic research. In this study, we evaluated the  efficacy of A. muciniphila strain EB-AMDK19 and F. prausnitzii strain EB-FPDK11  in a mouse model of muscular atrophy, since atrophy inhibits energy metabolism  and immune activation. After oral administration of each strain for 4 weeks, the  hind legs of the mice were fixed with a plaster cast to immobilize them for a  week. As a result, the administration of EB-AMDK19 and EB-FPDK11 strains improved  grip strength but did not increase muscle mass. At the molecular level, A.  muciniphila and F. prausnitzii treatments decreased the expression levels of  ubiquitin-proteasome genes, atrogin-1, MuRF, and cathepsin L. They increased the  expression level of the mitochondrial biogenesis regulatory gene, PGC-1α. The  effect of the strains was confirmed by a decrease in myostatin. Furthermore, A.  muciniphila and F. prausnitzii modulated the immune function by enhancing ZO-1  and inhibiting IL-6. In particular, EB-AMDK19 promoted the expression of IL-10,  an anti-inflammatory cytokine. These results suggest that A. muciniphila and F.  prausnitzii may have beneficial effects on muscular atrophy, verified by newly  isolated EB-AMDK19 and EB-FPDK11 as potential next-generation probiotics.",2022,Journal of medicinal food,9,mice; muscle atrophy; protein; immobilization; mass
Angiotensin-(1-7) Prevents Skeletal Muscle Atrophy Induced by Transforming Growth Factor Type Beta (TGF-β) via Mas Receptor Activation.,"BACKGROUND: Transforming growth factor type beta 1 (TGF-β1) produces skeletal muscle atrophy. Angiotensin-(1-7) (Ang-(1-7)), through the Mas receptor, prevents  the skeletal muscle atrophy induced by sepsis, immobilization, or angiotensin II  (Ang-II). However, the effect of Ang-(1-7) on muscle wasting induced by TGF-β1 is  unknown. AIM: To evaluate whether Ang-(1-7)/Mas receptor axis could prevent the  skeletal muscle atrophy induced by TGF-β1. METHODS: This study assessed the  atrophic effect of TGF-β1 in C2C12 myotubes and mice in absence or presence of  Ang-(1-7), and the receptor participation using A779, an antagonist of the Mas  receptor. The levels of myosin heavy chain (MHC), polyubiquitination, and MuRF-1  were detected by western blot. Myotube diameter was also evaluated. In vivo  analysis included the muscle strength, fibre diameter, MHC and MuRF-1 levels by  western blot, and ROS levels by DCF probe detection. RESULTS: The results showed  that Ang-(1-7) prevented the increase in MuRF-1 and polyubiquitined protein  levels, the decrease of MHC levels, the myotubes/fibre diameter diminution, and  the increased production of reactive oxygen species (ROS) induced by TGF-β1.  Utilizing A779 inhibited the anti-atrophic effect of Ang-(1-7). CONCLUSION: The  preventive effect of Ang-(1-7) on skeletal muscle atrophy induced by TGF-β1 is  produced through inhibition of ROS production and proteasomal degradation of MHC.",2016,"Cellular physiology and biochemistry : international journal of experimental cellular physiology, biochemistry, and pharmacology",7,skeletal; skeletal muscle; muscle atrophy; protein; role
Chronic α-hydroxyisocaproic acid treatment improves muscle recovery after immobilization-induced atrophy.,"Muscle disuse atrophy is observed routinely in patients recovering from traumatic injury and can be either generalized resulting from extended bed rest or  localized resulting from single-limb immobilization. The present study addressed  the hypothesis that a diet containing 5% α-hydroxyisocaproic acid (α-HICA), a  leucine (Leu) metabolite, will slow the loss and/or improve recovery of muscle  mass in response to disuse. Adult 14-wk-old male Wistar rats were provided a  control diet or an isonitrogenous isocaloric diet containing either 5% α-HICA or  Leu. Disuse atrophy was produced by unilateral hindlimb immobilization  (""casting"") for 7 days and the contralateral muscle used as control. Rats were  also casted for 7 days and permitted to recover for 7 or 14 days. Casting  decreased gastrocnemius mass, which was associated with both a reduction in  protein synthesis and S6K1 phosphorylation as well as enhanced proteasome  activity and increased atrogin-1 and MuRF1 mRNA. Although neither α-HICA nor Leu  prevented the casting-induced muscle atrophy, the decreased muscle protein  synthesis was not observed in α-HICA-treated rats. Neither α-HICA nor Leu altered  the increased proteasome activity and atrogene expression observed with  immobilization. After 14 days of recovery, muscle mass had returned to control  values only in the rats fed α-HICA, and this was associated with a sustained  increase in protein synthesis and phosphorylation of S6K1 and 4E-BP1 of  previously immobilized muscle. Proteasome activity and atrogene mRNA content were  at control levels after 14 days and not affected by either treatment. These data  suggest that whereas α-HICA does not slow the loss of muscle produced by disuse,  it does speed recovery at least in part by maintaining an increased rate of  protein synthesis.",2013,American journal of physiology. Endocrinology and metabolism,0,recovery; reloading; mass; muscle mass; mice
Lack of muscle recovery after immobilization in old rats does not result from a defect in normalization of the ubiquitin-proteasome and the caspase-dependent  apoptotic pathways.,"Immobilization periods increase with age because of decreased mobility and/or because of increased pathological episodes that require bed-rest. Then,  sarcopaenia might be partially explained by an impaired recovery of skeletal  muscle mass after a catabolic state due to an imbalance of muscle protein  metabolism, apoptosis and cellular regeneration. Mechanisms involved during  muscle recovery have been little studied and in elderly they remain almost  unknown. We show, in rats, that a short immobilization period during ageing  initiated muscle atrophy that was indeed not recovered after 40 days.  Immobilization was associated with an activation of both the ubiquitin-proteasome  and the mitochondria-associated apoptotic pathways and the inflammatory and redox  processes, and a decrease of cellular regeneration. We show that the lack of  muscle recovery during ageing is not due to a defect in proteolysis or apoptosis  down-regulation. These observations lead us to hypothesize that muscle protein  synthesis activation after immobilization was altered during ageing.",2011,The Journal of physiology,0,recovery; reloading; mass; muscle mass; mice
Combination of hindlimb suspension and immobilization by casting exaggerates sarcopenia by stimulating autophagy but does not worsen osteopenia.,"Astronauts in space experience a unique environment that causes the concomitant loss of bone and muscle. However, the interaction between these tissues and how  osteopenia and sarcopenia affect each other is unclear. We explored this  relationship by exaggerating unloading-induced muscle loss using a unilateral  casting model in conjunction with hindlimb suspension (HLS). Five-month-old, male  C57Bl/6J mice subjected to HLS for 2 weeks displayed a significant decrease in  gastrocnemius and quadriceps weight (-9-10%), with a two-fold greater decrease in  muscle mass observed in the HLS + casted limb. However, muscle from casted limbs  had a higher rate of protein synthesis (+16%), compared to HLS alone, with  coordinated increases in S6K1 (+50%) and 4E-BP1 (+110%) phosphorylation.  Increased protein content for surrogate markers of autophagy, including LC3-II  (+75%), Atg7 (+10%), and Atg5-12 complex (+20%) was only detected in muscle from  the casted limb. In proximal tibias, HLS resulted in significant decreases in  bone volume fraction (-24% vs -8%), trabecular number (-6% vs +0.3%), trabecular  thickness (-10% vs -2%), and trabecular spacing (+8.4% vs +2%) compared to ground  controls. There was no further bone loss in casted limbs compared to HLS alone.  In tibia midshafts, HLS resulted in decreased total area (-2% vs +1%) and  increased bone mineral density (+1% vs -0.3%) compared to ground controls.  Cortical bone from casted limbs showed an increase in cortical thickness (+9% vs  +2%) and cortical area/total area (+1% vs -0.6%) compared to HLS alone. Our  results suggest that casting exacerbates unloading-induced muscle loss via  activation of autophagy. Casting did not exacerbate bone loss suggesting that the  unloading-induced loss of muscle and bone can be temporally dissociated and the  effect of reduced muscle activity plays a relatively minor role compared to  reduced load bearing on trabecular bone structure.",2018,Bone,0,recovery; reloading; mass; muscle mass; mice
Three months of bed rest induce a residual transcriptomic signature resilient to resistance exercise countermeasures.,"This study explored the muscle genome-wide response to long-term unloading (84-day bed rest) in 21 men. We hypothesized that a part of the bed rest-induced  gene expression signature would be resilient to a concurrent flywheel resistance  exercise (RE) countermeasure. Using DNA microarray technology analyzing 35 345  gene-level probe-sets, we identified 335 annotated probe-sets that were  downregulated, and 315 that were upregulated after bed rest (P < .01). Besides a  predictable differential expression of genes and pathways related to mitochondria  (downregulation; false-discovery rates (FDR) <1E-04), ubiquitin system  (upregulation; FDR = 3E-02), and skeletal muscle energy metabolism and structure  (downregulation; FDR ≤ 3E-03), 84-day bed rest also altered circadian rhythm  regulation (upregulation; FDR = 3E-02). While most of the bed rest-induced  changes were counteracted by RE, 209 transcripts were resilient to the exercise  countermeasure. Genes upregulated after bed rest were particularly resistant to  training (P < .001 vs downregulated, non-reversed genes). Specifically,  ""Translation Factors,"" ""Proteasome Degradation,"" ""Cell Cycle,"" and ""Nucleotide  Metabolism"" pathways were not normalized by RE. This study provides an unbiased  high-throughput transcriptomic signature of one of the longest unloading periods  in humans to date. Classical disuse-related changes in structural and metabolic  genes/pathways were identified, together with a novel upregulation of circadian  rhythm transcripts. In the context of previous bed rest campaigns, the latter  seemed to be related to the duration of unloading, suggesting the transcriptomic  machinery continues to adapt throughout extended disuse periods. Despite that the  RE training offset most of the bed rest-induced muscle-phenotypic and  transcriptomic alterations, we contend that the human skeletal muscle also  displays a residual transcriptomic signature of unloading that is resistant to an  established exercise countermeasure.",2020,FASEB journal : official publication of the Federation of American Societies for Experimental Biology,5,older; bed; hmb; bed rest; rest
Immobilization Decreases FOXO3a Phosphorylation and Increases Autophagy-Related Gene and Protein Expression in Human Skeletal Muscle.,"Immobilization of the lower limbs promotes a catabolic state that reduces muscle mass, whereas physical training promotes an anabolic state that increases muscle  mass. Understanding the molecular mechanisms underlying this is of clinical  interest, as loss of muscle mass is a major complication to critical illness in  humans. To determine the molecular regulation of protein synthesis and  degradation during muscle loss and hypertrophy, we examined skeletal muscle  biopsies from healthy human subjects after 2 weeks unilateral immobilization of a  lower limb and during 6 weeks of physical rehabilitation. We have previously  shown that cross-sectional area of the knee muscle-extensors decreased by ∼10%  during immobilization and was completely restored during rehabilitation. Here we  provide novel data to suggest that autophagy is an important underlying mechanism  involved in regulation of muscle mass. Protein expression of MuRF1 and ATROGIN-1  did not change during the study, indicating that the recruitment of substrates to  the proteasomes was unaltered. Phosphorylation of mTORat Ser(2448) did not change  during the study, and neither did phosphorylation of the mTORC1 substrates 4EBP1  Thr(37/46) and p70S6K Thr(389), suggesting that this pathway does not suppress  protein synthesis during muscle wasting. Protein levels of p62 and ULK1 increased  during immobilization and returned to baseline levels during rehabilitation. Same  pattern was observed for FOXO3a phosphorylation at Ser(318/321), suggesting  transcriptional activation during immobilization and inactivation during  rehabilitation. To investigate this further, we analyzed mRNA expression of seven  autophagy-related genes controlled by FOXO3a. Five of these (p62, LC3B, BECLIN-1,  ATG12, and BNIP3) increased during immobilization and returned to baseline during  rehabilitation. In conclusion, immobilization of a lower limb increases  autophagy-related gene and protein expression in human skeletal muscle in a  pattern that mirrors FOXO3a phosphorylation. These findings could imply that  FOXO3a dependent transcriptional regulation of autophagy is involved in the  regulation of muscle mass in humans. CLINICAL TRIAL REGISTRATION: The study was  approved by the Ethics Committee of Copenhagen (j.no. H-1-2010-016).",2019,Frontiers in physiology,8,group; immobilization; expression; protein; cast
Metformin Attenuates Slow-to-Fast Fiber Shift and Proteolysis Markers Increase in Rat Soleus after 7 Days of Rat Hindlimb Unloading.,"Muscle unloading leads to signaling alterations that cause muscle atrophy and weakness. The cellular energy sensor AMPK can regulate myofiber-type shift,  calcium-dependent signaling and ubiquitin-proteasome system markers. We  hypothesized that the prevention of p-AMPK downregulation during the first week  of muscle unloading would impede atrophy development and the slow-to-fast shift  of soleus muscle fibers, and the aim of the study was to test this hypothesis.  Thirty-two male Wistar rats were randomly assigned to four groups: placebo  control (C), control rats treated with metformin (C + M), 7 days of hindlimb  suspension (HS) + placebo (7HS), and 7 days of HS + metformin administration (7HS  + M). In the soleus of the 7HS rats, we detected a slow-to-fast fiber-type shift  as well as a significant downregulation of MEF-2D and p300 in the nuclei. In the  7HS group, we also found decreases in p-ACC (AMPK target) protein level and in  the expression of E3 ubiquitin ligases and p-CaMK II protein level vs. the C  group. The 7-day metformin treatment for soleus muscle unloading (1) prevented  slow-to-fast fiber-type shift; (2) counteracted changes in the p-ACC protein  level; (3) hindered changes in the nuclear protein level of the slow myosin  expression activators MEF-2D and p300, but did not affect NFATc1 signaling; and  (4) attenuated the unloading-induced upregulation of MuRF-1, atrogin-1, ubiquitin  and myostatin mRNA expression, but did not prevent soleus muscle atrophy. Thus,  metformin treatment during muscle disuse could be useful to prevent the decrease  in the percentage of slow-type fatigue-resistant muscle fibers.",2022,International journal of molecular sciences,2,soleus; hs; soleus muscle; unloading; rats
Inhibition of interleukin-6 decreases atrogene expression and ameliorates tail suspension-induced skeletal muscle atrophy.,"BACKGROUND: Interleukin-6 (IL-6) is an inflammatory cytokine. Whether systemic IL-6 affects atrogene expression and disuse-induced skeletal muscle atrophy is  unclear. METHODS: Tail-suspended mice were used as a disuse-induced muscle  atrophy model. We administered anti-mouse IL-6 receptor antibody,  beta-hydroxy-beta-methylbutyrate (HMB) and vitamin D to the mice and examined the  effects on atrogene expression and muscle atrophy. RESULTS: Serum IL-6 levels  were elevated in the mice. Inhibition of IL-6 receptor suppressed muscle RING  finger 1 (MuRF1) expression and prevented muscle atrophy. HMB and vitamin D  inhibited the serum IL-6 surge, downregulated the expression of MuRF1 and  atrogin-1 in the soleus muscle, and ameliorated atrophy in the mice. CONCLUSION:  Systemic IL-6 affects MuRF1 expression and disuse-induced muscle atrophy.",2018,PloS one,9,mice; muscle atrophy; protein; immobilization; mass
Expression of the Mas receptor is upregulated in skeletal muscle wasting.,"Skeletal muscle atrophy during sepsis, immobilization, and chronic diseases is characterized by an increase in expression and activity of the muscle-specific  ubiquitin 3 ligases atrogin-1 and MuRF-1. The classical renin-angiotensin system  (RAS), by high level of circulating angiotensin II (AngII) is directly involved  in skeletal muscle wasting associated with cardiac and renal failure. Ang (1-7),  a peptide belonging to the non-classical RAS system, produces effects that are  opposite to AngII. The actions of Ang (1-7) are mediated by its binding and  signalling through the Mas receptor. Our purpose is to assess the effects of  atrophic stimuli AngII, lipopolysaccharide (LPS), and immobilization on the  expression of the Mas receptor in skeletal muscle. For that we used gastrocnemius  and tibialis anterior muscles of C57BL10 mice treated with AngII, LPS or  subjected to unilateral hindlimb immobilization by casting. In addition, we used  C2C12 myotubes incubated with AngII or LPS. We evaluated Mas expression by  quantitative real-time PCR, Western blot immunohistochemical analysis. Skeletal  muscle atrophy was corroborated by the expression of atrogin-1 and MuRF-1 and the  fibre diameter. Our results show that Mas receptor expression was increased by  AngII or LPS in vitro and in vivo, and upregulated by immobilization. The  increase of the Mas expression was concomitantly with the upregulation of  atrogin-1 and MuRF-1 and the reduction of the fibre diameter. These results from  studies in vitro and in vivo demonstrate for the first time that the Mas receptor  is increased under atrophic stimulus and suggest that the non-classical RAS  system could have an important role in muscle wasting.",2015,Histochemistry and cell biology,7,skeletal; skeletal muscle; muscle atrophy; protein; role
"Regrowth after skeletal muscle atrophy is impaired in aged rats, despite similar responses in signaling pathways.","Skeletal muscle regrowth after atrophy is impaired in the aged and in this study we hypothesized that this can be explained by a blunted response of signaling  pathways and cellular processes during reloading after hind limb suspension in  muscles from old rats. Male Brown Norway Fisher 344 rats at 6 (young) and 32  (old) months of age were subjected to normal ambulatory conditions (amb), hind  limb suspension for 14 days (HS), and HS followed by reloading through normal  ambulation for 14 days (RE); soleus muscles were used for analysis of  intracellular signaling pathways and cellular processes. Soleus muscle regrowth  was blunted in old compared to young rats which coincided with a recovery of  serum IGF-1 and IGFBP-3 levels in young but not old. However, the response to  reloading for p-Akt, p-p70s6k and p-GSK3β protein abundance was similar between  muscles from young and old rats, even though main effects for age indicate an  increase in activation of this protein synthesis pathway in the aged. Similarly,  MAFbx mRNA levels in soleus muscle from old rats recovered to the same extent as  in the young, while Murf-1 was unchanged. mRNA abundance of autophagy markers  Atg5 and Atg7 showed an identical response in muscle from old compared to young  rats, but beclin did not. Autophagic flux was not changed at either age at the  measured time point. Apoptosis was elevated in soleus muscle from old rats  particularly with HS, but recovered in HSRE and these changes were not associated  with differences in caspase-3, -8 or -9 activity in any group. Protein abundance  of apoptosis repressor with caspase-recruitment domain (ARC), cytosolic EndoG, as  well as cytosolic and nuclear apoptosis inducing factor (AIF) were lower in  muscle from old rats, and there was no age-related difference in the response to  atrophy or regrowth. Soleus muscles from old rats had a higher number of ED2  positive macrophages in all groups and these decreased with HS, but recovered in  HSRE in the old, while no changes were observed in the young. Pro-inflammatory  cytokines in serum did not show a differential response with age to different  loading conditions. Results indicate that at the measured time point the impaired  skeletal muscle regrowth after atrophy in aged animals is not associated with a  general lack of responsiveness to changes in loading conditions.",2015,Experimental gerontology,2,soleus; hs; soleus muscle; unloading; rats
PGC1-α over-expression prevents metabolic alterations and soleus muscle atrophy in hindlimb unloaded mice.,"Prolonged skeletal muscle inactivity causes muscle fibre atrophy. Redox imbalance has been considered one of the major triggers of skeletal muscle disuse atrophy,  but whether redox imbalance is actually the major cause or simply a consequence  of muscle disuse remains of debate. Here we hypothesized that a metabolic stress  mediated by PGC-1α down-regulation plays a major role in disuse atrophy. First we  studied the adaptations of soleus to mice hindlimb unloading (HU) in the early  phase of disuse (3 and 7 days of HU) with and without antioxidant treatment  (trolox). HU caused a reduction in cross-sectional area, redox status alteration  (NRF2, SOD1 and catalase up-regulation), and induction of the ubiquitin  proteasome system (MuRF-1 and atrogin-1 mRNA up-regulation) and autophagy  (Beclin1 and p62 mRNA up-regulation). Trolox completely prevented the induction  of NRF2, SOD1 and catalase mRNAs, but not atrophy or induction of catabolic  systems in unloaded muscles, suggesting that oxidative stress is not a major  cause of disuse atrophy. HU mice showed a marked alteration of oxidative  metabolism. PGC-1α and mitochondrial complexes were down-regulated and DRP1 was  up-regulated. To define the link between mitochondrial dysfunction and disuse  muscle atrophy we unloaded mice overexpressing PGC-1α. Transgenic PGC-1α animals  did not show metabolic alteration during unloading, preserving muscle size  through the reduction of autophagy and proteasome degradation. Our results  indicate that mitochondrial dysfunction plays a major role in disuse atrophy and  that compounds inducing PGC-1α expression could be useful to treat/prevent muscle  atrophy.",2014,The Journal of physiology,3,mitochondrial; ros; pgc1α; disuse; mitophagy
Aging affects the transcriptional regulation of human skeletal muscle disuse atrophy.,"Important insights concerning the molecular basis of skeletal muscle disuse-atrophy and aging related muscle loss have been obtained in cell culture  and animal models, but these regulatory signaling pathways have not previously  been studied in aging human muscle. In the present study, muscle atrophy was  induced by immobilization in healthy old and young individuals to study the  time-course and transcriptional factors underlying human skeletal muscle atrophy.  The results reveal that irrespectively of age, mRNA expression levels of MuRF-1  and Atrogin-1 increased in the very initial phase (2-4 days) of human  disuse-muscle atrophy along with a marked reduction in PGC-1α and PGC-1β (1-4  days) and a ~10% decrease in myofiber size (4 days). Further, an age-specific  decrease in Akt and S6 phosphorylation was observed in young muscle within the  first days (1-4 days) of immobilization. In contrast, Akt phosphorylation was  unchanged in old muscle after 2 days and increased after 4 days of  immobilization. Further, an age-specific down-regulation of MuRF-1 and Atrogin-1  expression levels was observed following 2 weeks of immobilization, along with a  slowing atrophy response in aged skeletal muscle. Neither the immediate loss of  muscle mass, nor the subsequent age-differentiated signaling responses could be  explained by changes in inflammatory mediators, apoptosis markers or autophagy  indicators. Collectively, these findings indicate that the time-course and  regulation of human skeletal muscle atrophy is age dependent, leading to an  attenuated loss in aging skeletal muscle when exposed to longer periods of  immobility-induced disuse.",2012,PloS one,8,group; immobilization; expression; protein; cast
NF-κB but not FoxO sites in the MuRF1 promoter are required for transcriptional activation in disuse muscle atrophy.,"The muscle-specific ring finger protein 1 (MuRF1) gene is required for most types of skeletal muscle atrophy yet we have little understanding of its  transcriptional regulation. The purpose of this study is to identify whether  NF-κB and/or FoxO response elements in the MuRF1 promoter are required for MuRF1  gene activation during skeletal muscle atrophy due to the removal of hindlimb  weight bearing (""unloading""). Both NF-κB -dependent and FoxO-dependent luciferase  reporter activities were significantly increased at 5 days of unloading. Using a  4.4-kb MuRF1 promoter reporter construct, a fourfold increase in reporter (i.e.,  luciferase) activity was found in rat soleus muscles after 5 days of hindlimb  unloading. This activation was abolished by mutagenesis of either of the two  distal putative NF-κB sites or all three putative NF-κB sites but not by  mutagenesis of all four putative FoxO sites. This work provides the first direct  evidence that NF-κB sites, but not FoxO sites, are required for MuRF1 promoter  activation in muscle disuse atrophy in vivo.",2014,American journal of physiology. Cell physiology,1,hu; expression; unloading; skeletal; skeletal muscle
"Hindlimb Immobilization, But Not Castration, Induces Reduction of Undercarboxylated Osteocalcin Associated With Muscle Atrophy in Rats.","Undercarboxylated osteocalcin (ucOC) has been implicated in skeletal muscle insulin sensitivity and function. However, whether muscle mass and strength loss  in atrophic conditions is related to a reduction in ucOC is not clear. We  hypothesized that both immobilization and testosterone depletion would lead to  reductions in ucOC, associated with not only the degree of muscle atrophy but  also changes to atrophy signaling pathway(s) in male rats. We subjected  8-week-old male Fischer (F344) rats to 7 days of hindlimb immobilization 10 days  after castration surgery. Hindlimb immobilization, but not castration, resulted  in a significant reduction in ucOC (30%) and lower ucOC was correlated with the  degree of muscle loss and muscle weakness. ucOC levels, the expression of  ucOC-sensitive receptor G protein-coupled receptor, class C, group 6, member A  (GPRC6A), as well as the activity of extracellular signal-regulated kinase (ERK)  and 5' adenosine monophosphate-activated protein kinase (AMPK) were associated  with the expression and activity of a number of proteins in the mammalian target  of rapamycin complex 1 (mTORC1) and Forkhead Box O (FOXO) signaling pathways in a  muscle type-specific manner. These data suggest that ucOC may have other effects  on skeletal muscle in addition to its insulin sensitizing effect. © 2016 American  Society for Bone and Mineral Research.",2016,Journal of bone and mineral research : the official journal of the American Society for Bone and Mineral Research,9,mice; muscle atrophy; protein; immobilization; mass
Anesthesia with Disuse Leads to Autophagy Up-regulation in the Skeletal Muscle.,"BACKGROUND: It has been known that skeletal muscles show atrophic changes after prolonged sedation or general anesthesia. Whether these effects are due to  anesthesia itself or disuse during anesthesia has not been fully clarified.  Autophagy dysregulation has been implicated in muscle-wasting conditions. This  study tested the hypothesis that the magnitude of skeletal muscle autophagy is  affected by both anesthesia and immobility. METHODS: The extent of autophagy was  analyzed chronologically during general anesthesia. In vivo microscopy was  performed using green fluorescent protein-tagged LC3 for the detection of  autophagy using sternomastoid muscles of live mice during pentobarbital  anesthesia (n = 6 and 7). Western blotting and histological analyses were also  conducted on tibialis anterior muscles (n = 3 to 5). To distinguish the effect of  anesthesia from that due to disuse, autophagy was compared between animals  anesthetized with pentobarbital and those immobilized by short-term denervation  without continuation of anesthesia. Conversely, tibialis anterior and  sternomastoid muscles were electrically stimulated during anesthesia. RESULTS:  Western blots and microscopy showed time-dependent autophagy up-regulation during  pentobarbital anesthesia, peaking at 3 h (728.6 ± 93.5% of basal level, mean ±  SE). Disuse by denervation without sustaining anesthesia did not lead to  equivalent autophagy, suggesting that anesthesia is essential to cause autophagy.  In contrast, contractile stimulation of the tibialis anterior and sternomastoid  muscles significantly reduced the autophagy up-regulation during anesthesia (85%  at 300 min). Ketamine, ketamine plus xylazine, isoflurane, and propofol also  up-regulated autophagy. CONCLUSIONS: Short-term disuse without anesthesia does  not lead to autophagy, but anesthesia with disuse leads to marked up-regulation  of autophagy.",2015,Anesthesiology,0,recovery; reloading; mass; muscle mass; mice
Mechano-signalling pathways in an experimental intensive critical illness myopathy model.,"KEY POINTS: Using an experimental rat intensive care unit (ICU) model, not limited by early mortality, we have previously shown that passive mechanical  loading attenuates the loss of muscle mass and force-generation capacity  associated with the ICU intervention. Mitochondrial dynamics have recently been  shown to play a more important role in muscle atrophy than previously recognized.  In this study we demonstrate that mitochondrial dynamics, as well as mitophagy,  is affected by mechanosensing at the transcriptional level, and muscle changes  induced by unloading are counteracted by passive mechanical loading. The recently  discovered ubiquitin ligases Fbxo31 and SMART are induced by mechanical  silencing, an induction that similarly is prevented by passive mechanical  loading. ABSTRACT: The complete loss of mechanical stimuli of skeletal muscles,  i.e. loss of external strain related to weight bearing and internal strain  related to activation of contractile proteins, in mechanically ventilated, deeply  sedated and/or pharmacologically paralysed intensive care unit (ICU) patients is  an important factor triggering the critical illness myopathy (CIM). Using a  unique experimental ICU rat model, mimicking basic ICU conditions, we have  recently shown that mechanical silencing is a dominant factor triggering the  preferential loss of myosin, muscle atrophy and decreased specific force in fast-  and slow-twitch muscles and muscle fibres. The aim of this study is to gain  improved understanding of the gene signature and molecular pathways regulating  the process of mechanical activation of skeletal muscle that are affected by the  ICU condition. We have focused on pathways controlling myofibrillar protein  synthesis and degradation, mitochondrial homeostasis and apoptosis. We  demonstrate that genes regulating mitochondrial dynamics, as well as mitophagy  are induced by mechanical silencing and that these effects are counteracted by  passive mechanical loading. In addition, the recently identified ubiquitin  ligases Fbxo31 and SMART are induced by mechanical silencing, an induction that  is reversed by passive mechanical loading. Thus, mechano-cell signalling events  are identified which may play an important role for the improved clinical  outcomes reported in response to the early mobilization and physical therapy in  immobilized ICU patients.",2016,The Journal of physiology,0,recovery; reloading; mass; muscle mass; mice
Protective Effect of Angiotensin 1-7 on Sarcopenia Induced by Chronic Liver Disease in Mice.,"Sarcopenia associated with chronic liver disease (CLD) is one of the more common extrahepatic features in patients with these pathologies. Among the cellular  alterations observed in the muscle tissue under CLD is the decline in the muscle  strength and function, as well as the increased fatigue. Morphological changes,  such as a decrease in the fiber diameter and transition in the fiber type, are  also reported. At the molecular level, sarcopenia for CLD is characterized by: i)  a decrease in the sarcomeric protein, such as myosin heavy chain (MHC); ii) an  increase in the ubiquitin-proteasome system markers, such as atrogin-1/MAFbx1 and  MuRF-1/TRIM63; iii) an increase in autophagy markers, such as LC3II/LC3I ratio.  Among the regulators of muscle mass is the renin-angiotensin system (RAS). The  non-classical axis of RAS includes the Angiotensin 1-7 [Ang-(1-7)] peptide and  its receptor Mas, which in skeletal muscle has anti-atrophic effect in models of  muscle wasting induced by immobilization, lipopolysaccharide, myostatin or  angiotensin II. In this paper, we evaluated the effect of Ang-(1-7) on the  sarcopenia by CLD in a murine model induced by the  5-diethoxycarbonyl-1,4-dihydrocollidine (DDC) hepatotoxin administered through  diet. Our results show that Ang-(1-7) administration prevented the decline of the  function and strength of muscle and increased the fatigue detected in the DDC-fed  mice. Besides, we observed that the decreased fiber diameter and MHC levels, as  well as the transition of fiber types, were all abolished by Ang-(1-7) in mice  fed with DDC. Finally, Ang-(1-7) can decrease the atrogin-1 and MuRF-1 expression  as well as the autophagy marker in mice treated with DDC. Together, our data  support the protective role of Ang-(1-7) on the sarcopenia by CLD in mice.",2020,International journal of molecular sciences,9,mice; muscle atrophy; protein; immobilization; mass
A deep analysis of the proteomic and phosphoproteomic alterations that occur in skeletal muscle after the onset of immobilization.,"KEY POINTS: A decrease in protein synthesis plays a major role in the loss of muscle mass that occurs in response to immobilization. In mice, immobilization  leads to a rapid (within 6 h) and progressive decrease in the rate of protein  synthesis and this effect is mediated by a decrease in translational efficiency.  Deep proteomic and phosphoproteomic analyses of mouse skeletal muscles revealed  that the rapid immobilization-induced decrease in protein synthesis cannot be  explained by changes in the abundance or phosphorylation state of proteins that  have been implicated in the regulation of translation. ABSTRACT: The disuse of  skeletal muscle, such as that which occurs during immobilization, can lead to the  rapid loss of muscle mass, and a decrease in the rate of protein synthesis plays  a major role in this process. Indeed, current dogma contends that the decrease in  protein synthesis is mediated by changes in the activity of protein kinases (e.g.  mTOR); however, the validity of this model has not been established. Therefore,  to address this, we first subjected mice to 6, 24 or 72 h of unilateral  immobilization and then used the SUnSET technique to measure changes in the  relative rate of protein synthesis. The result of our initial experiments  revealed that immobilization leads to a rapid (within 6 h) and progressive  decrease in the rate of protein synthesis and that this effect is mediated by a  decrease in translational efficiency. We then performed a deep mass  spectrometry-based analysis to determine whether this effect could be explained  by changes in the expression and/or phosphorylation state of proteins that  regulate translation. From this analysis, we were able to quantify 4320 proteins  and 15,020 unique phosphorylation sites, and surprisingly, the outcomes revealed  that the rapid immobilization-induced decrease in protein synthesis could not be  explained by changes in either the abundance, or phosphorylation state, of  proteins. The results of our work not only challenge the current dogma in the  field, but also provide an expansive resource of information for future studies  that are aimed at defining how disuse leads to loss of muscle mass.",2021,The Journal of physiology,9,mice; muscle atrophy; protein; immobilization; mass
Skeletal muscle myosin heavy chain protein fragmentation as a potential marker of protein degradation in response to resistance training and disuse atrophy.,"We sought to examine how resistance exercise (RE), cycling exercise, and disuse atrophy affect myosin heavy chain (MyHC) protein fragmentation in humans. In the  first study (1boutRE), younger adult men (n=8; 5±2 years of RE experience)  performed a lower body RE bout with vastus lateralis (VL) biopsies obtained  immediately before, 3-, and 6-hours post-exercise. In the second study  (10weekRT), VL biopsies were obtained in untrained younger adults (n=36, 18 men  and 18 women) before and 24 hours (24h) after their first/naïve RE bout. These  participants also engaged in 10 weeks (24 sessions) of resistance training and  donated VL biopsies before and 24h after their last RE bout. VL biopsies were  also examined from a third acute cycling study (n=7) and a fourth study involving  two weeks of leg immobilization (n=20, 15 men and 5 women) to determine how MyHC  fragmentation was affected. In the 1boutRE study, the fragmentation of all MyHC  isoforms (MyHC(Total)) increased 3 hours post-RE (~ +200%, p=0.018) and returned  to pre-exercise levels by 6 hours post-RE. Immunoprecipitation of MyHC(Total)  revealed ubiquitination levels remained unaffected at the 3- and 6-hour post-RE  time points. Interestingly, a greater increase in magnitude for MyHC type IIa  versus I isoform fragmentation occurred 3-hours post-RE (8.6±6.3-fold versus  2.1±0.7-fold, p=0.018). In all 10weekRT participants, the first/naïve and last RE  bouts increased MyHC(Total) fragmentation 24h post-RE (+65% and +36%,  respectively; p<0.001); however, the last RE bout response was attenuated  compared to the first bout (p=0.045). The first/naïve bout response was  significantly elevated in females only (p<0.001), albeit females also  demonstrated a last bout attenuation response (p=0.002). Although an acute  cycling bout did not alter MyHC(Total) fragmentation, ~8% VL atrophy with two  weeks of leg immobilization led to robust MyHC(Total) fragmentation (+108%,  p<0.001), and no sex-based differences were observed. In summary, RE and disuse  atrophy increase MyHC protein fragmentation. A dampened response with 10 weeks of  resistance training, and more refined responses in well-trained men, suggest this  is an adaptive process. Given the null polyubiquitination IP findings, more  research is needed to determine how MyHC fragments are processed. Moreover,  further research is needed to determine how aging and disease-associated muscle  atrophy affect these outcomes, and whether MyHC fragmentation is a viable  surrogate for muscle protein turnover rates.",2024,,8,group; immobilization; expression; protein; cast
Synergetic effect of soluble whey protein hydrolysate and Panax ginseng berry extract on muscle atrophy in hindlimb-immobilized C57BL/6 mice.,"BACKGROUND: Sarcopenia, defined as loss of muscle mass and strength with age, becomes a public health concern as the elderly population increases. This study  aimed to determine whether the mixture of soluble whey protein hydrolysate (WPH)  and Panax ginseng berry extract (GBE) has a synergetic effect on sarcopenia and,  if so, to identify the relevant mechanisms and optimal mixing ratio. METHODS: In  the first experiment, C57BL/6 mice were hindlimb immobilized for one-week and  then administered WPH 800 mg/kg, GBE 100 mg/kg, WPH 800 mg/kg+ GBE 100 mg/kg  mixture, and Fructus Schisandrae extract (SFE) 200 mg/kg for two weeks. In the  second experiment, experimental design was same, but mice were administered three  different doses of WPH and GBE mixture (WPH 800 mg/kg+ GBE 100 mg/kg, WPH 800  mg/kg+ GBE 90 mg/kg, WPH 1000 mg/kg+ GBE 75 mg/kg). RESULTS: In the first  experiment, we confirmed the synergetic effect of WPH and GBE on muscle mass and  identified that GBE was more effective on the protein synthesis side, and WPH  tended to be slightly more effective for protein degradation. In the second  experiment, among three different ratios, the WPH 800 mg/kg+ GBE 100 mg/kg was  most effective for muscle mass and strength. The mixtures activated muscle  protein synthesis via PI3K/Akt/mTORc1 pathway and inhibited muscle protein  degradation via suppressing ubiquitin-proteasome system (UPS) and  autophagy-lysosome system (ALS), and these effects were more GBE dose-dependent  than WPH. CONCLUSION: The WPH and GBE mixture having a synergetic effect is a  potential agent to prevent sarcopenia.",2022,Journal of ginseng research,9,mice; muscle atrophy; protein; immobilization; mass
"Illusory movements for immobile patients with extensive burns (IMMOBILE): A randomized, controlled, cross-over trial.","INTRODUCTION: Patients who have sustained extensive burns frequently exhibit substantial damage to skeletal muscle and associated complications. The  rehabilitation of these patients can be challenging due to the nature of the  injury and the subsequent complications. Nevertheless, there is a possibility  that functional proprioceptive stimulation (illusory movements) may facilitate  effective rehabilitation in patients with limited physiotherapy options.  Nevertheless, this approach has yet to be tested in patients with burn injuries.  MATERIAL AND METHODOLOGY: A prospective, randomised, crossover trial was  conducted at a burn centre in a tertiary teaching hospital. The objective was to  assess the effects of illusory movements on energy metabolism, insulin  sensitivity, and skeletal muscle biology in adult critically ill patients with  deep burns covering 30 % or more of the total body surface area. Two 30-minute  daily sessions of functional proprioceptive stimulation were administered in  addition to the standard physical therapy or physical activity regimen.  Subsequently, the patients proceeded to the next stage of the trial, which  involved a two-week crossover period. MEASUREMENTS AND MAIN RESULTS: Daily  indirect calorimetry and calculation of nitrogen balance. Skeletal muscle  biopsies from vastus lateralis for high resolution respirometry and euglycemic  clamps to assess whole body glucose disposal were performed three times: at  baseline and then fortnightly after each intervention period. The intervention  was feasible and well tolerated in both early and late stages of burn disease. It  did not change energy expenditure (mean change -33 [95 % CI: -292;+227] kcal  .24 h(-1), p = 0.79), nitrogen balance (+2.0 [95 % CI: -3.1;+7.1] g N .1.73 m(-2)  BSA .24 h(-1)), or insulin sensitivity (mean change of insulin-mediated glucose  disposal -0.33 [95 % CI: -1.18;+0.53] mmol.h(-1)). At the cellular level, the  intervention increased the capacity of mitochondria to synthesize ATP by aerobic  phosphorylation and tended to increase mitochondrial coupling. Functional  capacities of fatty acid oxidation and electron transfer chain complexes I, II,  and IV were unaffected. CONCLUSIONS: Compared to physical therapy alone, two  daily sessions of functional proprioceptive stimulation in addition to usual  physical therapy in patients with extensive burns did not change energy  expenditure, insulin sensitivity, nitrogen balance, or energy substrate  oxidation. At cellular level, the intervention improved the capacity of aerobic  phosphorylation in skeletal muscle mitochondria. Clinical effects remain to be  demonstrated in adequately powered trials.",2024,Burns : journal of the International Society for Burn Injuries,0,recovery; reloading; mass; muscle mass; mice
Testosterone/androgen receptor antagonizes immobility-induced muscle atrophy through Inhibition of myostatin transcription and inflammation in mice.,"Sarcopenia is caused by excessive muscle protein degradation owing to various factors, including disuse. Although testosterone supplementation is an effective  treatment, the underlying molecular mechanisms, particularly the role of the  androgen receptor (AR), remain unclear. In this study, we examined the preventive  actions of testosterone/AR against muscle atrophy in a murine model of  immobilization-induced muscle atrophy. The bilateral hindlimbs of 8-week-old male  C57BL/6J mice were immobilized using a wire. Testosterone deficiency and  supplementation (50 µg/mL) were conducted by castration and intraperitoneal  injection (twice a week for a month), respectively. The results showed a  remarkable decline in muscle mass and strength after wire-induced immobilization  for 14 days. The expression of muscle atrophic factors (Atrogin1 and MuRF1) and  inflammatory factors (F4/80 and interleukin-6 (IL-6)) significantly increased  (p < 0.001). Notably, muscular AR expression significantly decreased, whereas  myostatin and CCAAT/enhancer-binding protein delta (C/EBPδ), a transcriptional  activator of myostatin, were significantly elevated (p < 0.05). After castration,  AR expression further decreased, and muscular changes with wire-induced  immobilization deteriorated. These exacerbations were completely ameliorated by  testosterone supplementation and AR upregulation. Our study provides important  therapeutic insights into testosterone/AR in muscular atrophy caused by  immobilization and shows that muscular AR in a testosterone-dependent manner  regulates C/EBPδ/myostatin and inflammation.",2025,Scientific reports,9,mice; muscle atrophy; protein; immobilization; mass
A time course for markers of protein synthesis and degradation with hindlimb unloading and the accompanying anabolic resistance to refeeding.,"Skeletal muscle atrophy is associated with disease, aging, and disuse. Hindlimb unloading (HU) in animals provides an experimental model to study muscle atrophy.  A comprehensive time course for how HU affects biomarkers of protein synthesis  and degradation acutely and chronically and the associated resistance to an  anabolic stimulus following disuse remain undocumented. Sixteen-week-old C57BL/6  mice underwent 0, 1, 12, 24, 72, 168, or 336 h of HU. Following 336 h of HU, mice  were reloaded for 1, 24, or 72 h. Another group of mice underwent 120 h of HU,  were fasted or refed, and were then compared with similar condition control  animals (CTL). Protein content and phosphorylation of biomarkers of protein  synthesis, degradation, and autophagy were assessed in the soleus muscle.  Gastrocnemius, soleus, and plantaris muscles atrophied within 120 h of HU.  Protein synthesis trended toward decrease following 24 h of HU. p70S6K  phosphorylation and protein synthesis increased with reloading. Following HU,  changes in MAFbx and DEPTOR expression and DEPTOR phosphorylation were consistent  with development of a catabolic state. DEPTOR expression recovered following  reloading. Animals that underwent 120 h of HU exhibited attenuation of  refeeding-induced p70S6K phosphorylation compared with CTL counterparts.  Following 120 h of HU, protein synthesis, eukaryotic translation initiation  factor 4E-binding protein 1 (4E-BP1) phosphorylation, and DEPTOR, MAFbx, and  Sestrin1 expression indicated a catabolic state. Following 120 h of HU, autophagy  markers, including p62 expression, REDD1 expression, LC3 ratio, and Unc-51-like  autophagy-activating kinase 1 (ULK1) phosphorylation, indicated impaired  autophagy. HU promotes a deleterious balance between protein synthesis and  degradation. The time course herein provides scientists information about when  the associated biomarkers become affected.NEW & NOTEWORTHY Hindlimb unloading  causes significant skeletal muscle atrophy by adversely affecting the balance  between protein synthesis and breakdown. This study demonstrates a more complete  time course for changes in biomarkers associated with protein synthesis and  breakdown and investigates the associated anabolic resistance to an anabolic  stimulus following hindlimb unloading. These data in concert with information  from other studies provide a basis for designing future experiments to optimally  interrogate a desired cellular biomarker or pathway.",2020,"Journal of applied physiology (Bethesda, Md. : 1985)",1,hu; expression; unloading; skeletal; skeletal muscle
Short-term creatine supplementation changes protein metabolism signaling in hindlimb suspension.,"The effect of a short-term creatine supplementation on hindlimb suspension (HS)-induced muscle atrophy was investigated. Creatine monohydrate (5 g/kg b.w.  per day) or placebo, divided in 2 daily doses, was given by oral gavage for 5  days. Rats were maintained in HS with dietary supplementation concomitantly for 5  days. Body weight, soleus and EDL muscle masses, and cross-sectional areas (CSA)  of the muscle fibers were measured. Signaling pathways associated with skeletal  muscle mass regulation (FST, MSTN, FAK, IGF-1, MGF, Akt, mTOR, atrogin-1, and  MuRF1 expressions, and Akt, S6, GSK3B, and 4EBP1 proteins) were evaluated in the  muscles. Soleus muscle exhibited more atrophy than the EDL muscle due to HS.  Creatine supplementation attenuated the decrease of wet weight and increased  p-4EBP1 protein in the EDL muscle of HS rats. Also, creatine increased mTOR and  atrogin-1 expressions in the same muscle and condition. In the absence of HS,  creatine supplementation increased FAK and decreased MGF expressions in the EDL  muscle. Creatine attenuated the increase in FST expression due to HS in the  soleus muscle. MuRF1 expression increased in the soleus muscle due to creatine  supplementation in HS animals whereas atrogin-1 expression increased still  further in this group compared with untreated HS rats. In conclusion, short-term  creatine supplementation changed protein metabolism signaling in soleus and EDL  muscles. However, creatine supplementation only slightly attenuated the mass loss  of both muscles and did not prevent the CSA reduction and muscle strength  decrease induced by HS for 5 days.",2019,Brazilian journal of medical and biological research = Revista brasileira de pesquisas medicas e biologicas,2,soleus; hs; soleus muscle; unloading; rats
Muscle wasting: an overview of recent developments in basic research.,"The syndrome of cachexia, i.e., involuntary weight loss in patients with underlying diseases, sarcopenia, i.e., loss of muscle mass due to aging, and  general muscle atrophy from disuse and/or prolonged bed rest have received more  attention over the last decades. All lead to a higher morbidity and mortality in  patients, and therefore, they represent a major socio-economic burden for the  society today. This mini-review looks at recent developments in basic research  that are relevant to the loss of skeletal muscle. It aims to cover the most  significant publication of last 3 years on the causes and effects of muscle  wasting, new targets for therapy development, and potential biomarkers for  assessing skeletal muscle mass. The targets include the following: (1) E-3  ligases TRIM32, SOCS1, and SOCS3 by involving the elongin BC ubiquitin-ligase,  Cbl-b, culling 7, Fbxo40, MG53 (TRIM72), and the mitochondrial Mul1; (2) the  kinase MST1; and (3) the G-protein Gαi2. D(3)-creatine has the potential to be  used as a novel biomarker that allows to monitor actual change in skeletal muscle  mass over time. In conclusion, significant development efforts are being made by  academic groups as well as numerous pharmaceutical companies to identify new  target and biomarker muscles, as muscle wasting represents a great medical need,  but no therapies have been approved in the last decades.",2014,"Journal of cachexia, sarcopenia and muscle",4,wasting; muscle wasting; sarcopenia; loss; understanding
Shikimic acid ameliorates immobilization-induced muscle atrophy through regulation of inflammation and muscle protein homeostasis.,"Immobilization induces skeletal muscle atrophy by disrupting muscle protein homeostasis, leading to progressive loss of muscle mass and function. Shikimic  acid (SA), a plant-derived organic acid with anti-inflammatory and antioxidant  properties, has not been previously evaluated in immobilization-associated muscle  atrophy. This study aimed to determine whether SA attenuates skeletal muscle  atrophy by regulating inflammation and muscle protein turnover using cellular and  animal models. In tumor necrosis factor α (TNFα)-induced L6 myotubes, SA  significantly suppressed inflammatory cytokine expression through inhibition of  nuclear factor-κB) (NF-κB) signaling and attenuated forkhead box O3a  (FoxO3a)-dependent protein degradation, while restoring protein kinase B  (Akt)/mechanistic target of rapamycin (mTOR)-dependent anabolic signaling to  promote myogenic differentiation and protein synthesis. In an  immobilization-induced muscle atrophy model in mice, SA administration prevented  declines in grip strength and exercise capacity and preserved skeletal muscle  mass and myofiber cross-sectional area. At the molecular level, SA alleviated  inflammatory responses and restored the balance between protein synthesis and  degradation in the tibialis anterior muscle. Furthermore, molecular docking  analysis revealed that SA interacts with the activation pocket of  phosphoinositide 3-kinase (PI3K), providing structural insight into the mechanism  of anabolic signaling reactivation. Collectively, these findings demonstrate that  SA mitigates immobilization-induced skeletal muscle atrophy by suppressing  NF-κB-mediated inflammatory signaling and restoring muscle protein turnover  through reactivation of the PI3K/Akt/mTOR signaling pathway, highlighting its  potential as a functional compound for preventing disuse-induced muscle loss.",2026,The Journal of nutritional biochemistry,9,mice; muscle atrophy; protein; immobilization; mass
"Age-related differences in lean mass, protein synthesis and skeletal muscle markers of proteolysis after bed rest and exercise rehabilitation.","Bed rest-induced muscle loss and impaired muscle recovery may contribute to age-related sarcopenia. It is unknown if there are age-related differences in  muscle mass and muscle anabolic and catabolic responses to bed rest. A secondary  objective was to determine if rehabilitation could reverse bed rest responses.  Nine older and fourteen young adults participated in a 5-day bed rest challenge  (BED REST). This was followed by 8 weeks of high intensity resistance exercise  (REHAB). Leg lean mass (via dual-energy X-ray absorptiometry; DXA) and strength  were determined. Muscle biopsies were collected during a constant stable isotope  infusion in the postabsorptive state and after essential amino acid (EAA)  ingestion on three occasions: before (PRE), after bed rest and after  rehabilitation. Samples were assessed for protein synthesis, mTORC1 signalling,  REDD1/2 expression and molecular markers related to muscle proteolysis (MURF1,  MAFBX, AMPKα, LC3II/I, Beclin1). We found that leg lean mass and strength  decreased in older but not younger adults after bedrest (P < 0.05) and was  restored after rehabilitation. EAA-induced mTORC1 signalling and protein  synthesis increased before bed rest in both age groups (P < 0.05). Although both  groups had blunted mTORC1 signalling, increased REDD2 and MURF1 mRNA after  bedrest, only older adults had reduced EAA-induced protein synthesis rates and  increased MAFBX mRNA, p-AMPKα and the LC3II/I ratio (P < 0.05). We conclude that  older adults are more susceptible than young persons to muscle loss after  short-term bed rest. This may be partially explained by a combined suppression of  protein synthesis and a marginal increase in proteolytic markers. Finally,  rehabilitation restored bed rest-induced deficits in lean mass and strength in  older adults.",2015,The Journal of physiology,5,older; bed; hmb; bed rest; rest
Illicium verum extract attenuates immobilization-induced muscle atrophy by modulating inflammatory and anabolic pathways.,"ETHNOPHARMACOLOGICAL RELEVANCE: Illicium verum Hook. f. (star anise) is traditionally used in Chinese medicine to warm the interior and regulate qi flow  to treat functional imbalances. While implying a role in restoring homeostasis,  its therapeutic potential against skeletal muscle atrophy, characterized by  metabolic and inflammatory disruption, remains scientifically unverified. AIM OF  THE STUDY: This study investigated the therapeutic effects of I. verum hot water  extract (IVW) against muscle atrophy using tumor necrosis factor-α  (TNF-α)-stimulated myotubes and an immobilization-induced mouse model. MATERIALS  AND METHODS: IVW, chemically characterized with shikimic acid as a marker, was  evaluated in TNF-α-stimulated L6 myotubes and C57BL/6J mice subjected to 7-day  hindlimb immobilization followed by oral administration. Muscle mass, function,  and key signaling pathways governing protein synthesis and degradation were  analyzed. RESULTS: IVW treatment significantly preserved muscle mass, myofiber  cross-sectional area, grip strength, and exercise endurance in immobilized mice.  Mechanistically, IVW reactivated anabolic signaling mediated by phosphoinositide  3-kinase (PI3K)/protein kinase B (Akt)/mammalian target of rapamycin (mTOR),  while suppressing inflammation driven by nuclear factor-κB (NF-κB) and  ubiquitin-proteasome degradation dependent on forkhead box O3a (FoxO3a) in both  models. CONCLUSIONS: IVW mitigates immobilization-induced atrophy, associated  with the dual regulation of anabolic and catabolic pathways. These findings  provide a modern pharmacological basis for the traditional use of I. verum in  treating functional imbalances, highlighting its potential as a candidate for  managing disuse-induced muscle wasting.",2026,Journal of ethnopharmacology,9,mice; muscle atrophy; protein; immobilization; mass
Astaxanthin Prevents Atrophy in Slow Muscle Fibers by Inhibiting Mitochondrial Reactive Oxygen Species via a Mitochondria-Mediated Apoptosis Pathway.,"Astaxanthin (AX) is a carotenoid that exerts potent antioxidant activity and acts in the lipid bilayer. This study aimed to investigate the effects of AX on  muscle-atrophy-mediated disturbance of mitochondria, which have a lipid bilayer.  Tail suspension was used to establish a muscle-atrophied mouse model. AX diet fed  to tail-suspension mice prevented loss of muscle weight, inhibited the decrease  of myofiber size, and restrained the increase of hydrogen peroxide (H(2)O(2))  production in the soleus muscle. Additionally, AX improved downregulation of  mitochondrial respiratory chain complexes I and III in the soleus muscle after  tail suspension. Meanwhile, AX promoted mitochondrial biogenesis by upregulating  the expressions of adenosine 5'-monophosphate-activated protein kinase (AMPK)  α-1, peroxisome proliferator-activated receptor (PPAR)-γ, and creatine kinase in  mitochondrial (Ckmt) 2 in the soleus muscle of tail-suspension mice. To confirm  the AX phenotype in the soleus muscle, we examined its effects on mitochondria  using Sol8 myotubes derived from the soleus muscle. We found that AX was  preferentially detected in the mitochondrial fraction; it significantly  suppressed mitochondrial reactive oxygen species (ROS) production in Sol8  myotubes. Moreover, AX inhibited the activation of caspase 3 via inhibiting the  release of cytochrome c into the cytosol in antimycin A-treated Sol8 myotubes.  These results suggested that AX protected the functional stability of  mitochondria, alleviated mitochondrial oxidative stress and mitochondria-mediated  apoptosis, and thus, prevented muscle atrophy.",2021,Nutrients,3,mitochondrial; ros; pgc1α; disuse; mitophagy
"Hemin, heme oxygenase-1 inducer, attenuates immobilization-induced skeletal muscle atrophy in mice.","AIMS: The present study examined the effect of the heme oxygenase (HO)-1 inducer hemin on skeletal muscle atrophy induced by single limb immobilization in mice.  MAIN METHODS: Immobilization was conducted in the left hindlimb of C57BL/6 mice  for 1 week and the right hindlimb was used as a control. Hemin (30 mg/kg) was  administered intraperitoneally once a day during the immobilization period.  Gastrocnemius muscles were used for analysis. Muscle weight was measured to  quantify degree of atrophy, and exhaustion treadmill test was performed to assess  muscle function. KEY FINDINGS: Immobilization increased HO-1 protein levels in  skeletal muscle, which was further increased by hemin treatment. Immobilization  induced weight loss and a functional reduction in skeletal muscle, which were  attenuated by hemin treatment. Gene expression and protein levels of MuRF1 and  atrogin-1 were increased by immobilization and hemin treatment attenuated the  increment. The phosphorylation of mTOR and p70S6k was decreased by immobilization  in skeletal muscle and hemin had no effect on mTOR and p70S6k phosphorylation.  Gene expression of the antioxidants superoxide dismutase and glutathione  peroxidase 1 in skeletal muscle was reduced by immobilization and hemin treatment  recovered the reduction. Immobilization increased levels of carbonylated protein  and nitrotyrosine in skeletal muscle, which was reversed by hemin treatment. Gene  expression of inflammatory cytokines was increased by immobilization and was  normalized as a result of hemin treatment. SIGNIFICANCE: These results suggest  that hemin attenuates immobilization-induced skeletal muscle atrophy through the  suppression of protein degradation via its anti-oxidant and anti-inflammatory  properties.",2013,Life sciences,9,mice; muscle atrophy; protein; immobilization; mass
Effect of irradiation on Akt signaling in atrophying skeletal muscle.,"Muscle irradiation (IRR) exposure can accompany unloading during spaceflight or cancer treatment, and this has been shown to be sufficient by itself to induce  skeletal muscle signaling associated with a remodeling response. Although protein  kinase B/Akt has an established role in the regulation of muscle growth and  metabolism, there is a limited understanding of how Akt signaling in unloaded  skeletal muscle is affected by IRR. Therefore, we examined the combined effects  of acute IRR and short-term unloading on muscle Akt signaling. Female C57BL/6  mice were subjected to load bearing or hindlimb suspension (HS) for 5 days (n =  6/group). A single, unilateral hindlimb IRR dose (0.5 Gy X-ray) was administered  on day 3 Gastrocnemius muscle protein expression was examined. HS resulted in  decreased Akt(T308) phosphorylation, whereas HS+IRR resulted in increased  Akt(T308) phosphorylation above baseline. HS resulted in reduced Akt(S473)  phosphorylation, which was rescued by HS+IRR. Interestingly, IRR alone resulted  in increased phosphorylation of Akt(S473), but not that of Akt(T308) HS resulted  in decreased mTORC1 signaling, and this suppression was not altered by IRR. Both  IRR and HS resulted in increased MuRF-1 expression, whereas atrogin-1 expression  was not affected by either condition. These results demonstrate that either IRR  alone or when combined with HS can differentially affect Akt phosphorylation, but  IRR did not disrupt suppressed mTORC1 signaling by HS. Collectively, these  findings highlight that a single IRR dose is sufficient to disrupt the regulation  of Akt signaling in atrophying skeletal muscle.",2016,"Journal of applied physiology (Bethesda, Md. : 1985)",2,soleus; hs; soleus muscle; unloading; rats
Oyster Hydrolysates Attenuate Muscle Atrophy via Regulating Protein Turnover and Mitochondria Biogenesis in C2C12 Cell and Immobilized Mice.,"Sarcopenia, also known as skeletal muscle atrophy, is characterized by significant loss of muscle mass and strength. Oyster (Crassostrea gigas)  hydrolysates have anti-cancer, antioxidant, and anti-inflammation properties.  However, the anti-sarcopenic effect of oyster hydrolysates remains  uninvestigated. Therefore, we prepared two different oyster hydrolysates, namely  TGPN and PNY. This study aimed to determine the anti-muscle atrophy efficacy and  molecular mechanisms of TGPN and PNY on both C2C12 cell lines and mice. In vitro,  the TGPN and PNY recovered the dexamethasone-induced reduction in the myotube  diameters. In vivo, TGPN and PNY administration not only improved grip strength  and exercise endurance, but also attenuated the loss of muscle mass and muscle  fiber cross-sectional area. Mechanistically, TGPN and PNY increased the  expression of protein synthesis-related protein levels via phosphoinositide  3-kinase (PI3K)/protein kinase B (Akt)/mammalian target of the rapamycin pathway,  and reduced the expression of protein degradation-related protein levels via the  PI3K/Akt/forkhead box O pathway. Also, TGPN and PNY stimulated NAD-dependent  deacetylase sirtuin-1(SIRT1), peroxisome proliferator-activated receptor gamma  coactivator-1 alpha (PGC-1α), nuclear respiratory factor 1,2, mitochondrial  transcription factor A, along with mitochondrial DNA content via SIRT1/PGC-1α  signaling. These findings suggest oyster hydrolysates could be used as a valuable  natural material that inhibits skeletal muscle atrophy via regulating protein  turnover and mitochondrial biogenesis.",2021,Nutrients,9,mice; muscle atrophy; protein; immobilization; mass
Leucine Supplementation Decreases HDAC4 Expression and Nuclear Localization in Skeletal Muscle Fiber of Rats Submitted to Hindlimb Immobilization.,"In this study we surveyed a rat skeletal muscle RNA-Seq for genes that are induced by hindlimb immobilization and, in turn, become attenuated by leucine  supplementation. This approach, in search of leucine-atrophy protection mediating  genes, identified histone deacetylase 4 (HDAC4) as highly responsive to both  hindlimb immobilization and leucine supplementation. We then examined the impact  of leucine on HDAC4 expression, tissue localization, and target genes. A total of  76 male Wistar rats (~280 g) were submitted to hindlimb immobilization and/or  leucine supplementation for 3, 7 and 12 days. These animals were euthanized, and  soleus muscle was removed for further analysis. RNA-Seq analysis of hindlimb  immobilized rats indicated a sharp induction (log2 = 3.4) of HDAC4 expression  which was attenuated by leucine supplementation (~50%). Real-time PCR and protein  expression analysis by Western blot confirmed increased HDAC4 mRNA after 7 days  of hindlimb immobilization and mitigation of induction by leucine  supplementation. Regarding the HDAC4 localization, the proportion of positive  nuclei was higher in the immobilized group and decreased after leucine  supplementation. Also, we found a marked decrease of myogenin and MAFbx-atrogin-1  mRNA levels upon leucine supplementation, while CAMKII and DACH2 mRNA levels were  increased by leucine supplementation. Our data suggest that HDAC4 inhibition  might be involved in the anti-atrophic effects of leucine.",2020,Cells,8,group; immobilization; expression; protein; cast
Myosin Post-Translational Modifications Associated With Critical Illness Myopathy.,"BACKGROUND: Critical illness myopathy is a common and devastating consequence of critical care, causing dramatic loss of muscle mass and function in intensive  care unit patients. Functional deficits often exceed the loss in muscle mass and  myosin content. However, the mechanisms underlying the loss of force and  emergence of myosin-expressing non-force-generating fibers remain elusive.  METHODS: Myosin dysfunction was investigated in six intensive care unit patients  exposed to a 12-day mechanical ventilation and immobilization period using mass  spectrometry-based proteomics and molecular dynamics simulations. RESULTS:  Previous single muscle fiber analyses revealed decreased fiber size and specific  force from the 1st to the 12th days in all patients. A subset of  myosin-expressing fibers exhibiting a complete loss of contractile function was  identified in three of the patients despite similar atrophy levels (~30%,  p < 0.05) after 12 days. All fibers had decreased specific force after 12 days of  mechanical ventilation, but 9% to 21% of the fibers were non-force generating.  The decline in specific force was linked to 27 post-translational myosin  modifications, including oxidation, ubiquitination, acetylation, and methylation.  Molecular dynamics simulations indicated oxidation-induced rigidity of the myosin  head, predicted to compromise the flexibility of the actin-binding and converter  domains. Non-force-generating fibers exhibited a unique proteomic signature  predicted to enhance myosin motor domain exposure and rigidity. CONCLUSION: In  addition to muscle wasting and myosin loss, abnormal myosin post-translational  modifications contribute to muscle weakness in ICU patients with CIM, including  the development of muscle fibers incapable of generating contractile force.",2026,"Acta physiologica (Oxford, England)",0,recovery; reloading; mass; muscle mass; mice
Anti-Atrophic Effects of Dichotomine B from Stellaria dichotoma During Starvation-Induced Skeletal Muscle Atrophy.,"Muscle atrophy is defined as reductions in muscle size and function and represents a critical concern affecting elderly populations, immobilized  patients, and individuals following specific dietary regimens, such as fasting  and low-protein diets. This study investigated the protective effects of  Stellaria dichotoma root extract and its isolated bioactive compounds during  muscle atrophy using both in vitro and in vivo experimental models. First, S.  dichotoma root extract prevented dexamethasone (DEX)-induced atrophy in C2C12  myotubes. Through systematic solvent partitioning and resin chromatography, five  compounds (1-5) were successfully isolated from the n-butanol fraction.  Dichotomine B (2) was identified as the most abundant and bioactive constituent.  Treatment with dichotomine B significantly preserved the myotube diameter,  enhanced the fusion index, and maintained the myosin heavy chain protein level  while suppressing key atrophic biomarkers, including FoxO3a, MuRF-1, and  Atrogin-1, in DEX-treated myotubes. Furthermore, dichotomine B (2) reduced  proteolysis in serum-free cultured C2C12 myotubes and in mice subjected to 48 h  of fasting, preserving muscle mass and strength. These findings suggest that S.  dichotoma root extract and its principal compound, dichotomine B (2), have  promising therapeutic potential and provide an opportunity to develop novel  pharmacological interventions against muscle wasting through suppression of  proteolysis pathways.",2025,"Molecules (Basel, Switzerland)",7,skeletal; skeletal muscle; muscle atrophy; protein; role
UBR5 is a novel E3 ubiquitin ligase involved in skeletal muscle hypertrophy and recovery from atrophy.,"KEY POINTS: We have recently identified that a HECT domain E3 ubiquitin ligase, named UBR5, is altered epigenetically (via DNA methylation) after human skeletal  muscle hypertrophy, where its gene expression is positively correlated with  increasing lean leg mass after training and retraining. In the present study we  extensively investigate this novel and uncharacterised E3 ubiquitin ligase (UBR5)  in skeletal muscle atrophy, recovery from atrophy and injury, anabolism and  hypertrophy. We demonstrated that UBR5 was epigenetically altered via DNA  methylation during recovery from atrophy. We also determined that UBR5 was  alternatively regulated versus well characterised E3 ligases, MuRF1/MAFbx, at the  gene expression level during atrophy, recovery from atrophy and hypertrophy. UBR5  also increased at the protein level during recovery from atrophy and injury,  hypertrophy and during human muscle cell differentiation. Finally, in humans,  genetic variations of the UBR5 gene were strongly associated with larger  fast-twitch muscle fibres and strength/power performance versus  endurance/untrained phenotypes. ABSTRACT: We aimed to investigate a novel and  uncharacterized E3 ubiquitin ligase in skeletal muscle atrophy, recovery from  atrophy/injury, anabolism and hypertrophy. We demonstrated an alternate gene  expression profile for UBR5 vs. well characterized E3-ligases, MuRF1/MAFbx,  where, after atrophy evoked by continuous-low-frequency electrical-stimulation in  rats, MuRF1/MAFbx were both elevated, yet UBR5 was unchanged. Furthermore, after  recovery of muscle mass post TTX-induced atrophy in rats, UBR5 was hypomethylated  and increased at the gene expression level, whereas a suppression of MuRF1/MAFbx  was observed. At the protein level, we also demonstrated a significant increase  in UBR5 after recovery of muscle mass from hindlimb unloading in both adult and  aged rats, as well as after recovery from atrophy evoked by nerve crush injury in  mice. During anabolism and hypertrophy, UBR5 gene expression increased following  acute loading in three-dimensional bioengineered mouse muscle in vitro, and after  chronic electrical stimulation-induced hypertrophy in rats in vivo, without  increases in MuRF1/MAFbx. Additionally, UBR5 protein abundance increased  following functional overload-induced hypertrophy of the plantaris muscle in mice  and during differentiation of primary human muscle cells. Finally, in humans,  genetic association studies (>700,000 single nucleotide polymorphisms)  demonstrated that the A alleles of rs10505025 and rs4734621 single nucleotide  polymorphisms in the UBR5 gene were strongly associated with larger  cross-sectional area of fast-twitch muscle fibres and favoured strength/power vs.  endurance/untrained phenotypes. Overall, we suggest that: (i) UBR5 comprises a  novel E3 ubiquitin ligase that is inversely regulated to MuRF1/MAFbx; (ii) UBR5  is epigenetically regulated; and (iii) UBR5 is elevated at both the gene  expression and protein level during recovery from skeletal muscle atrophy and  hypertrophy.",2019,The Journal of physiology,7,skeletal; skeletal muscle; muscle atrophy; protein; role
Prevention of muscle disuse atrophy by MG132 proteasome inhibitor.,"INTRODUCTION: Our goal was to determine whether in vivo administration of the proteasome inhibitor MG132 can prevent muscle atrophy caused by hindlimb  unloading (HU). METHODS: Twenty-seven NMRI mice were assigned to a weight-bearing  control, a 6-day HU, or a HU+MG132 (1 mg/kg/48 h) treatment group. RESULTS:  Gastrocnemius wasting was significantly less in HU+MG132 mice (-6.7 ± 2.0%)  compared with HU animals (-12.6 ± 1.1%, P = 0.011). HU was also associated with  an increased expression of MuRF-1 (P = 0.006), MAFbx (P = 0.001), and USP28 (P =  0.027) mRNA, whereas Nedd4, E3α, USP19, and UBP45 mRNA did not change  significantly. Increases in MuRF-1, MAFbx, and USP28 mRNA were largely repressed  after MG132 administration. β5 proteasome activity tended to increase in HU  (+16.7 ± 6.1%, P = 0.086). Neither β1 and β2 proteasome activities nor  ubiquitin-conjugated proteins were changed by HU. CONCLUSIONS: Our results  indicate that in vivo administration of MG132 partially prevents muscle atrophy  associated with disuse and highlight an unexpected regulation of MG132 proteasome  inhibitor on ubiquitin-ligases.",2011,Muscle & nerve,1,hu; expression; unloading; skeletal; skeletal muscle
"RNA-sequencing reveals altered skeletal muscle contraction, E3 ligases, autophagy, apoptosis, and chaperone expression in patients with critical illness  myopathy.","BACKGROUND: Critical illness myopathy (CIM) is associated with severe skeletal muscle wasting and impaired function in intensive care unit (ICU) patients. The  mechanisms underlying CIM remain incompletely understood. To elucidate the  biological activities occurring at the transcriptional level in the skeletal  muscle of ICU patients with CIM, the gene expression profiles, potential upstream  regulators, and enrichment pathways were characterized using RNA  sequencing (RNA-seq). We also compared the skeletal muscle gene signatures in ICU  patients with CIM and genes perturbed by mechanical loading in one leg of the ICU  patients, with an aim of reducing the loss of muscle function. METHODS: RNA-seq  was used to assess gene expression changes in tibialis anterior skeletal muscle  samples from seven critically ill, immobilized, and mechanically ventilated ICU  patients with CIM and matched control subjects. We also examined skeletal muscle  gene expression for both legs of six ICU patients with CIM, where one leg was  mechanically loaded for 10 h/day for an average of 9 days. RESULTS: In total,  6257 of 17,221 detected genes were differentially expressed (84% upregulated;  p < 0.05 and fold change ≥ 1.5) in skeletal muscle from ICU patients with CIM  when compared to control subjects. The differentially expressed genes were highly  associated with gene changes identified in patients with myopathy, sepsis,  long-term inactivity, polymyositis, tumor, and repeat exercise resistance.  Upstream regulator analysis revealed that the CIM signature could be a result of  the activation of MYOD1, p38 MAPK, or treatment with dexamethasone. Passive  mechanical loading only reversed expression of 0.74% of the affected genes (46 of  6257 genes). CONCLUSIONS: RNA-seq analysis revealed that the marked muscle  atrophy and weakness observed in ICU patients with CIM were associated with the  altered expression of genes involved in muscle contraction, newly identified E3  ligases, autophagy and calpain systems, apoptosis, and chaperone expression. In  addition, MYOD1, p38 MAPK, and dexamethasone were identified as potential  upstream regulators of skeletal muscle gene expression in ICU patients with CIM.  Mechanical loading only marginally affected the skeletal muscle transcriptome  profiling of ICU patients diagnosed with CIM.",2019,Skeletal muscle,0,recovery; reloading; mass; muscle mass; mice
"Urolithin B, a newly identified regulator of skeletal muscle mass.","BACKGROUND: The control of muscle size is an essential feature of health. Indeed, skeletal muscle atrophy leads to reduced strength, poor quality of life, and  metabolic disturbances. Consequently, strategies aiming to attenuate muscle  wasting and to promote muscle growth during various (pathological) physiological  states like sarcopenia, immobilization, malnutrition, or cachexia are needed to  address this extensive health issue. In this study, we tested the effects of  urolithin B, an ellagitannin-derived metabolite, on skeletal muscle growth.  METHODS: C2C12 myotubes were treated with 15 μM of urolithin B for 24 h. For in  vivo experiments, mice were implanted with mini-osmotic pumps delivering  continuously 10 μg/day of urolithin B during 28 days. Muscle atrophy was studied  in mice with a sciatic nerve denervation receiving urolithin B by the same way.  RESULTS: Our experiments reveal that urolithin B enhances the growth and  differentiation of C2C12 myotubes by increasing protein synthesis and repressing  the ubiquitin-proteasome pathway. Genetic and pharmacological arguments support  an implication of the androgen receptor. Signalling analyses suggest a crosstalk  between the androgen receptor and the mTORC1 pathway, possibly via AMPK. In vivo  experiments confirm that urolithin B induces muscle hypertrophy in mice and  reduces muscle atrophy after the sciatic nerve section. CONCLUSIONS: This study  highlights the potential usefulness of urolithin B for the treatment of muscle  mass loss associated with various (pathological) physiological states.",2017,"Journal of cachexia, sarcopenia and muscle",7,skeletal; skeletal muscle; muscle atrophy; protein; role
PGC-1α overexpression by in vivo transfection attenuates mitochondrial deterioration of skeletal muscle caused by immobilization.,"Prolonged immobilization (IM) causes skeletal muscle atrophy characterized by mitochondrial deterioration and proteolysis. Muscle remobilization (RM) increases  reactive oxygen species generation, proinflammatory cytokine expression, and  oxidative stress, preventing muscle from quick recovery. Thus, we hypothesized  that overexpression of peroxisome proliferator-activated receptor γ coactivator  1-α (PGC-1α) via in vivo transfection would promote mitochondrial biogenesis and  antioxidant defense, thus ameliorating the aforementioned deteriorations in a  mouse model with 14-d IM followed by 5-d RM. PGC-1α transfection in tibialis  anterior muscle resulted in a 7.2- and 4-fold increase in PGC-1α content in  cytosol and nucleus, respectively. Mitochondrial biogenic (cytochrome c,  mitochondrial transcription factor A), morphologic (mitochondrial density,  mDNA/nDNA ratio), and functional (cytochrome c oxidase activity, ATP synthesis  rate) markers, as well as fiber cross-sectional area, significantly increased in  IM-RM muscle by PGC-1α overexpression. These effects were accompanied by an 18%  decrease in H2O2, 30% decrease in nuclear factor-κB-DNA binding, and 25%  reduction of IL-1β and-6 production in IM-RM muscle. There was a 34% increase in  superoxide dismutase-2 activity, along with a 3.5-fold increase in NAD-dependent  deacetylase sirtuin-3 expression caused by enhanced PGC-1α-estrogen-related  receptor α binding. Our findings highlighted the importance of PGC-1α in  protecting muscle from metabolic and redox disturbances caused by IM.",2015,FASEB journal : official publication of the Federation of American Societies for Experimental Biology,3,mitochondrial; ros; pgc1α; disuse; mitophagy
Melatonin Suppresses Autophagy Induced by Clinostat in Preosteoblast MC3T3-E1 Cells.,"Microgravity exposure can cause cardiovascular and immune disorders, muscle atrophy, osteoporosis, and loss of blood and plasma volume. A clinostat device is  an effective ground-based tool for simulating microgravity. This study  investigated how melatonin suppresses autophagy caused by simulated microgravity  in preosteoblast MC3T3-E1 cells. In preosteoblast MC3T3-E1 cells, clinostat  rotation induced a significant time-dependent increase in the levels of the  autophagosomal marker microtubule-associated protein light chain (LC3),  suggesting that autophagy is induced by clinostat rotation in these cells.  Melatonin treatment (100, 200 nM) significantly attenuated the clinostat-induced  increases in LC3 II protein, and immunofluorescence staining revealed decreased  levels of both LC3 and lysosomal-associated membrane protein 2 (Lamp2),  indicating a decrease in autophagosomes. The levels of phosphorylation of  mammalian target of rapamycin (p-mTOR) (Ser2448), phosphorylation of  extracellular signal-regulated kinase (p-ERK), and phosphorylation of  serine-threonine protein kinase (p-Akt) (Ser473) were significantly reduced by  clinostat rotation. However, their expression levels were significantly recovered  by melatonin treatment. Also, expression of the Bcl-2, truncated Bid, Cu/Zn-  superoxide dismutase (SOD), and Mn-SOD proteins were significantly increased by  melatonin treatment, whereas levels of Bax and catalase were decreased. The  endoplasmic reticulum (ER) stress marker GRP78/BiP, IRE1α, and p-PERK proteins  were significantly reduced by melatonin treatment. Treatment with the competitive  melatonin receptor antagonist luzindole blocked melatonin-induced decreases in  LC3 II levels. These results demonstrate that melatonin suppresses  clinostat-induced autophagy through increasing the phosphorylation of the  ERK/Akt/mTOR proteins. Consequently, melatonin appears to be a potential  therapeutic agent for regulating microgravity-related bone loss or osteoporosis.",2016,International journal of molecular sciences,6,microgravity; space; spaceflight; simulated; mitochondrial
l-Carnitine supplement reduces skeletal muscle atrophy induced by prolonged hindlimb suspension in rats.,"l-Carnitine was recently found to downregulate the ubiquitin proteasome pathway (UPP) and increase insulin-like growth factor 1 concentrations in animal models.  However, the effect of l-carnitine administration on disuse muscle atrophy  induced by hindlimb suspension has not yet been studied. Thus, we hypothesized  that l-carnitine may have a protective effect on muscle atrophy induced by  hindlimb suspension via the Akt1/mTOR and/or UPP. Male Wistar rats were assigned  to 3 groups: hindlimb suspension group, hindlimb suspension with l-carnitine  administration (1250 mg·kg(-1)·day(-1)) group, and pair-fed group adjusted  hindlimb suspension. l-Carnitine administration for 2 weeks of hindlimb  suspension alleviated the decrease in weight and fiber size in the soleus muscle.  In addition, l-carnitine suppressed atrogin-1 mRNA expression, which has been  reported to play a pivotal role in muscle atrophy. The present study shows that  l-carnitine has a protective effect against soleus muscle atrophy caused by  hindlimb suspension and decreased E3 ligase messenger RNA expression, suggesting  the possibility that l-carnitine protects against muscle atrophy, at least in  part, through the inhibition of the UPP. These observations suggest that  l-carnitine could serve as an effective supplement in the decrease of muscle  atrophy caused by weightlessness in the fields of clinical and rehabilitative  research.",2016,"Applied physiology, nutrition, and metabolism = Physiologie appliquee, nutrition et metabolisme",2,soleus; hs; soleus muscle; unloading; rats
Daily heat treatment maintains mitochondrial function and attenuates atrophy in human skeletal muscle subjected to immobilization.,"Skeletal muscle immobilization leads to atrophy, decreased metabolic health, and substantial losses in function. Animal models suggest that heat stress can  provide protection against atrophy in skeletal muscle. This study investigated  the effects of daily heat therapy on human skeletal muscle subjected to 10 days  of immobilization. Muscle biopsies were collected, and MRIs were analyzed from  the vastus lateralis of 23 healthy volunteers (11 women, 12 men) before and after  either 10 days of immobilization with a daily sham treatment (Imm) or with a  targeted, daily 2-h heat treatment using pulsed shortwave diathermy (Imm + H).  Diathermy increased intramuscular temperature 4.2 ± 0.29°C (P < 0.0001), with no  change during sham treatment. As a result, heat shock protein (HSP)70 and HSP90  increased (P < 0.05) following Imm + H (25 ± 6.6 and 20 ± 7.4%, respectively) but  were unaltered with Imm only. Heat treatment prevented the immobilization-induced  loss of coupled (-27 ± 5.2% vs. -8 ± 6.0%, P = 0.0041) and uncoupled (-25 ± 7.0%  vs. -10 ± 3.9%, P = 0.0302) myofiber respiratory capacity. Likewise, heat  treatment prevented the immobilization-induced loss of proteins associated with  all five mitochondrial respiratory complexes (P < 0.05). Furthermore, decreases  in muscle cross-sectional area following Imm were greater than Imm + H at both  the level of the whole muscle (-7.6 ± 0.96% vs. -4.5 ± 1.09%, P = 0.0374) and  myofiber (-10.8 ± 1.52% vs. -5.8 ± 1.49%, P = 0.0322). Our findings demonstrate  that daily heat treatments, applied during 10 days of immobilization, prevent the  loss of mitochondrial function and attenuate atrophy in human skeletal muscle.  NEW & NOTEWORTHY Limb immobilization results in substantial decreases in skeletal  muscle size, function, and metabolic capacity. To date, there are few, if any,  interventions to prevent the deleterious effects of limb immobilization on  skeletal muscle health. Heat stress has been shown to elicit a stress response,  resulting in increased heat shock protein expression and improved mitochondrial  function. We show that during 10 days of lower-limb immobilization in humans,  daily exposure to heat stress maintains mitochondrial respiratory capacity and  attenuates atrophy in skeletal muscle. Our findings suggest that heat stress may  serve as an effective therapeutic strategy to attenuate the decreases of muscle  mass and metabolic function that accompany periods of disuse.",2019,"Journal of applied physiology (Bethesda, Md. : 1985)",8,group; immobilization; expression; protein; cast
Prolonged Immobilization Exacerbates the Loss of Muscle Mass and Function Induced by Cancer-Associated Cachexia through Enhanced Proteolysis in Mice.,"We hypothesized that in mice with lung cancer (LC)-induced cachexia, periods of immobilization of the hindlimb (7 and 15 days) may further aggravate the process  of muscle mass loss and function. Mice were divided into seven groups (n =  10/group): (1) non-immobilized control mice, (2) 7-day unloaded mice (7-day I),  (3) 15-day unloaded mice (15-day I), (4) 21-day LC-cachexia group (LC 21-days),  (5) 30-day LC-cachexia group (LC 30-days), (6) 21-day LC-cachexia group besides 7  days of unloading (LC 21-days + 7-day I), (7) 30-day LC-cachexia group besides 15  days of unloading (LC 30-days + 15-day I). Physiological parameters, body weight,  muscle and tumor weights, phenotype and morphometry, muscle damage (including  troponin I), proteolytic and autophagy markers, and muscle regeneration markers  were identified in gastrocnemius muscle. In LC-induced cachexia mice exposed to  hindlimb unloading, gastrocnemius weight, limb strength, fast-twitch myofiber  cross-sectional area, and muscle regeneration markers significantly decreased,  while tumor weight and area, muscle damage (troponin), and proteolytic and  autophagy markers increased. In gastrocnemius of cancer-cachectic mice exposed to  unloading, severe muscle atrophy and impaired function was observed along with  increased muscle proteolysis and autophagy, muscle damage, and impaired muscle  regeneration.",2020,International journal of molecular sciences,0,recovery; reloading; mass; muscle mass; mice
Deficiency of inducible nitric oxide synthase attenuates immobilization-induced skeletal muscle atrophy in mice.,"The present study examined the effects of inducible nitric oxide synthase (iNOS) deficiency on skeletal muscle atrophy in single leg-immobilized iNOS knockout  (KO) and wild-type (WT) mice. The left leg was immobilized for 1 wk, and the  right leg was used as the control. Muscle weight and contraction-stimulated  glucose uptake were reduced by immobilization in WT mice, which was accompanied  with increased iNOS expression in skeletal muscle. Deficiency of iNOS attenuated  muscle weight loss and the reduction in contraction-stimulated glucose uptake by  immobilization. Phosphorylation of Akt, mTOR, and p70S6K was reduced to a similar  extent by immobilization in both WT and iNOS KO mice. Immobilization decreased  FoxO1 phosphorylation and increased mRNA and protein levels of MuRF1 and  atrogin-1 in WT mice, which were attenuated in iNOS KO mice. Aconitase and  superoxide dismutase activities were reduced by immobilization in WT mice, and  deficiency of iNOS normalized these enzyme activities. Increased nitrotyrosine  and carbonylated protein levels by immobilization in WT mice were reversed in  iNOS KO mice. Phosphorylation of ERK and p38 was increased by immobilization in  WT mice, which was reduced in iNOS KO mice. Immobilization-induced muscle atrophy  was also attenuated by an iNOS-specific inhibitor N(6)-(1-iminoethyl)-l-lysine,  and this finding was accompanied by increased FoxO1 phosphorylation and reduced  MuRF1 and atrogin-1 levels. These results suggest that deficiency of iNOS  attenuates immobilization-induced skeletal muscle atrophy through reduced  oxidative stress, and iNOS-induced oxidative stress may be required for  immobilization-induced skeletal muscle atrophy.",2012,"Journal of applied physiology (Bethesda, Md. : 1985)",9,mice; muscle atrophy; protein; immobilization; mass
CRISPR/Cas9-Mediated miR-29b Editing as a Treatment of Different Types of Muscle Atrophy in Mice.,"Muscle atrophy is the loss of skeletal muscle mass and strength in response to diverse catabolic stimuli. At present, no effective treatments except exercise  have been shown to reduce muscle atrophy clinically. Here, we report that  CRISPR/Cas9-mediated genome editing through local injection into gastrocnemius  muscles or tibialis anterior muscle efficiently targets the biogenesis processing  sites in pre-miR-29b. In vivo, this CRISPR-based treatment prevented the muscle  atrophy induced by angiotensin II (AngII), immobilization, and denervation via  activation of the AKT-FOXO3A-mTOR signaling pathway and protected against  AngII-induced myocyte apoptosis in mice, leading to significantly increased  exercise capacity. Our work establishes CRISPR/Cas9-based gene targeting on miRNA  as a potential durable therapy for the treatment of muscle atrophy and expands  the strategies available interrogating miRNA function in vivo.",2020,Molecular therapy : the journal of the American Society of Gene Therapy,9,mice; muscle atrophy; protein; immobilization; mass
Inhibition of IkappaB kinase alpha (IKKα) or IKKbeta (IKKβ) plus forkhead box O (Foxo) abolishes skeletal muscle atrophy.,"Two transcription factor families that are activated during multiple conditions of skeletal muscle wasting are nuclear factor κB (NF-κB) and forkhead box O  (Foxo). There is clear evidence that both NF-κB and Foxo activation are  sufficient to cause muscle fiber atrophy and they are individually required for  at least half of the fiber atrophy during muscle disuse, but there is no work  determining the combined effect of inhibiting these factors during a  physiological condition of muscle atrophy. Here, we determined whether inhibition  of Foxo activation plus inhibition of NF-κB activation, the latter by blocking  the upstream inhibitor of kappaB kinases (IKKα and IKKβ), would prevent muscle  atrophy induced by 7 days of cast immobilization. Results were based on  measurements of mean fiber cross-sectional area (CSA) from 72 muscles transfected  with 5 different mutant expression plasmids or plasmid combinations.  Immobilization caused a 47% decrease in fiber CSA in muscles injected with  control plasmids. Fibers from immobilized muscles transfected with dominant  negative (d.n.) IKKα-EGFP, d.n. IKKβ-EGFP or d.n. Foxo-DsRed showed a 22%, 57%,  and 76% inhibition of atrophy, respectively. Co-expression of d.n. IKKα-EGFP and  d.n. Foxo-DsRed significantly inhibited 89% of the immobilization-induced fiber  atrophy. Similarly, co-expression of d.n. IKKβ-EGFP and d.n. Foxo-DsRed inhibited  the immobilization-induced fiber atrophy by 95%. These findings demonstrate that  the combined effects of inhibiting immobilization-induced NF-κB and Foxo  transcriptional activity has an additive effect on preventing  immobilization-induced atrophy, indicating that NF-κB and Foxo have a cumulative  effect on atrophy signaling and/or atrophy gene expression.",2011,Biochemical and biophysical research communications,9,mice; muscle atrophy; protein; immobilization; mass
Role of Pannexin 1 ATP-Permeable Channels in the Regulation of Signaling Pathways during Skeletal Muscle Unloading.,"Skeletal muscle unloading results in atrophy. We hypothesized that pannexin 1 ATP-permeable channel (PANX1) is involved in the response of muscle to unloading.  We tested this hypothesis by blocking PANX1, which regulates efflux of ATP from  the cytoplasm. Rats were divided into six groups (eight rats each): non-treated  control for 1 and 3 days of the experiments (1C and 3C, respectively), 1 and 3  days of hindlimb suspension (HS) with placebo (1H and 3H, respectively), and 1  and 3 days of HS with PANX1 inhibitor probenecid (PRB; 1HP and 3HP,  respectively). When compared with 3C group there was a significant increase in  ATP in soleus muscle of 3H and 3HP groups (32 and 51%, respectively, p < 0.05).  When compared with 3H group, 3HP group had: (1) lower mRNA expression of E3  ligases MuRF1 and MAFbx (by 50 and 38% respectively, p < 0.05) and MYOG (by 34%,  p < 0.05); (2) higher phosphorylation of p70S6k and p90RSK (by 51 and 35%  respectively, p < 0.05); (3) lower levels of phosphorylated eEF2 (by 157%, p <  0.05); (4) higher level of phosphorylated GSK3β (by 189%, p < 0.05). In  conclusion, PANX1 ATP-permeable channels are involved in the regulation of muscle  atrophic processes by modulating expression of E3 ligases, and protein  translation and elongation processes during unloading.",2021,International journal of molecular sciences,2,soleus; hs; soleus muscle; unloading; rats
High-dose leucine supplementation does not prevent muscle atrophy or strength loss over 7 days of immobilization in healthy young males.,"BACKGROUND: Unavoidable periods of disuse lead to muscle atrophy and functional decline. Preventing such declines can reduce the risk of re-injury and improve  recovery of normal physiological functioning. OBJECTIVES: We aimed to determine  the effectiveness of high-dose leucine supplementation on muscle morphology and  strength during 7 d of unilateral lower-limb immobilization, and the role of  myofibrillar (MyoPS) and mitochondrial (MitoPS) protein synthesis in disuse  atrophy. METHODS: Sixteen healthy males (mean ± SEM age: 23 ± 1 y) underwent 7 d  of unilateral lower-limb immobilization, with thrice-daily leucine (LEU; n = 8)  or placebo (PLA; n = 8) supplementation (15 g/d). Before and after  immobilization, muscle strength and compartmental tissue composition were  assessed. A primed continuous infusion of l-[ring-13C6]-phenylalanine with serial  muscle biopsies was used to determine postabsorptive and postprandial (20 g milk  protein) MyoPS and MitoPS, fiber morphology, markers of protein turnover, and  mitochondrial function between the control leg (CTL) and the immobilized leg  (IMB). RESULTS: Leg fat-free mass was reduced in IMB (mean ± SEM: -3.6% ± 0.5%;  P = 0.030) but not CTL with no difference between supplementation groups.  Isometric knee extensor strength declined to a greater extent in IMB  (-27.9% ± 4.4%) than in CTL (-14.3% ± 4.4%; P = 0.043) with no difference between  groups. In response to 20 g milk protein, postprandial MyoPS rates were  significantly lower in IMB than in CTL (-22% ± 4%; P < 0.01) in both LEU and PLA.  Postabsorptive MyoPS rates did not differ between legs or groups. Postabsorptive  MitoPS rates were significantly lower in IMB than in CTL (-14% ± 5%; P < 0.01)  and postprandial MitoPS rates significantly declined in response to 20 g milk  protein ingestion (CTL: -10% ± 8%; IMB: -15% ± 10%; P = 0.039), with no  differences between legs or groups. There were no significant differences in  measures of mitochondrial respiration between legs, but peroxisome  proliferator-activated receptor γ coactivator 1-α and oxidative phosphorylation  complex II and III were significantly lower in IMB than in CTL (P < 0.05), with  no differences between groups. CONCLUSIONS: High-dose leucine supplementation (15  g/d) does not appear to attenuate any functional declines associated with 7 d of  limb immobilization in young, healthy males.This trial was registered at  clinicaltrials.gov as NCT03762278.",2020,The American journal of clinical nutrition,8,group; immobilization; expression; protein; cast
Effects of tail suspension on serum testosterone and molecular targets regulating muscle mass.,"INTRODUCTION: The contribution of reduced testosterone levels to tail suspension (TS)-induced muscle atrophy remains equivocal. The molecular mechanism by which  testosterone regulates muscle mass during TS has not been investigated. METHODS:  Effects of TS on serum testosterone levels, muscle mass, and expression of muscle  atrophy- and hypertrophy-inducing targets were measured in soleus (SOL) and  extensor digitorum longus (EDL) muscles after testosterone administration during  1, 5, and 14 days of TS in male mice. RESULTS: TS produced an increase followed  by a transient drop in testosterone levels. Muscle atrophy was associated with  downregulation of Igf1 and upregulation of Mstn, Redd1, Atrogin-1, and MuRF1 mRNA  with clear differences in Igf1, Mstn, and MAFbx/Atrogin-1 gene expression between  SOL and EDL. Testosterone supplementation did not affect muscle mass or protein  expression levels during TS. Conclusions The known anabolic effects of  testosterone are not sufficient to ameliorate loss of muscle mass during TS.",2015,Muscle & nerve,9,mice; muscle atrophy; protein; immobilization; mass
Altering aspects of mitochondrial quality to improve musculoskeletal outcomes in disuse atrophy.,"Muscle atrophy is a significant moderator for disease prognosis; as such, interventions to mitigate disuse-induced muscle loss are imperative to improve  clinical interventions. Mitochondrial deteriorations may underlie disuse-induced  myopathies; therefore, improving mitochondrial quality may be an enticing  therapeutic intervention. However, different mitochondria-based treatments may  have divergent impacts on the prognosis of disuse atrophy. Therefore, the purpose  of this study was to investigate different mitochondria-centered interventions  during disuse atrophy in hindlimb unloaded male and female mice. Male and female  mice overexpressing peroxisome proliferator-activated receptor gamma coactivator  1-alpha (PGC-1α) or mitochondrially targeted catalase (MCAT) and their respective  wild-type (WT) littermate controls were hindlimb unloaded for 7 days to induce  disuse atrophy or allowed normal ambulatory activity (cage control; CON). After  designated interventions, animals were euthanized, and tissues were collected for  measures of mitochondrial quality control and protein turnover. Although PGC-1α  overexpression mitigated ubiquitin-proteasome activation (MuRF1 and Atrogin mRNA  content), this did not correspond to phenotypic protections from disuse-induced  atrophy. Rather, PGC-1α mice appeared to have a greater reliance on autophagic  protein breakdown compared with WT mice. In MCAT mice, females exhibited a  mitigated response to disuse atrophy; however, this effect was not noted in  males. Despite these phenotypic differences, there were no clear cellular  signaling differences between MCAT hindlimb unloaded females and MCAT fully  loaded females. PGC-1α overexpression does not protect against phenotypic  alterations during disuse atrophy but appears to shift catabolic pathways  moderating atrophy. However, increased mitochondrially targeted catalase activity  appears to blunt disuse atrophy within highly oxidative muscles specifically in  female mice.NEW & NOTEWORTHY We present data suggesting that mitochondria-based  interventions may mitigate disuse atrophy. However, the efficacy of  mitochondria-based interventions may vary depending on the specific target of the  intervention and the sex of the organism. Females appear to be more responsive to  increased mitochondrial catalase as a potential therapeutic for mitigating disuse  atrophy.",2020,"Journal of applied physiology (Bethesda, Md. : 1985)",3,mitochondrial; ros; pgc1α; disuse; mitophagy
Loss of mitochondrial energetics is associated with poor recovery of muscle function but not mass following disuse atrophy.,"Skeletal muscle atrophy is a clinically important outcome of disuse because of injury, immobilization, or bed rest. Disuse atrophy is accompanied by  mitochondrial dysfunction, which likely contributes to activation of the muscle  atrophy program. However, the linkage of muscle mass and mitochondrial energetics  during disuse atrophy and its recovery is incompletely understood. Transcriptomic  analysis of muscle biopsies from healthy older adults subject to complete bed  rest revealed marked inhibition of mitochondrial energy metabolic pathways. To  determine the temporal sequence of muscle atrophy and changes in intramyocellular  lipid and mitochondrial energetics, we conducted a time course of hind limb  unloading-induced atrophy in adult mice. Mitochondrial respiration and calcium  retention capacity were diminished, whereas H(2)O(2) emission was increased  within 3 days of unloading before significant muscle atrophy. These changes were  associated with a decrease in total cardiolipin and profound changes in remodeled  cardiolipin species. Hind limb unloading performed in muscle-specific peroxisome  proliferator-activated receptor-γ coactivator-1α/β knockout mice, a model of  mitochondrial dysfunction, did not affect muscle atrophy but impacted muscle  function. These data suggest early mitochondrial remodeling affects muscle  function but not mass during disuse atrophy. Early alterations in mitochondrial  energetics and lipid remodeling may represent novel targets to prevent muscle  functional impairment caused by disuse and to enhance recovery from periods of  muscle atrophy.",2019,American journal of physiology. Endocrinology and metabolism,3,mitochondrial; ros; pgc1α; disuse; mitophagy
Early Deconditioning of Human Skeletal Muscles and the Effects of a Thigh Cuff Countermeasure.,"Muscle deconditioning is a major consequence of a wide range of conditions from spaceflight to a sedentary lifestyle, and occurs as a result of muscle  inactivity, leading to a rapid decrease in muscle strength, mass, and oxidative  capacity. The early changes that appear in the first days of inactivity must be  studied to determine effective methods for the prevention of muscle  deconditioning. To evaluate the mechanisms of muscle early changes and the  vascular effect of a thigh cuff, a five-day dry immersion (DI) experiment was  conducted by the French Space Agency at the MEDES Space Clinic (Rangueil,  Toulouse). Eighteen healthy males were recruited and divided into a control group  and a thigh cuff group, who wore a thigh cuff at 30 mmHg. All participants  underwent five days of DI. Prior to and at the end of the DI, the lower limb  maximal strength was measured and muscle biopsies were collected from the vastus  lateralis muscle. Five days of DI resulted in muscle deconditioning in both  groups. The maximal voluntary isometric contraction of knee extension decreased  significantly. The muscle fiber cross-sectional area decreased significantly by  21.8%, and the protein balance seems to be impaired, as shown by the reduced  activation of the mTOR pathway. Measurements of skinned muscle fibers supported  these results and potential changes in oxidative capacity were highlighted by a  decrease in PGC1-α levels. The use of the thigh cuff did not prevent muscle  deconditioning or impact muscle function. These results suggest that the major  effects of muscle deconditioning occur during the first few days of inactivity,  and countermeasures against muscle deconditioning should target this time period.  These results are also relevant for the understanding of muscle weakness induced  by muscle diseases, aging, and patients in intensive care.",2021,International journal of molecular sciences,8,group; immobilization; expression; protein; cast
Potential benefits of taurine in the prevention of skeletal muscle impairment induced by disuse in the hindlimb-unloaded rat.,"Hindlimb unloading (HU) in rats induces severe atrophy and a slow-to-fast phenotype transition in postural slow-twitch muscles, as occurs in human disuse  conditions, such as spaceflight or bed rest. In rats, a reduction of soleus  muscle weight and a decrease of cross-sectional area (CSA) were observed as signs  of atrophy. An increased expression of the fast-isoform of myosin heavy chain  (MHC) showed the phenotype transition. In parallel the resting cytosolic calcium  concentration (restCa) was decreased and the resting chloride conductance (gCl),  which regulates muscle excitability, was increased toward the values of the  fast-twitch muscles. Here, we investigated the possible role of taurine, which is  known to modulate calcium homeostasis and gCl, in the restoration of muscle  impairment due to 14-days-HU. We found elevated taurine content and higher  expression of the taurine transporter TauT in the soleus muscle as compared to  the fast-twitch extensor digitorum longus (EDL) muscle of control rats. Taurine  level was reduced in the HU soleus muscle, although, TauT expression was not  modified. Taurine oral supplementation (5 g/kg) fully prevented this loss, and  preserved resting gCl and restCa together with the slow MHC phenotype. Taurine  supplementation did not prevent the HU-induced drop of muscle weight or fiber  CSA, but it restored the expression of MURF-1, an atrophy-related gene,  suggesting a possible early protective effect of taurine. In conclusion, taurine  prevented the HU-induced phenotypic transition of soleus muscle and might  attenuate the atrophic process. These findings argue for the beneficial use of  taurine in the treatment of disuse-induced muscle dysfunction.",2012,Amino acids,1,hu; expression; unloading; skeletal; skeletal muscle
Dual-specificity phosphatase 29 is induced during neurogenic skeletal muscle atrophy and attenuates glucocorticoid receptor activity in muscle cell culture.,"Skeletal muscle atrophy is caused by a decrease in muscle size and strength and results from a range of physiological conditions, including denervation,  immobilization, corticosteroid exposure and aging. Newly named dual-specificity  phosphatase 29 (Dusp29) has been identified as a novel neurogenic atrophy-induced  gene in skeletal muscle. Quantitative PCR analysis revealed that Dusp29  expression is significantly higher in differentiated myotubes compared with  proliferating myoblasts. To determine how Dusp29 is transcriptionally regulated  in skeletal muscle, fragments of the promoter region of Dusp29 were cloned, fused  to a reporter gene, and found to be highly inducible in response to ectopic  expression of the myogenic regulatory factors (MRF), MyoD and myogenin.  Furthermore, site-directed mutagenesis of conserved E-box elements within the  proximal promoter of Dusp29 rendered a Dusp29 reporter gene unresponsive to MRF  overexpression. Dusp29, an atypical Dusp also known as Dupd1/Dusp27, was found to  attenuate the ERK1/2 branch of the MAP kinase signaling pathway in muscle cells  and inhibit muscle cell differentiation when ectopically expressed in  proliferating myoblasts. Interestingly, Dusp29 was also found to destabilize AMPK  protein while simultaneously enriching the phosphorylated pool of AMPK in muscle  cells. Additionally, Dusp29 overexpression resulted in a significant increase in  the glucocorticoid receptor (GR) protein and elevation in GR phosphorylation.  Finally, Dusp29 was found to significantly impair the ability of the  glucocorticoid receptor to function as a transcriptional activator in muscle  cells treated with dexamethasone. Identifying and characterizing the function of  Dusp29 in muscle provides novel insights into the molecular and cellular  mechanisms for skeletal muscle atrophy.",2020,American journal of physiology. Cell physiology,7,skeletal; skeletal muscle; muscle atrophy; protein; role
Deptor knockdown enhances mTOR Activity and protein synthesis in myocytes and ameliorates disuse muscle atrophy.,"Deptor is an mTOR binding protein that affects cell metabolism. We hypothesized that knockdown (KD) of Deptor in C2C12 myocytes will increase protein synthesis  via stimulating mTOR-S6K1 signaling. Deptor KD was achieved using lentiviral  particles containing short hairpin (sh)RNA targeting the mouse Deptor mRNA  sequence, and control cells were transfected with a scrambled control shRNA. KD  reduced Deptor mRNA and protein content by 90%, which increased phosphorylation  of mTOR kinase substrates, 4E-BP1 and S6K1, and concomitantly increased protein  synthesis. Deptor KD myoblasts were both larger in diameter and exhibited an  increased mean cell volume. Deptor KD increased the percentage of cells in the S  phase, coincident with an increased phosphorylation (S807/S811) of retinoblastoma  protein (pRb) that is critical for the G(1) to S phase transition. Deptor KD did  not appear to alter basal apoptosis or autophagy, as evidenced by the lack of  change for cleaved caspase-3 and light chain (LC)3B, respectively. Deptor KD  increased proliferation rate and enhanced myotube formation. Finally, in vivo  Deptor KD (~50% reduction) by electroporation into gastrocnemius of C57/BL6 mice  did not alter weight or protein synthesis in control muscle. However, Deptor KD  prevented atrophy produced by 3 d of hindlimb immobilization, at least in part by  increasing protein synthesis. Thus, our data support the hypothesis that Deptor  is an important regulator of protein metabolism in myocytes and demonstrate that  decreasing Deptor expression in vivo is sufficient to ameliorate muscle atrophy.",2011,"Molecular medicine (Cambridge, Mass.)",9,mice; muscle atrophy; protein; immobilization; mass
BCAAs and Di-Alanine supplementation in the prevention of skeletal muscle atrophy: preclinical evaluation in a murine model of hind limb unloading.,"Skeletal muscle atrophy occurs in response to various pathophysiological stimuli, including disuse, aging, and neuromuscular disorders, mainly due to an imbalance  of anabolic/catabolic signaling. Branched Chain Amino Acids (BCAAs: leucine,  isoleucine, valine) supplements can be beneficial for counteracting muscle  atrophy, in virtue of their reported anabolic properties. Here, we carried out a  proof-of-concept study to assess the in vivo/ex vivo effects of a 4-week  treatment with BCAAs on disuse-induced atrophy, in a murine model of hind limb  unloading (HU). BCAAs were formulated in drinking water, alone, or plus two  equivalents of L-Alanine (2 ALA) or the dipeptide L-Alanyl-L-Alanine (Di-ALA), to  boost BCAAs bioavailability. HU mice were characterized by reduction of body  mass, decrease of soleus - SOL - muscle mass and total protein, alteration of  postural muscles architecture and fiber size, dysregulation of atrophy-related  genes (Atrogin-1, MuRF-1, mTOR, Mstn). In parallel, we provided new robust  readouts in the HU murine model, such as impaired in vivo isometric torque and ex  vivo SOL muscle contractility and elasticity, as well as altered immune response.  An acute pharmacokinetic study confirmed that L-ALA, also as dipeptide, enhanced  plasma exposure of BCAAs. Globally, the most sensitive parameters to BCAAs action  were muscle atrophy and myofiber cross-sectional area, muscle force and  compliance to stress, protein synthesis via mTOR and innate immunity, with the  new BCAAs + Di-ALA formulation being the most effective treatment. Our results  support the working hypothesis and highlight the importance of developing  innovative formulations to optimize BCAAs biodistribution.",2021,Pharmacological research,1,hu; expression; unloading; skeletal; skeletal muscle
"eIF3f depletion impedes mouse embryonic development, reduces adult skeletal muscle mass and amplifies muscle loss during disuse.","KEY POINTS: In muscular cells, eukaryotic initiation factor subunit f (eIF3f) activates protein synthesis by allowing physical interaction between mechanistic  target of rapamycin complex 1 (MTORC1) and ribosomal protein S6 kinase 1 (S6K1),  although its physiological role in animals is unknown. A knockout approach  suggests that homozygous mice carrying a null mutation of the eIF3f gene fail to  develop and consequently die at early embryonic stage, whereas heterozygous mice  associated with a partial depletion of eIF3f gene grow normally and are  phenotypically indistinguishable from wild-type mice. Heterozygous mice express  reduced eIF3f mRNA and protein levels in skeletal muscles and show diminished  muscle mass associated with a decrease in the protein synthesis rate and an  inhibition of the MTORC1 pathway. During hindlimb immobilization, heterozygous  eIF3f mice display an exacerbated immobilization-induced muscle atrophy  associated with reduced protein synthesis. These results highlight the essential  role of eIF3f during embryonic development and its involvement in muscular  homeostasis via protein synthesis regulation. ABSTRACT: Eukaryotic translation  initiation factor 3, subunit F (eIF3f), a component of eIF3 complex, plays an  important role in protein synthesis regulation, although its physiological  functions are unknown. We generated and analysed mice carrying a null mutation in  the eIF3f gene. We showed that homozygous eIF3f knockout fail to develop and that  eIF3f(-/-) embryos die at an early stage of development but after the  pre-implantation stage. However, disrupting one eIF3f allele does not affect  growth, viability and fertility of heterozygous mice but, instead, reduces eIF3f  mRNA and protein levels in all tissues examined. Although heterozygous mice are  phenotypically indistinguishable from wild-type mice, they present a diminished  body weight and a lean mass reduction associated with normal body size.  Interestingly, skeletal muscles are mainly affected and display an altered cell  size without modification of fibre number. Skeletal muscles of heterozygous mice  show a deficiency in polysome content, a decrease in protein synthesis rate and  an inhibition of the mechanistic target of rapamycin (MTOR) pathway. We then  studied the effects of hindlimb immobilization that mimic muscle disuse on  heterozygous mice aiming to further explore the involvement of eIF3f in protein  synthesis. We found that eIF3f partial depletion amplifies muscle atrophy  compared to wild-type mice. Mass and cross-sectional area decreases were  associated with reduced MTOR pathway activation and protein synthesis rate. Taken  together, our data indicate that eIF3f is essential for mice embryonic  development and controls adult skeletal muscle mass via protein synthesis  regulation in a MTOR-dependent manner.",2019,The Journal of physiology,9,mice; muscle atrophy; protein; immobilization; mass
Redox regulation of E3 ubiquitin ligases and their role in skeletal muscle atrophy.,"Muscle atrophy is linked to reactive oxygen species (ROS) production during hindlimb-unloading due, at least in part, to the activation of xanthine oxidase  (XO). The major aim of our study was to determine the mechanism by which ROS  cause muscle atrophy and its possible prevention by allopurinol, a well-known  inhibitor of XO widely used in clinical practice, and indomethacin, a  nonsteroidal anti-inflammatory drug. We studied the activation of p38 MAP Kinase  and NF-?B pathways, and the expression of two E3 ubiquitin ligases involved in  proteolysis, the Muscle atrophy F-Box (MAFb) and Muscle RING Finger-1 (MuRF-1).  Male Wistar rats (3 mold) conditioned by 14 days of hindlimb unloading (n=18),  with or without the treatment, were compared with freely ambulating controls  (n=18). After the experimental intervention, soleus muscles were removed,  weighted and analyzed to determine oxidative stress and inflammatory parameters.  We found that hindlimb unloading induced a significant increase in XO activity in  plasma (39%, p=0.001) and in the protein expression of CuZnSOD and Catalase in  skeletal muscle. Inhibitionof XO partially prevented protein carbonylation, both  in plasma and in soleus muscle, in the unloaded animals. The most relevant new  fact reported is that allopurinol prevents soleus muscle atrophy by ~20% after  hindlimb unloading. Combining allopurinol and indomethacin we found a further  prevention in the atrophy process. This is mediated by the inhibition of the p38  MAPK-MAFbx and NF-?B -MuRF-1 pathways. Our data point out the potential benefit  of allopurinol and indomethacin administration for bedridden, astronauts,  sarcopenic and cachexic patients.",2014,Free radical biology & medicine,2,soleus; hs; soleus muscle; unloading; rats
Chronic Exercise Training Down-Regulates TNF-α and Atrogin-1/MAFbx in Mouse Gastrocnemius Muscle Atrophy Induced by Hindlimb Unloading.,"The purpose of this study was to investigate the effect of chronic moderate-intensity training in order to prevent muscle atrophy with a focus on  TNF-α and atrogin-1/MAFbx as main proteolytic indicators. Hindlimb unloading  model of mice received treadmill running exercise for 1 hr per day during  hindlimb unloading period of 6 weeks. The gastrocnemius muscle mass, muscle fiber  cross-sectional area, and succinate dehydrogenase (SDH) activity in the muscle  fiber were higher in the exercised group, while TNF-α and atrogin-1/MAFbx mRNA  expressions were significantly lower. Results in the present study showed that  chronic exercise could prevent over expression of TNF-α and atrogin-1/MAFbx in  the atrophied skeletal muscle, providing further support to the effects of  chronic exercise training on muscle atrophy.",2012,Acta histochemica et cytochemica,0,recovery; reloading; mass; muscle mass; mice
Molecular signatures of differential responses to exercise trainings during rehabilitation.,"The loss and recovery of muscle mass and function following injury and during rehabilitation varies among individuals. While recent expression profiling  studies have illustrated transcriptomic responses to muscle disuse and  remodeling, how these changes contribute to the physiological responses are not  clear. In this study, we quantified the effects of immobilization and subsequent  rehabilitation training on muscle size and identified molecular pathways  associated with muscle responsiveness in an orthopaedic patient cohort study. The  injured leg of 16 individuals with ankle injury was immobilized for a minimum of  4 weeks, followed by a 6-week rehabilitation program. The maximal cross-sectional  area (CSA) of the medial gastrocnemius muscle of the immobilized and control legs  were determined by T1-weighted axial MRI images. Genome-wide mRNA profiling data  were used to identify molecular signatures that distinguish the patients who  responded to immobilization and rehabilitation and those who were considered  minimal responders. RESULTS: Using 6% change as the threshold to define  responsiveness, a greater degree of changes in muscle size was noted in high  responders (-14.9 ± 3.6%) compared to low responders (0.1 ± 0.0%) during  immobilization. In addition, a greater degree of changes in muscle size was  observed in high responders (20.5 ± 3.2%) compared to low responders (2.5 ± 0.9%)  at 6-week rehabilitation. Microarray analysis showed a higher number of genes  differentially expressed in the responders compared to low responders in general;  with more expression changes observed at the acute stage of rehabilitation in  both groups. Pathways analysis revealed top molecular pathways differentially  affected in the groups, including genes involved in mitochondrial function,  protein turn over, integrin signaling and inflammation. This study confirmed the  extent of muscle atrophy due to immobilization and recovery by exercise training  is associated with distinct remodeling signature, which can potentially be used  for evaluating and predicting clinical outcomes.",2017,Biomedical genetics and genomics,0,recovery; reloading; mass; muscle mass; mice
Preferential skeletal muscle myosin loss in response to mechanical silencing in a novel rat intensive care unit model: underlying mechanisms.,"The muscle wasting and impaired muscle function in critically ill intensive care unit (ICU) patients delay recovery from the primary disease, and have  debilitating consequences that can persist for years after hospital discharge. It  is likely that, in addition to pernicious effects of the primary disease, the  basic life support procedures of long-term ICU treatment contribute directly to  the progressive impairment of muscle function. This study aims at improving our  understanding of the mechanisms underlying muscle wasting in ICU patients by  using a unique experimental rat ICU model where animals are mechanically  ventilated, sedated and pharmacologically paralysed for duration varying between  6 h and 14 days. Results show that the ICU intervention induces a phenotype  resembling the severe muscle wasting and paralysis associated with the acute  quadriplegic myopathy (AQM) observed in ICU patients, i.e. a preferential loss of  myosin, transcriptional down-regulation of myosin synthesis, muscle atrophy and a  dramatic decrease in muscle fibre force generation capacity. Detailed analyses of  protein degradation pathways show that the ubiquitin proteasome pathway is highly  involved in this process. A sequential change in localisation of muscle-specific  RING finger proteins 1/2 (MuRF1/2) observed during the experimental period is  suggested to play an instrumental role in both transcriptional regulation and  protein degradation. We propose that, for those critically ill patients who  develop AQM, complete mechanical silencing, due to pharmacological paralysis or  sedation, is a critical factor underlying the preferential loss of the molecular  motor protein myosin that leads to impaired muscle function or persisting  paralysis.",2011,The Journal of physiology,0,recovery; reloading; mass; muscle mass; mice
Time-course study of macrophage infiltration and inflammation in cast immobilization-induced atrophied muscle of mice.,"INTRODUCTION: Macrophage infiltration may play an important role in mediating the development of muscle atrophy. However, temporal differences in the activation of  muscle atrophy signaling pathways and the progress of macrophage infiltration  during the atrophic phases of cast immobilization are currently unknown. METHODS:  C57BL/6J mice were euthanized after cast immobilization at 1, 3, 7, and 14 days.  RESULTS: Skeletal muscle macrophage numbers were unchanged on days 1 and 3 after  immobilization, but were elevated on days 7 (2.7-fold, P < 0.01) and 14  (4.1-fold, P < 0.01). Ubiquitin ligase expression was increased 1 and 3 days  after cast immobilization, as was the LC3-II/LC3-I ratio. DISCUSSION: Atrophy  signaling pathway activation, but not macrophage infiltration, was observed  during the early phase after cast immobilization. Our findings indicate that  macrophage infiltration may contribute very little to the early phase of muscle  atrophy after cast immobilization. Muscle Nerve 57: 1006-1013, 2018.",2018,Muscle & nerve,8,group; immobilization; expression; protein; cast
Exercise recovery increases skeletal muscle H(2)O(2) emission and mitochondrial respiratory capacity following two-weeks of limb immobilization.,"Extended periods of skeletal muscle disuse result in muscle atrophy. Following limb immobilization, increased mitochondrial reactive oxygen species (ROS)  production may contribute to atrophy through increases in skeletal muscle protein  degradation. However, the effect of skeletal muscle disuse on mitochondrial ROS  production remains unclear. This study investigated the effect of immobilization,  followed by two subsequent periods of restored physical activity, on  mitochondrial H(2)O(2) emissions in adult male skeletal muscle. Middle-aged men  (n = 30, 49.7 ± 3.84 y) completed two weeks of unilateral lower-limb  immobilization, followed by two weeks of baseline-matched activity, consisting of  10,000 steps a day, then completed two weeks of three times weekly supervised  resistance training. Vastus lateralis biopsies were taken at baseline,  post-immobilization, post-ambulatory recovery, and post-resistance-training.  High-resolution respirometry was used simultaneously with fluorometry to  determine mitochondrial respiration and hydrogen peroxide (H(2)O(2)) production  in permeabilized muscle fibres. Mitochondrial H(2)O(2) emission with complex I  and II substrates, in the absence of ADP, was greater following immobilization,  however, there was no effect on mitochondrial respiration. Both ambulatory  recovery and resistance training, following the period of immobilization,  increased in mitochondrial H(2)O(2) emissions. These data demonstrated that 2  weeks of immobilization increases mitochondrial H(2)O(2) emissions, but  subsequent retraining periods of ambulatory recovery and resistance training also  led to in robust increases in mitochondrial H(2)O(2) emissions in skeletal  muscle.",2018,Free radical biology & medicine,3,mitochondrial; ros; pgc1α; disuse; mitophagy
Potential roles of neuronal nitric oxide synthase and the PTEN-induced kinase 1 (PINK1)/Parkin pathway for mitochondrial protein degradation in disuse-induced  soleus muscle atrophy in adult rats.,"Excessive nitric oxide (NO) production and mitochondrial dysfunction can activate protein degradation in disuse-induced skeletal muscle atrophy. However, the  increase in NO production in atrophied muscles remains controversial. In  addition, although several studies have investigated the PTEN-induced kinase 1  (PINK1)/Parkin pathway, a mitophagy pathway, in atrophied muscle, the involvement  of this pathway in soleus muscle atrophy is unclear. In this study, we  investigated the involvement of neuronal nitric oxide synthase (nNOS) and the  PINK1/Parkin pathway in soleus muscle atrophy induced by 14 days of hindlimb  unloading (HU) in adult rats. HU lowered the weight of the soleus muscles. nNOS  expression showed an increase in atrophied soleus muscles. Although HU increased  malondialdehyde as oxidative modification of the protein, it decreased  6-nitrotryptophan, a marker of protein nitration. Additionally, the  nitrosocysteine content and S-nitrosylated Parkin were not altered, suggesting  the absence of excessive nitrosative stress after HU. The expression of PINK1 and  Parkin was also unchanged, whereas the expression of heat shock protein 70  (HSP70), which is required for Parkin activity, was reduced in atrophied soleus  muscles. Moreover, we observed accumulation and reduced ubiquitination of high  molecular weight mitofusin 2, which is a target of Parkin, in atrophied soleus  muscles. These results indicate that excessive NO is not produced in atrophied  soleus muscles despite nNOS accumulation, suggesting that excessive NO dose not  mediate in soleus muscle atrophy at least after 14 days of HU. Furthermore, the  PINK1/Parkin pathway may not play a role in mitophagy at this time point. In  contrast, the activity of Parkin may be downregulated because of reduced HSP70  expression, which may contribute to attenuated degradation of target proteins in  the atrophied soleus muscles after 14 days of HU. The present study provides new  insights into the roles of nNOS and a protein degradation pathway in soleus  muscle atrophy.",2020,PloS one,1,hu; expression; unloading; skeletal; skeletal muscle
Inhibition of autophagy delays motoneuron degeneration and extends lifespan in a mouse model of spinal muscular atrophy.,"Spinal muscular atrophy (SMA) is a recessive autosomal neuromuscular disease, due to homozygous mutations or deletions in the telomeric survival motoneuron gene 1  (SMN1). SMA is characterized by motor impairment, muscle atrophy, and premature  death following motor neuron (MN) degeneration. Emerging evidence suggests that  dysregulation of autophagy contributes to MN degeneration. We here investigated  the role of autophagy in the SMNdelta7 mouse model of SMA II (intermediate form  of the disease) which leads to motor impairment by postnatal day 5 (P5) and to  death by P13. We first showed by immunoblots that Beclin 1 and LC3-II expression  levels increased in the lumbar spinal cord of the SMA pups. Electron microscopy  and immunofluorescence studies confirmed that autophagic markers were enhanced in  the ventral horn of SMA pups. To clarify the role of autophagy, we administered  intracerebroventricularly (at P3) either an autophagy inhibitor (3-methyladenine,  3-MA), or an autophagy inducer (rapamycin) in SMA pups. Motor behavior was  assessed daily with different tests: tail suspension, righting reflex, and  hindlimb suspension tests. 3-MA significantly improved motor performance,  extended the lifespan, and delayed MN death in lumbar spinal cord  (10372.36 ± 2716 MNs) compared to control-group (5148.38 ± 94 MNs). Inhibition of  autophagy by 3-MA suppressed autophagosome formation, reduced the apoptotic  activation (cleaved caspase-3 and Bcl2) and the appearance of terminal  deoxynucleotidyl transferase dUTP nick end labeling (TUNEL)-positive neurons,  underlining that apoptosis and autophagy pathways are intricately intertwined.  Therefore, autophagy is likely involved in MN death in SMA II, suggesting that it  might represent a promising target for delaying the progression of SMA in humans  as well.",2017,Cell death & disease,0,recovery; reloading; mass; muscle mass; mice
Intramyocellular ceramides and skeletal muscle mitochondrial respiration are partially regulated by Toll-like receptor 4 during hindlimb unloading.,"Physical inactivity and disuse result in skeletal muscle metabolic disruption, including insulin resistance and mitochondrial dysfunction. The role of the  Toll-like receptor 4 (TLR4) signaling pathway in contributing to metabolic  decline with muscle disuse is unknown. Therefore, our goal was to determine  whether TLR4 is an underlying mechanism of insulin resistance, mitochondrial  dysfunction, and skeletal muscle ceramide accumulation following muscle disuse in  mice. To address this hypothesis, we subjected (n = 6-8/group) male WT and  TLR4(-/-) mice to 2 wk of hindlimb unloading (HU), while a second group of mice  served as ambulatory wild-type controls (WT CON, TLR4(-/-) CON). Mice were  assessed for insulin resistance [homeostatic model assessment-insulin resistance  (HOMA-IR), glucose tolerance], and hindlimb muscles (soleus and gastrocnemius)  were used to assess muscle sphingolipid abundance, mitochondrial respiration  [respiratory control ratio (RCR)], and NF-κB signaling. The primary finding was  that HU resulted in insulin resistance, increased total ceramides, specifically  Cer18:0 and Cer20:0, and decreased skeletal muscle mitochondrial respiration.  Importantly, TLR4(-/-) HU mice were protected from insulin resistance and altered  NF-κB signaling and were partly resistant to muscle atrophy, ceramide  accumulation, and decreased RCR. Skeletal muscle ceramides and RCR were  correlated with insulin resistance. We conclude that TLR4 is an upstream  regulator of insulin sensitivity, while partly upregulating muscle ceramides and  worsening mitochondrial respiration during 2 wk of HU.",2016,"American journal of physiology. Regulatory, integrative and comparative physiology",3,mitochondrial; ros; pgc1α; disuse; mitophagy
Effect of Cucumis melo L. peel extract supplemented postbiotics on reprograming gut microbiota and sarcopenia in hindlimb-immobilized mice.,"Postbiotics made from lactic acid bacteria may ameliorate sarcopenia via the metabolic reprogramming of gut dysbiosis. This study investigated the  anti-sarcopenic effect of postbiotics (WDK) produced from polyphenol-rich melon  peel extract (Cucumis melo L. var. makuwa, KEE) and whey with Lentilactobacillus  kefiri DH5 (DH5) in C2C12 skeletal muscle cells and hindlimb-immobilized mice.  WDK significantly ameliorated palmitate-induced atrophy of C2C12 cells, restoring  myotube length and diameter. It also upregulated the expression of myogenic genes  including Atrogin-1, Igf-1, and MyoD. Hindlimb-immobilized C57BL/6J mice were  randomly divided and orally administered 10 mL/kg body weight of saline (CON),  Whey, Whey + DH5 (WD), DH5 + KEE, Whey + DH5 + KEE postbiotic (WDK) for three  weeks (n = 10/group). Interestingly, WDK significantly improved muscle function  in hindlimb-immobilized mice by restoring both the grip strength and the mass of  the soleus muscle, which was closely related to the upregulation of the myoD  gene. WDK increased microbial diversity and modulated the distribution of  intestinal bacteria, particularly those involved in protein synthesis and the  production of butyrate. There was a significant correlation between myogenic  biomarkers and butyrate producing gut microbiota. Restoration of muscle mass and  function following postbiotic WDK is strongly related to the regulation of  myogenic genes by in part remodulating gut microbiota. In conclusion, these  findings suggest that polyphenol- and whey-based postbiotics WDK may have  potential as an effective manner to combat the progression of sarcopenia.",2023,"Food research international (Ottawa, Ont.)",9,mice; muscle atrophy; protein; immobilization; mass
The role of mTOR signaling in the regulation of protein synthesis and muscle mass during immobilization in mice.,"The maintenance of skeletal muscle mass contributes substantially to health and to issues associated with the quality of life. It has been well recognized that  skeletal muscle mass is regulated by mechanically induced changes in protein  synthesis, and that signaling by mTOR is necessary for an increase in protein  synthesis and the hypertrophy that occurs in response to increased mechanical  loading. However, the role of mTOR signaling in the regulation of protein  synthesis and muscle mass during decreased mechanical loading remains largely  undefined. In order to define the role of mTOR signaling, we employed a mouse  model of hindlimb immobilization along with pharmacological, mechanical and  genetic means to modulate mTOR signaling. The results first showed that  immobilization induced a decrease in the global rates of protein synthesis and  muscle mass. Interestingly, immobilization also induced an increase in mTOR  signaling, eIF4F complex formation and cap-dependent translation. Blocking mTOR  signaling during immobilization with rapamycin not only impaired the increase in  eIF4F complex formation, but also augmented the decreases in global protein  synthesis and muscle mass. On the other hand, stimulating immobilized muscles  with isometric contractions enhanced mTOR signaling and rescued the  immobilization-induced decrease in global protein synthesis through a  rapamycin-sensitive mechanism that was independent of ribosome biogenesis.  Unexpectedly, the effects of isometric contractions were also independent of  eIF4F complex formation. Similar to isometric contractions, overexpression of  Rheb in immobilized muscles enhanced mTOR signaling, cap-dependent translation  and global protein synthesis, and prevented the reduction in fiber size.  Therefore, we conclude that the activation of mTOR signaling is both necessary  and sufficient to alleviate the decreases in protein synthesis and muscle mass  that occur during immobilization. Furthermore, these results indicate that the  activation of mTOR signaling is a viable target for therapies that are aimed at  preventing muscle atrophy during periods of mechanical unloading.",2015,Disease models & mechanisms,9,mice; muscle atrophy; protein; immobilization; mass
Protective effect of branched chain amino acids on hindlimb suspension-induced muscle atrophy in growing rats.,"PURPOSE: The effect of BCAA (branched chain amino acid) administration on muscle atrophy during growth phases is not well known. We investigated whether BCAA  administration can prevent the muscle atrophy induced by hindlimb suspension in  growing male rats. METHODS: Male Wistar rats were assigned to 1 of 2 groups (n =  7/group): hindlimb suspension and hindlimb suspension with oral BCAA  administration (600 mg·kg(-1)·day(-1), valine 1: leucine 2: isoleucine 1). After  14 days of hindlimb suspension, the weight and mRNA levels of the soleus muscle  were measured. RESULTS: BCAA administration prevented a decrease in soleus muscle  weight. BCAA administration attenuated atrogin-1 and MuRF1 mRNA expression, which  has been reported to play a pivotal role in muscle atrophy. CONCLUSION: BCAA  could serve as an effective supplement for the prevention or treatment of muscle  atrophy, especially atrophy caused by weightlessness.",2015,Journal of exercise nutrition & biochemistry,2,soleus; hs; soleus muscle; unloading; rats
"Bed rest impairs skeletal muscle amino acid transporter expression, mTORC1 signaling, and protein synthesis in response to essential amino acids in older  adults.","Skeletal muscle atrophy during bed rest is attributed, at least in part, to slower basal muscle protein synthesis (MPS). Essential amino acids (EAA)  stimulate mammalian target of rapamycin (mTORC1) signaling, amino acid  transporter expression, and MPS and are necessary for muscle mass maintenance,  but there are no data on the effect of inactivity on this anabolic mechanism. We  hypothesized that bed rest decreases muscle mass in older adults by blunting the  EAA stimulation of MPS through reduced mTORC1 signaling and amino acid  transporter expression in older adults. Six healthy older adults (67 ± 2 yr)  participated in a 7-day bed rest study. We used stable isotope tracers, Western  blotting, and real-time qPCR to determine the effect of bed rest on MPS, muscle  mTORC1 signaling, and amino acid transporter expression and content in the  postabsorptive state and after acute EAA ingestion. Bed rest decreased leg lean  mass by ∼4% (P < 0.05) and increased postabsorptive mTOR protein (P < 0.05)  levels while postabsorptive MPS was unchanged (P > 0.05). Before bed rest acute  EAA ingestion increased MPS, mTOR (Ser(2448)), S6 kinase 1 (Thr(389),  Thr(421)/Ser(424)), and ribosomal protein S6 (Ser(240/244)) phosphorylation,  activating transcription factor 4, L-type amino acid transporter 1 and  sodium-coupled amino acid transporter 2 protein content (P < 0.05). However, bed  rest blunted the EAA-induced increase in MPS, mTORC1 signaling, and amino acid  transporter protein content. We conclude that bed rest in older adults  significantly attenuated the EAA-induced increase in MPS with a mechanism  involving reduced mTORC1 signaling and amino acid transporter protein content.  Together, our data suggest that a blunted EAA stimulation of MPS may contribute  to muscle loss with inactivity in older persons.",2012,American journal of physiology. Endocrinology and metabolism,5,older; bed; hmb; bed rest; rest
Lactobacillus gasseri CBT LGA2 alleviates muscle protein degradation and inflammation in immobilization-induced mouse.,"INTRODUCTION: Hindlimb immobilization rapidly induces skeletal muscle atrophy by reducing mechanical loading and accelerating proteolytic activity. This atrophy  is further exacerbated by inflammatory signaling, which amplifies FOXO3a-driven  expression of Atrogin-1 and MuRF1 and suppresses myogenic capacity. Emerging  evidence suggests that specific probiotic strains may counteract these catabolic  and inflammatory responses, prompting the evaluation of Lactobacillus gasseri CBT  LGA2 (LGA2) in this study. METHODS: In the present study, five probiotic strains  were screened in C2C12 myotubes and RAW264.7 macrophages to assess  anti-proteolytic and anti-inflammatory activities. Whole-genome sequencing was  conducted to determine genetic safety and functional gene profiles. In vivo  efficacy was evaluated using a hindlimb immobilization mouse model administered  with LGA2 (1 × 10(⁸) CFU/kg/day, 3 weeks), followed by assessments of muscle  mass, grip strength, fiber morphology, and molecular markers. RESULTS: LGA2  showed the strongest suppression of dexamethasone-induced muscle protein  degradation and lipopolysaccharides-induced inflammatory responses among the  screened strains. Genomic analysis identified genes related to antioxidant  defense, immune modulation, and muscle protection. In immobilized mice, LGA2  significantly improved grip strength, preserved muscle mass, and restored muscle  fiber cross-sectional area. Mechanistically, LGA2 maintained FOXO3a  phosphorylation, reduced Atrogin-1 and MuRF1 expression, and recovered myogenin  and MyHC isoforms (IIa, IIx, IIb). Additionally, LGA2 lowered TNF-α, IL-6, iNOS,  and COX-2 levels while restoring IL-10 in muscle and serum. DISCUSSION: These  findings demonstrate that LGA2 mitigates disuse-induced muscle atrophy through  coordinated anti-inflammatory, anti-proteolytic, and pro-myogenic mechanisms. Its  genomic safety and multifunctional efficacy support LGA2 as a promising probiotic  intervention for muscle health.",2025,Frontiers in microbiology,9,mice; muscle atrophy; protein; immobilization; mass
Combination of Parenteral Amino Acid Infusion and Intermittent Loading Exercise Ameliorates Progression of Postoperative Sarcopenia in Rat Model.,"Postoperative sarcopenia is associated with poor outcomes in hospitalized patients. However, few studies have focused on short-term postoperative  sarcopenia. Furthermore, the influence of nutritional management using amino  acids (AAs) comprising a peripheral parenteral nutrition (PPN) solution and its  combination with exercise (Exc) is unclear. Hence, we established a postoperative  sarcopenic rat model to evaluate the effects of parenteral AA infusion combined  with Exc on skeletal muscles and investigate the underlying mechanisms involved  in the amelioration of muscle atrophy. Male F344 rats underwent surgery followed  by hindlimb suspension (HS) for 5 days. The rats were divided into AA (-), AA  (+), AA (-)-Exc, and AA (+)-Exc groups. They were continuously administered a PPN  solution with or without AA at 98 kcal/kg/day. The Exc groups were subjected to  intermittent loading for 1 h per day. Postoperative sarcopenic rats exhibited  decreased muscle strength and mass and an upregulated ubiquitin-proteasome  system, autophagy-lysosome system, and fast-twitch fiber-related genes,  especially in the AA (-) group. The AA (+)-Exc group exhibited attenuated  decreased muscle strength, increased gastrocnemius mass, and a suppressed  upregulation of muscle atrophy- and fast-twitch fiber-related genes. Therefore,  parenteral AA infusion combined with Exc may be effective in preventing  postoperative sarcopenia in hospitalized patients.",2024,Nutrients,9,mice; muscle atrophy; protein; immobilization; mass
Inhibitory Effects of Standardized Leonurus japonicus Extract and Its Bioactive Leonurine on TNF-α-Induced Muscle Atrophy in L6 Myotubes.,"Muscle atrophy, characterized by a reduced number and size of myofibers, occurs due to immobilization, aging, and several chronic diseases. Leonurus japonicus,  belonging to the Labiatae family, is widely used as a traditional medicine in  Korea, China, and Japan. Previous studies have reported that L. japonicus has  various physiological activities, such as anti-bacteria, anti-cancer, and liver  protection. Leonurine, which is a major bioactive in L. japonicas, is known to  possess biological effects including anti-inflammation, anti-fibrosis,  anti-angiogenesis, and anti-diabetes. However, the preventive effects of L.  japonicas and leonurine on muscle have not been reported. The current study aimed  to determine the inhibitory effects of standardized L. japonicus extract (LJE)  and leonurine on muscle atrophy by clarifying their underlying molecular  mechanisms in tumor necrosis factor-alpha (TNF-α)-stimulated L6 myotubes. LJE and  leonurine stimulated the phosphatidylinositol 3-kinase/Akt pathway that was  reduced by TNF-α treatment. LJE and leonurine not only increased the mammalian  target of rapamycin pathway for protein anabolism but also decreased the mRNA  expression of E3 ubiquitin ligases by blocking the translocation of Forkhead box  O, which is closely linked with proteolysis. Additionally, LJE and leonurine  alleviated inflammatory responses by downregulating TNF-α and interleukin-6 mRNA  expression and reducing the protein expression of nuclear factor-kappa B, a major  transcriptional factor of proinflammatory cytokines. Collectively, LJE and  leonurine have potential as therapeutic candidates for inhibiting the development  of skeletal muscle atrophy by activating the PI3K/Akt pathway and reducing  inflammatory responses.",2020,Journal of microbiology and biotechnology,7,skeletal; skeletal muscle; muscle atrophy; protein; role
Repressors of mTORC1 act to blunt the anabolic response to feeding in the soleus muscle of a cast-immobilized mouse hindlimb.,"We recently reported results showing that cast immobilization of a rat hindlimb rapidly leads to development of anabolic resistance as demonstrated by failure of  oral leucine administration to activate the mechanistic target of rapamycin  complex 1 (mTORC1) and stimulate protein synthesis in the soleus muscle. The goal  of this study was to assess the possible contribution of several mTORC1  regulatory proteins to the development of anabolic resistance. To accomplish  this, 14-week-old male C57BL/6 mice (n = 21) were subjected to unilateral cast  immobilization of the hindlimb for either 1 or 3 days, and the immobilized limb  was compared to its contralateral control. The mass of the soleus muscle was  decreased in the immobilized compared to the non-immobilized limb within 72-h in  association with diminished protein synthesis. In agreement with our previous  report, a 24-h casting period was sufficient to induce anabolic resistance, as  demonstrated by blunted re-feeding-induced activation of mTORC1. Moreover,  resistance of mTORC1 activation was associated not only with upregulated  expression of REDD1, but also with altered expression of other mTORC1 regulatory  proteins, that is, Sestrin1 and DEP domain-containing mTOR interacting protein  (DEPTOR). In addition, re-feeding-induced phosphorylation of DEPTOR was  significantly impaired in the immobilized compared to the non-immobilized limb.  This work builds upon previous discoveries by our laboratory to elucidate the  blunted mTORC1 response to stimuli during disuse of skeletal muscle induced by  cast immobilization while highlighting new potential therapeutic targets for  future countermeasures against muscle atrophy.",2018,Physiological reports,8,group; immobilization; expression; protein; cast
Mitochondrial aberrations during the progression of disuse atrophy differentially affect male and female mice.,"BACKGROUND: Disuse decreases muscle size and is predictive of mortality across multiple pathologies. Detriments to mitochondrial function are hypothesized to  underlie disuse-induced muscle atrophy. Little data exist on early mechanisms  contributing to onset of these pathologies, nor is it known how they differ  between sexes. The purpose of this study was to examine differential and  conserved responses to mitochondrial quality control in male and female mice  during the development and progression of disuse-induced atrophy. METHODS: One  hundred C57BL/6J mice (50 male and 50 female) were hindlimb unloaded to induce  disuse atrophy for 0 (con), 24, 48, 72, or 168 h. At designated time-points,  extensor digitorum longus, gastrocnemius, and soleus muscles were collected for  analysis of mitochondrial quality control markers. RESULTS: One hundred  sixty-eight hours of disuse resulted in ~25% lower oxidative muscle fibre CSA in  both male (P = 0.003) and female (P = 0.02) mice without any differences due to  disuse in glycolytic fibres. In male mice, 48 h of unloading was sufficient to  result in ~67% greater mitochondrial oxidative stress as assessed by the reporter  gene pMitoTimer compared with 0 h (P = 0.002), this mitochondrial stress preceded  detectable muscle loss. However in female mice, mitochondrial oxidative stress  did not occur until 168 h of disuse (~40% greater mitochondrial oxidative stress  in 168 h compared with 0 h of disuse, P < 0.0001). Blunted oxidative stress in  female mice appeared to coincide with greater inductions of autophagy and  mitophagy in female mice (~3-fold greater BNIP3 and ~6-fold greater LC3II/I ratio  P < 0.0001 and P = 0.038 respectively). Male mice overall had greater reactive  oxygen species (ROS) production compared with female mice. Female mice had a  greater induction of ROS within 24 h of disuse (~4-fold greater compared with  0 h, P < 0.0001); whereas male mice did not have greater ROS production until  168 h of disuse (~2-fold greater, P < 0.0001). Although all muscle types  exhibited some alterations to mitochondrial quality control, such as increased  markers of mitophagy and fission, the soleus muscle in both male and female mice  exhibited consistent alterations to various markers of mitochondrial quality.  Markers of mitochondrial translation were approximately 30-50% lower within 24 h  of unloading in both male and female soleus muscle (P value ranges:  <0.0001-0.03). CONCLUSIONS: Disuse negatively affects mitochondria differentially  between sexes during development of muscle wasting. Acutely, female mice may  forgo muscle mass to maintain mitochondrial quality compared with male mice.  These differences may contribute to divergent clinical manifestations of atrophy.",2021,"Journal of cachexia, sarcopenia and muscle",3,mitochondrial; ros; pgc1α; disuse; mitophagy
The ChIP-seq-defined networks of Bcl-3 gene binding support its required role in skeletal muscle atrophy.,"NF-kappaB transcriptional activation is required for skeletal muscle disuse atrophy. We are continuing to study how the activation of NF-kB regulates the  genes that encode the protein products that cause atrophy. Using ChIP-sequencing  we found that Bcl-3, an NF-kB transcriptional activator required for atrophy,  binds to the promoters of a number of genes whose collective function describes  two major aspects of muscle wasting. By means of bioinformatics analysis of  ChIP-sequencing data we found Bcl-3 to be directing transcription networks of  proteolysis and energy metabolism. The proteolytic arm of the Bcl-3 networks  includes many E3 ligases associated with proteasomal protein degradation,  including that of the N-end rule pathway. The metabolic arm appears to be  involved in organizing the change from oxidative phosphorylation to glycolysis in  atrophying muscle. For one gene, MuRF1, ChIP-sequencing data identified the  location of Bcl-3 and p50 binding in the promoter region which directed the  creation of deletant and base-substitution mutations of MuRF1 promoter constructs  to determine the effect on gene transcription. The results provide the first  direct confirmation that the NF-kB binding site is involved in the muscle  unloading regulation of MuRF1. Finally, we have combined the ChIP-sequencing  results with gene expression microarray data from unloaded muscle to map several  direct targets of Bcl-3 that are transcription factors whose own targets describe  a set of indirect targets for NF-kB in atrophy. ChIP-sequencing provides the  first molecular explanation for the finding that Bcl3 knockout mice are resistant  to disuse muscle atrophy. Mapping the transcriptional regulation of muscle  atrophy requires an unbiased analysis of the whole genome, which we show is now  possible with ChIP-sequencing.",2012,PloS one,7,skeletal; skeletal muscle; muscle atrophy; protein; role
The effect of vitamin D on sarcopenia depends on the level of physical activity in older adults.,"OBJECTIVE: Sarcopenia in older adults is closely related to vitamin D deficiency and reduced levels of physical activity, but little has been reported on the  interaction between physical activity and the positive effects of vitamin D. The  purpose of this study was to explore the interactive effect of vitamin D and  physical activity on muscle mass and function through animal experiments and  population surveys. METHODS: Male 4-week-old C57BL/6J mice were fed different  purified diets: a vitamin D-deficient diet (with increased calcium and phosphorus  to prevent the effects of abnormal mineral levels on muscle) or a  1,25-dihydroxyvitamin D3 (1,25D)-supplemented diet. After 24 weeks on the  assigned diets, the mice were immobilized. The level of skeletal muscle atrophy  in the mice was determined by grip strength, gastrocnemius (GA) muscle mass and  muscle fiber cross-sectional area (CSA); additionally, the protein expression  levels of FOXO3a and the E3 ubiquitin ligases MuRF1 and MAFbx were detected. A  cross-sectional study included data from 4139 older adults (64.9% women, 67.9 ±  6.7 years) as part of a survey in Shenyang, Northeast China. The associations of  serum 25(OH)D3 and physical activity with timed up and go test (TUG) performance,  handgrip strength, calf circumference, and body muscle mass were assessed by a  linear regression analysis that was adjusted for covariates. RESULTS: In  activity-limited mice, vitamin D deficiency accelerated the decrease in GA muscle  weight, muscle fiber CSA, and grip strength and increased the protein expression  of MuRF1, MAFbx, and FOXO3a (all P < 0.05). In addition, 1,25D supplementation  may inhibit the grip-strength reduction induced by limited activity (P = 0.069).  Serum 25(OH)D3 and physical activity were linearly related to TUG time (P <  0.001) and handgrip strength (P < 0.05) after adjustment for sex, age, body mass  index (BMI), education level, smoking status, and serum calcium level. Serum  25(OH)D3 and physical activity had interactive effects on TUG (P < 0.001) and  handgrip strength (P < 0.05) but not calf circumference or body muscle mass in  older adults. CONCLUSIONS: The effect of vitamin D on muscle strength and  physical performance depends on physical activity level in the elderly. It is  recommended that older adults strive to avoid both physical inactivity and  vitamin D deficiency. Because physical inactivity and vitamin D deficiency may  exacerbate muscle atrophy, the biological mechanism may involve synergistic  effects of vitamin D and physical activity on the promotion of muscle protein  ubiquitination and degradation.",2020,"Journal of cachexia, sarcopenia and muscle",5,older; bed; hmb; bed rest; rest
Proteome-wide Adaptations of Mouse Skeletal Muscles during a Full Month in Space.,"The safety of space flight is challenged by a severe loss of skeletal muscle mass, strength, and endurance that may compromise the health and performance of  astronauts. The molecular mechanisms underpinning muscle atrophy and decreased  performance have been studied mostly after short duration flights and are still  not fully elucidated. By deciphering the muscle proteome changes elicited in mice  after a full month aboard the BION-M1 biosatellite, we observed that the  antigravity soleus incurred the greatest changes compared with locomotor muscles.  Proteomics data notably suggested mitochondrial dysfunction, metabolic and fiber  type switching toward glycolytic type II fibers, structural alterations, and  calcium signaling-related defects to be the main causes for decreased muscle  performance in flown mice. Alterations of the protein balance, mTOR pathway,  myogenesis, and apoptosis were expected to contribute to muscle atrophy.  Moreover, several signs reflecting alteration of telomere maintenance, oxidative  stress, and insulin resistance were found as possible additional deleterious  effects. Finally, 8 days of recovery post flight were not sufficient to restore  completely flight-induced changes. Thus in-depth proteomics analysis unraveled  the complex and multifactorial remodeling of skeletal muscle structure and  function during long-term space flight, which should help define combined sets of  countermeasures before, during, and after the flight.",2017,Journal of proteome research,6,microgravity; space; spaceflight; simulated; mitochondrial
Reactive oxygen species upregulate expression of muscle atrophy-associated ubiquitin ligase Cbl-b in rat L6 skeletal muscle cells.,"Unloading-mediated muscle atrophy is associated with increased reactive oxygen species (ROS) production. We previously demonstrated that elevated ubiquitin  ligase casitas B-lineage lymphoma-b (Cbl-b) resulted in the loss of muscle volume  (Nakao R, Hirasaka K, Goto J, Ishidoh K, Yamada C, Ohno A, Okumura Y, Nonaka I,  Yasutomo K, Baldwin KM, Kominami E, Higashibata A, Nagano K, Tanaka K, Yasui N,  Mills EM, Takeda S, Nikawa T. Mol Cell Biol 29: 4798-4811, 2009). However, the  pathological role of ROS production associated with unloading-mediated muscle  atrophy still remains unknown. Here, we showed that the ROS-mediated signal  transduction caused by microgravity or its simulation contributes to Cbl-b  expression. In L6 myotubes, the assessment of redox status revealed that oxidized  glutathione was increased under microgravity conditions, and simulated  microgravity caused a burst of ROS, implicating ROS as a critical upstream  mediator linking to downstream atrophic signaling. ROS generation activated the  ERK1/2 early-growth response protein (Egr)1/2-Cbl-b signaling pathway, an  established contributing pathway to muscle volume loss. Interestingly,  antioxidant treatments such as N-acetylcysteine and TEMPOL, but not catalase,  blocked the clinorotation-mediated activation of ERK1/2. The increased ROS  induced transcriptional activity of Egr1 and/or Egr2 to stimulate Cbl-b  expression through the ERK1/2 pathway in L6 myoblasts, since treatment with  Egr1/2 siRNA and an ERK1/2 inhibitor significantly suppressed  clinorotation-induced Cbl-b and Egr expression, respectively. Promoter and gel  mobility shift assays revealed that Cbl-b was upregulated via an Egr consensus  oxidative responsive element at -110 to -60 bp of the Cbl-b promoter. Together,  this indicates that under microgravity conditions, elevated ROS may be a crucial  mechanotransducer in skeletal muscle cells, regulating muscle mass through Cbl-b  expression activated by the ERK-Egr signaling pathway.",2018,American journal of physiology. Cell physiology,6,microgravity; space; spaceflight; simulated; mitochondrial
Preventive effect and possible mechanisms of ultrashort wave diathermy on myogenic contracture in a rabbit model.,"The purpose of this study was to determine the preventive effect of ultrashort wave diathermy on immobilization-induced myogenic contracture and to explore its  underlying mechanisms. Forty-two rabbits were randomly assigned into control  (Group C), immobilization (Group I, which was further divided into one week,  Group I-1; two weeks, Group I-2; and four weeks, Group I-4, subgroups by the  length of immobilization) and ultrashort wave prevention (Group U, which was  further divided into one week, Group U-1; two weeks, Group U-2; and four weeks,  Group U-4, by time of treatment) groups. Intervention effects were assessed by  evaluating rectus femoris cross-sectional area (CSA), knee range of motion, and  the protein levels for myogenic differentiation (MyoD) and muscle atrophy F-box  (MAFbx-1) in the rectus femoris. Compared with those of Group C, in Groups I and  U, total contracture, myogenic contracture, MyoD and MAFbx-1 levels were  significantly elevated, and CSA was significantly smaller (p < 0.05). Compared  with those of Group I at each time point, MyoD levels were significantly  elevated, MAFbx-1 levels were significantly lower, CSA was significantly larger,  and myogenic contracture was significantly alleviated in Group U (p < 0.05). In  the early stages of contracture, ultrashort wave diathermy reduces muscle atrophy  and delays the process of myogenic contracture during joint immobilization; the  mechanism of this may be explained as increased expression of MyoD triggered by  suppression of the MAFbx-1-mediated ubiquitin-proteasome pathway.",2021,Science progress,8,group; immobilization; expression; protein; cast
Branched-chain amino acids reduce hindlimb suspension-induced muscle atrophy and protein levels of atrogin-1 and MuRF1 in rats.,"Atrogin-1 and MuRF1, muscle-specific ubiquitin ligases, and autophagy play a role in protein degradation in muscles. We hypothesized that branched-chain amino  acids (BCAAs) may decrease atrogin-1, MuRF1, and autophagy, and may have a  protective effect on disuse muscle atrophy. To test this hypothesis, we selected  hindlimb suspension (HS)-induced muscle atrophy as a model of disuse muscle  atrophy because it is an established model to investigate the effects of  decreased muscle activity. Sprague-Dawley male rats were assigned to 4 groups:  control, HS (14 days), oral BCAA administration (600 mg/[kg day], 22.9%  L-isoleucine, 45.8% L-leucine, and 27.6% L-valine), and HS and BCAA  administration. After 14 days of the treatment, muscle weights and protein  concentrations, cross-sectional area (CSA) of the muscle fibers, atrogin-1 and  MuRF1 proteins, and microtubule-associated protein 1 light chain 3 II/I (ratio of  LC3 II/I) were measured. Hindlimb suspension significantly reduced soleus muscle  weight and CSA of the muscle fibers. Branched-chain amino acid administration  partly but significantly reversed the HS-induced decrease in CSA. Hindlimb  suspension increased atrogin-1 and MuRF1 proteins, which play a pivotal role in  various muscle atrophies. Branched-chain amino acid attenuated the increase in  atrogin-1 and MuRF1 in soleus muscles. Hindlimb suspension significantly  increased the ratio of LC3 II/I, an indicator of autophagy, whereas BCAA did not  attenuate the increase in the ratio of LC3 II/I. These results indicate the  possibility that BCAA inhibits HS-induced muscle atrophy, at least in part, via  the inhibition of the ubiquitin-proteasome pathway. Oral BCAA administration  appears to have the potential to prevent disuse muscle atrophy.",2012,"Nutrition research (New York, N.Y.)",2,soleus; hs; soleus muscle; unloading; rats
Changes in FOXO and proinflammatory cytokines in the late stage of immobilized fast and slow muscle atrophy.,"The present study aimed to examine the changes in the expression of Forkhead box protein O (FOXO) and proinflammatory cytokines in both slow-twitch soleus and  fast-twitch plantaris muscles following cast immobilization. Male C57BL/6 mice  were subjected to cast immobilization for 7 and 21 days. Cast immobilization  increased FOXO3a mRNA and total protein expression in both the soleus and  plantaris muscles. Although FOXO3a phosphorylation tended to increase in response  to cast immobilization in both muscles, a significant increase was evident after  21 days of immobilization only in the soleus muscle. The degree of the response  of FOXO3a was very different between the soleus and plantaris muscles; however,  the kinetics of FOXO3a in both muscles were similar. Thus, the regulation of  muscle atrophy by FOXO might act via a common mechanism in both slow-twitch  soleus and fast-twitch plantaris muscles. Gene expression of proinflammatory  cytokines tended to increase in response to cast immobilization, and a  significant increase was evident after 21 days of immobilization in the soleus  muscle. However, in the plantaris muscle, proinflammatory cytokine gene  expression remained unchanged throughout the immobilization period; nevertheless,  immobilization induced greater reduction in muscle fiber cross-sectional area in  the plantaris than in the soleus muscle. Thus, these observations indicate that  regulation of muscle atrophy by proinflammatory cytokines might contribute to  muscle fiber type-specific mechanisms.",2017,"Biomedical research (Tokyo, Japan)",8,group; immobilization; expression; protein; cast
Preventive Effects of Dulaglutide on Disuse Muscle Atrophy Through Inhibition of Inflammation and Apoptosis by Induction of Hsp72 Expression.,"Pathological conditions such as joint immobilization, long-time bed rest, or inactivity may result in disuse-induced muscle wasting and dysfunction. To  investigate the effect of dulaglutide, a long-acting glucagon-like peptide-1  receptor agonist, on disuse muscle atrophy, disuse condition was induced by  spiral wire immobilization in C57BL/6 mice and the mice were treated with  dulaglutide. Dulaglutide treatment effectively improved muscle function and  increased muscle mass compared with vehicle treatment. Dulaglutide inhibited the  decrease of muscle fiber size and the expression of atrophic factors such as  myostatin, atrogin-1/MAFbx, and muscle RING-finger protein-1 in immobilized mice.  In addition, dulaglutide inhibited nuclear factor kappa B activation, leading to  a decrease in the mRNA levels of proinflammatory cytokines, including tumor  necrosis factor-α, interleukin (IL)-1β, and IL-6 in muscle of immobilized mice.  Dulaglutide suppressed the expression of apoptotic markers such as caspase-3,  cleaved poly-ADP ribose polymerase, and Bax under immobilization condition and  increased the expression of heat shock protein 72 (Hsp72), which is related to  the amelioration of inflammation and apoptosis during disuse time. Further study  showed that dulaglutide could induce Hsp72 expression via the regulation of  5'-AMP-activated protein kinase signaling. Our data suggest that dulaglutide  could exert beneficial effects against disuse-induced muscle atrophy.",2020,Frontiers in pharmacology,9,mice; muscle atrophy; protein; immobilization; mass
Combined Effects of Protein/Fat Deficiency and Disuse on Skeletal Muscle Mass and Function in Mice.,"BACKGROUND: Sarcopenia is driven by multifactorial insults, including undernutrition and disuse; however, the causal links between inadequate nutrition  and the loss of muscle mass and strength remain unclear. This study aimed to  establish mouse models of protein and/or fat deficiency and to investigate their  interaction with disuse on skeletal muscle. METHODS: Nine-week-old male C57BL/6J  mice fed isocaloric diets for 8 weeks: normal chow (NC), low fat (LF), low  protein (LP), or low protein and low fat (LPLF). Outcomes included body weight,  grip strength test, gastrocnemius and soleus muscle weights, cross-sectional area  (CSA) of gastrocnemius muscle fibers, and gastrocnemius muscle mRNA expression of  ubiquitin-proteasome system (UPS) markers (atrogin-1, MuRF1) and inflammatory  cytokines (TNF-α, IL-6, IL-1β). After the 8-week diet phase, a disuse model using  bilateral hindlimb immobilization for 1, 3, or 7 days was applied under continued  isocaloric feeding to assess diet-disuse interactions. RESULTS: Compared with NC,  the LF, LP, and LPLF groups showed reduced body weight, grip strength, muscle  mass, and myofiber CSA. Upregulation of UPS-related genes was observed in LPLF,  whereas the expression of inflammation-related genes did not differ from NC in  LF, LP, and LPLF. When combined with immobilization, LP and LPLF diets further  exacerbated the decreases in muscle mass and strength compared with NC,  accompanied by increased expression of both UPS- and inflammation-related genes.  CONCLUSIONS: An animal model of diet-induced reduction in muscle mass and  strength was established, which will be useful for investigating the effects of  protein and fat deficiency on skeletal muscle. Elucidating the detailed molecular  pathways involved remains an important goal for future research and may provide  new insights into nutritional approaches to prevent or treat sarcopenia.",2026,Geriatrics & gerontology international,9,mice; muscle atrophy; protein; immobilization; mass
Attenuation of unloading-induced rat soleus atrophy with the heat-shock protein inducer 17-(allylamino)-17-demethoxygeldanamycin.,"We hypothesized that pharmacological induction of HSP70 would attenuate soleus atrophy development under 3 d of rat hindlimb unloading. Male Wistar rats were  divided into control (C; n=7), 3-d hindlimb unloading (HUL; n=7), HUL with HSP90  inducer administration, 17-allylamino-17-emethoxygeldanamycin (17-AAG; 60 mg/kg,  HUL+17-AAG, n=8). The relative weight of soleus muscle to body weight [soleus wt  (mg)/body wt (g)] in the HUL group was less than that of the C and HUL+17-AAG  groups (P<0.05). We revealed HSP90, HSP70 mRNA decrease in the HUL group (but not  the HUL+17-AAG group) vs. C (P<0.05). The unloading resulted in significant  increases of μ-calpain and conjugated ubiquitin (Ub) levels (proteins as well as  mRNAs) vs. the C group, whereas 17-AAG administration prevented these alterations  (studied by SDS-PAGE and RT-PCR). pFOXO3 protein was decreased in the HUL group  vs. C, but not in HUL+17-AAG. Content of E3-lygase (MuRF-1, MAFbx) mRNA was  increased in both suspended groups. In summary, 17-AAG administration attenuates  soleus muscle atrophy, μ-calpain, and Ub increases under hindlimb unloading as  well as decrease of pFOXO3.",2012,FASEB journal : official publication of the Federation of American Societies for Experimental Biology,2,soleus; hs; soleus muscle; unloading; rats
Leonurine-Standardized Leonurus japonicus Extract Promotes Recovery from Immobilization-Induced Muscle Atrophy via PI3K/Akt/mTOR Signaling in Mice.,"Muscle atrophy involves the progressive loss of muscle mass and function, often linked to aging, disease, or inactivity. Although Leonurus japonicus and its  active compound, leonurine, possess antioxidant and anti-inflammatory properties,  their potential to improve muscle mass remains unknown. This study investigated  the recovery-promoting effects and underlying mechanisms of a  leonurine-standardized water extract of L. japonicus (LJW) and leonurine on  muscle atrophy. We hypothesized that LJW and leonurine would promote recovery  from muscle atrophy by activating the PI3K/Akt/mTOR pathway and suppressing  FoxO3a-mediated proteolysis. Atrophy was induced in mice via 1-week hindlimb  immobilization, followed by daily oral administration of LJW (150 or 300 mg/kg)  or leonurine (30 mg/kg) for 1 week. LJW and leonurine not only improved exercise  capacity and grip strength but also increased muscle volume, muscle mass, and  cross-sectional area in the immobilized hindlimbs. At the molecular level, both  treatments activated the mammalian target of rapamycin (mTOR) pathway for protein  synthesis. They also increased forkhead box O3a (FoxO3a) phosphorylation and  reduced FoxO3a-associated proteolytic markers, attenuating catabolic signaling by  enhancing the phosphatidylinositol 3-kinase (PI3K)/Akt pathway. Furthermore,  molecular docking analysis suggested that leonurine potentially interacts with  the PI3K protein. Additionally, treatments reduced total nuclear factor kappa B  (NF-κB) protein levels, which was accompanied by the downregulation of tumor  necrosis factor α and interleukin 6. Taken together, LJW and leonurine enhanced  recovery from immobilization-induced muscle atrophy, indicating their potential  as novel therapeutic agents against muscle wasting.",2026,Journal of microbiology and biotechnology,9,mice; muscle atrophy; protein; immobilization; mass
Additional effects of simultaneous treatment with C14-Cblin and celastrol on the clinorotation-induced rat L6 myotube atrophy.,"Two novel reagents, N-myristoylated Cbl-b inhibitory peptide (C14-Cblin) and celastrol, a quinone methide triterpene, are reported to be effective in  preventing myotube atrophy. The combined effects of C14-Cblin and celastrol on  rat L6 myotubes atrophy induced by 3D-clinorotation, a simulated microgravity  model, was investigated in the present study. We first examined their effects on  expression in atrogenes. Increase in MAFbx1/atrogin-1 and MuRF-1 by  3D-clinorotation was significantly suppressed by treatment with C14-Cblin or  celastrol, but there was no additive effect of simultaneous treatment. However,  celastrol significantly suppressed the upregulation of Cbl-b and HSP70 by  3D-clinorotation. Whereas 3D-clinorotation decreased the protein level of IRS-1  in L6 myotubes, C14-Cblin and celastrol inhibited the degradation of IRS-1.  C14-Cblin and celastrol promoted the phosphorylation of FOXO3a even in  microgravity condition. Simultaneous administration of C14-Cblin and celastrol  had shown little additive effect in reversing the impairment of IGF-1 signaling  by 3D-clinorotation. While 3D-clinorotation-induced marked oxidative stress in L6  myotubes, celastrol suppressed 3D-clinorotation-induced ROS production. Finally,  the C14-Cblin and celastrol-treated groups were inhibited decrease in L6 myotube  diameter and increased the protein content of slow-twitch MyHC cultured under  3D-clinorotation. The simultaneous treatment of C14-Cblin and celastrol  additively prevented 3D-clinorotation-induced myotube atrophy than single  treatment. J. Med. Invest. 69 : 127-134, February, 2022.",2022,The journal of medical investigation : JMI,6,microgravity; space; spaceflight; simulated; mitochondrial
FoxO-dependent atrogenes vary among catabolic conditions and play a key role in muscle atrophy induced by hindlimb suspension.,"KEY POINTS: Muscle atrophy is a debilitating condition that affects a high percentage of the population with a negative impact on quality of life.  Dissecting the molecular level of the atrophy process, and the  similarities/dissimilarities among different catabolic conditions, is a necessary  step for designing specific countermeasures to attenuate/prevent muscle loss. The  FoxO family transcription factors represent one of the most important regulators  of atrophy programme stimulating the expression of many atrophy-related genes.  The findings of the present study clearly indicate that the signalling network  controlling the atrophy programme is specific for each catabolic condition.  ABSTRACT: Muscle atrophy is a complex process that is in common with many  different catabolic diseases including disuse/inactivity and ageing. The  signalling pathways that control the atrophy programme in the different  disuse/inactivity conditions have not yet been completely dissected. The  inhibition of FoxO is considered to only partially spare muscle mass after  denervation. The present study aimed: (i) to determine the involvement of FoxOs  in hindlimb suspension disuse model; (ii) to define whether the molecular events  of protein breakdown are shared among different unloaded muscles; and finally  (iii) to compare the data obtained in this model with another model of inactivity  such as denervation. Both wild-type and muscle-specific FoxO1,3,4 knockout  (FoxO1,3,4(-/-) ) mice were unloaded for 3 and 14 days and muscles were  characterized by functional, morphological, biochemical and molecular assays. The  data obtained show that FoxOs are required for muscle loss and force drop during  unloading. Moreover, we found that FoxO-dependent atrogenes vary in different  unloaded muscles and that they diverge from denervation. The findings of the  present study clearly indicate that the signalling network that controls the  atrophy programme is specific for each catabolic condition.",2017,The Journal of physiology,0,recovery; reloading; mass; muscle mass; mice
"Time-Course of Muscle Mass Loss, Damage, and Proteolysis in Gastrocnemius following Unloading and Reloading: Implications in Chronic Diseases.","BACKGROUND: Disuse muscle atrophy is a major comorbidity in patients with chronic diseases including cancer. We sought to explore the kinetics of molecular  mechanisms shown to be involved in muscle mass loss throughout time in a mouse  model of disuse muscle atrophy and recovery following immobilization. METHODS:  Body and muscle weights, grip strength, muscle phenotype (fiber type composition  and morphometry and muscle structural alterations), proteolysis, contractile  proteins, systemic troponin I, and mitochondrial content were assessed in  gastrocnemius of mice exposed to periods (1, 2, 3, 7, 15 and 30 days) of  non-invasive hindlimb immobilization (plastic splint, I cohorts) and in those  exposed to reloading for different time-points (1, 3, 7, 15, and 30 days, R  cohorts) following a seven-day period of immobilization. Groups of control  animals were also used. RESULTS: Compared to non-exposed controls, muscle weight,  limb strength, slow- and fast-twitch cross-sectional areas, mtDNA/nDNA, and  myosin content were decreased in mice of I cohorts, whereas tyrosine release,  ubiquitin-proteasome activity, muscle injury and systemic troponin I levels were  increased. Gastrocnemius reloading following splint removal improved muscle mass  loss, strength, fiber atrophy, injury, myosin content, and mtDNA/nDNA, while  reducing ubiquitin-proteasome activity and proteolysis. CONCLUSIONS: A consistent  program of molecular and cellular events leading to reduced gastrocnemius muscle  mass and mitochondrial content and reduced strength, enhanced proteolysis, and  injury, was seen in this non-invasive mouse model of disuse muscle atrophy.  Unloading of the muscle following removal of the splint significantly improved  the alterations seen during unloading, characterized by a specific kinetic  profile of molecular events involved in muscle regeneration. These findings have  implications in patients with chronic diseases including cancer in whom physical  activity may be severely compromised.",2016,PloS one,0,recovery; reloading; mass; muscle mass; mice
Masseter muscle myofibrillar protein synthesis and degradation in an experimental critical illness myopathy model.,"Critical illness myopathy (CIM) is a debilitating common consequence of modern intensive care, characterized by severe muscle wasting, weakness and a decreased  myosin/actin (M/A) ratio. Limb/trunk muscles are primarily affected by this  myopathy while cranial nerve innervated muscles are spared or less affected, but  the mechanisms underlying these muscle-specific differences remain unknown. In  this time-resolved study, the cranial nerve innervated masseter muscle was  studied in a unique experimental rat intensive care unit (ICU) model, where  animals were exposed to sedation, neuromuscular blockade (NMB), mechanical  ventilation, and immobilization for durations varying between 6 h and 14d. Gel  electrophoresis, immunoblotting, RT-PCR and morphological staining techniques  were used to analyze M/A ratios, myofiber size, synthesis and degradation of  myofibrillar proteins, and levels of heat shock proteins (HSPs). Results obtained  in the masseter muscle were compared with previous observations in experimental  and clinical studies of limb muscles. Significant muscle-specific differences  were observed, i.e., in the masseter, the decline in M/A ratio and muscle fiber  size was small and delayed. Furthermore, transcriptional regulation of myosin and  actin synthesis was maintained, and Akt phosphorylation was only briefly reduced.  In studied degradation pathways, only mRNA, but not protein levels of MuRF1,  atrogin-1 and the autophagy marker LC3b were activated by the ICU condition. The  matrix metalloproteinase MMP-2 was inhibited and protective HSPs were  up-regulated early. These results confirm that the cranial nerve innervated  masticatory muscles is less affected by the ICU-stress response than limb  muscles, in accordance with clinical observation in ICU patients with CIM,  supporting the model' credibility as a valid CIM model.",2014,PloS one,0,recovery; reloading; mass; muscle mass; mice
The complex of PAMAM-OH dendrimer with Angiotensin (1-7) prevented the disuse-induced skeletal muscle atrophy in mice.,"Angiotensin (1-7) (Ang-(1-7)) is a bioactive heptapeptide with a short half-life and has beneficial effects in several tissues - among them, skeletal muscle - by  preventing muscle atrophy. Dendrimers are promising vehicles for the protection  and transport of numerous bioactive molecules. This work explored the use of a  neutral, non-cytotoxic hydroxyl-terminated poly(amidoamine) (PAMAM-OH) dendrimer  as an Ang-(1-7) carrier. Bioinformatics analysis showed that the  Ang-(1-7)-binding capacity of the dendrimer presented a 2:1 molar ratio.  Molecular dynamics simulation analysis revealed the capacity of neutral PAMAM-OH  to protect Ang-(1-7) and form stable complexes. The peptide coverage ability of  the dendrimer was between ~50% and 65%. Furthermore, an electrophoretic mobility  shift assay demonstrated that neutral PAMAM-OH effectively bonded peptides.  Experimental results showed that the Ang-(1-7)/PAMAM-OH complex, but not  Ang-(1-7) alone, had an anti-atrophic effect when administered intraperitoneally,  as evaluated by muscle strength, fiber diameter, myofibrillar protein levels, and  atrogin-1 and MuRF-1 expressions. The results of the Ang-(1-7)/PAMAM-OH complex  being intraperitoneally injected were similar to the results obtained when  Ang-(1-7) was systemically administered through mini-osmotic pumps. Together, the  results suggest that Ang-(1-7) can be protected for PAMAM-OH when this complex is  intraperitoneally injected. Therefore, the Ang-(1-7)/PAMAM-OH complex is an  efficient delivery method for Ang-(1-7), since it improves the anti-atrophic  activity of this peptide in skeletal muscle.",2017,International journal of nanomedicine,7,skeletal; skeletal muscle; muscle atrophy; protein; role
"Translational signalling, atrogenic and myogenic gene expression during unloading and reloading of skeletal muscle in myostatin-deficient mice.","Skeletal muscles of myostatin null (Mstn(-/-)) mice are more susceptible to atrophy during hind limb suspension (HS) than are muscles of wild-type mice. Here  we sought to elucidate the mechanism for this susceptibility and to determine if  Mstn(-/-) mice can regain muscle mass after HS. Male Mstn(-/-) and wild-type mice  were subjected to 0, 2 or 7 days of HS or 7 days of HS followed by 1, 3 or 7 days  of reloading (n = 6 per group). Mstn(-/-) mice lost more mass from muscles  expressing the fast type IIb myofibres during HS and muscle mass was recovered in  both genotypes after reloading for 7 days. Concentrations of MAFbx and MuRF1  mRNA, crucial ligases regulating the ubiquitin-proteasome system, but not MUSA1,  a BMP-regulated ubiquitin ligase, were increased more in muscles of Mstn(-/-)  mice, compared with wild-type mice, during HS and concentrations decreased in  both genotypes during reloading. Similarly, concentrations of LC3b, Gabarapl1 and  Atg4b, key effectors of the autophagy-lysosomal system, were increased further in  muscles of Mstn(-/-) mice, compared with wild-type mice, during HS and decreased  in both genotypes during reloading. There was a greater abundance of 4E-BP1 and  more bound to eIF4E in muscles of Mstn(-/-) compared with wild-type mice  (P<0.001). The ratio of phosphorylated to total eIF2α increased during HS and  decreased during reloading, while the opposite pattern was observed for rpS6.  Concentrations of myogenic regulatory factors (MyoD, Myf5 and myogenin) mRNA were  increased during HS in muscles of Mstn(-/-) mice compared with controls  (P<0.001). We attribute the susceptibility of skeletal muscles of Mstn(-/-) mice  to atrophy during HS to an up- and downregulation, respectively, of the  mechanisms regulating atrophy of myofibres and translation of mRNA. These  processes are reversed during reloading to aid a faster rate of recovery of  muscle mass in Mstn(-/-) mice.",2014,PloS one,0,recovery; reloading; mass; muscle mass; mice
Role of PI3 Kinases in Cell Signaling and Soleus Muscle Atrophy During Three Days of Unloading.,"During skeletal muscle unloading, phosphoinositide 3-kinase (PI3K), and especially PI3K gamma (PI3Kγ), can be activated by changes in membrane potential.  Activated IP3 can increase the ability of Ca(2+) to enter the nucleus through IP3  receptors. This may contribute to the activation of transcription factors that  initiate muscle atrophy processes. LY294002 inhibitor was used to study the role  of PI3K in the ATP-dependent regulation of skeletal muscle signaling during three  days of unloading. Inhibition of PI3K during soleus muscle unloading slows down  the atrophic processes and prevents the accumulation of ATP and the expression of  the E3 ubiquitin ligase MuRF1 and ubiquitin. It also prevents the increase in the  expression of IP3 receptors and regulates the activity of Ca(2+)-dependent  signaling pathways by reducing the mRNA expression of the Ca(2+)-dependent marker  calcineurin (CaN) and decreasing the phosphorylation of CaMKII. It also affects  the regulation of markers of anabolic signaling in unloaded muscles: IRS1 and  4E-BP. PI3K is an important mediator of skeletal muscle atrophy during unloading.  Developing strategies for the localized skeletal muscle release of PI3K  inhibitors might be one of the future treatments for inactivity and  disease-induced muscle atrophy.",2025,International journal of molecular sciences,2,soleus; hs; soleus muscle; unloading; rats
Impaired translocation of GLUT4 results in insulin resistance of atrophic soleus muscle.,"Whether or not the atrophic skeletal muscle induces insulin resistance and its mechanisms are not resolved now. The antigravity soleus muscle showed a  progressive atrophy in 1-week, 2-week, and 4-week tail-suspended rats.  Hyperinsulinemic-euglycemic clamp showed that the steady-state glucose infusion  rate was lower in 4-week tail-suspended rats than that in the control rats. The  glucose uptake rates under insulin- or contraction-stimulation were significantly  decreased in 4-week unloaded soleus muscle. The key protein expressions of IRS-1,  PI3K, and Akt on the insulin-dependent pathway and of AMPK, ERK, and p38 on the  insulin-independent pathway were unchanged in unloaded soleus muscle. The  unchanged phosphorylation of Akt and p38 suggested that the activity of two  signal pathways was not altered in unloaded soleus muscle. The AS160 and GLUT4  expression on the common downstream pathway also was not changed in unloaded  soleus muscle. But the GLUT4 translocation to sarcolemma was inhibited during  insulin stimulation in unloaded soleus muscle. The above results suggest that  hindlimb unloading in tail-suspended rat induces atrophy in antigravity soleus  muscle. The impaired GLUT4 translocation to sarcolemma under insulin stimulation  may mediate insulin resistance in unloaded soleus muscle and further affect the  insulin sensitivity of whole body in tail-suspended rats.",2015,BioMed research international,2,soleus; hs; soleus muscle; unloading; rats
Epigallocatechin-3-gallate increases autophagy signaling in resting and unloaded plantaris muscles but selectively suppresses autophagy protein abundance in  reloaded muscles of aged rats.,"We have previously found that Epigallocatechin-3-gallate (EGCg), an abundant catechin in green tea, reduced apoptotic signaling and improved muscle recovery  in response to reloading after hindlimb suspension (HS). In this study, we  investigated if EGCg altered autophagy signaling in skeletal muscle of old rats  in response to HS or reloading after HS. Fischer 344×Brown Norway inbred rats  (age 34months) were given 1ml/day of purified EGCg (50mg/kg body weight), or the  same sample volume of the vehicle by gavage. One group of animals received HS for  14days and the second group of rats received 14days of HS, then the HS was  removed and they were allowed to recover by ambulating normally around the cage  for two weeks. EGCg decreased a small number of autophagy genes in control  muscles, but it increased the expression of other autophagy genes (e.g., ATG16L2,  SNCA, TM9SF1, Pink1, PIM-2) and HS did not attenuate these increases. HS  increased Beclin1, ATG7 and LC3-II/I protein abundance in hindlimb muscles.  Relative to vehicle treatment, EGCg treatment had greater ATG12 protein abundance  (35.8%, P<0.05), but decreased Beclin1 protein levels (-101.1%, P<0.05) after HS.  However, in reloaded muscles, EGCg suppressed Beclin1 and LC3-II/I protein  abundance as compared to vehicle treated muscles. EGCg appeared to ""prime""  autophagy signaling before and enhance autophagy gene expression and protein  levels during unloading in muscles of aged rats, perhaps to improve the clearance  of damaged organelles. However, EGCg suppressed autophagy signaling after  reloading, potentially to increase the recovery of hindlimb muscles mass and  function after loading is restored.",2017,Experimental gerontology,2,soleus; hs; soleus muscle; unloading; rats
Deciphering the Therapeutic Role of Lactate in Combating Disuse-Induced Muscle Atrophy: An NMR-Based Metabolomic Study in Mice.,"Disuse muscle atrophy (DMA) is a significant healthcare challenge characterized by progressive loss of muscle mass and function resulting from prolonged  inactivity. The development of effective strategies for muscle recovery is  essential. In this study, we established a DMA mouse model through hindlimb  suspension to evaluate the therapeutic potential of lactate in alleviating the  detrimental effects on the gastrocnemius muscle. Using NMR-based metabolomic  analysis, we investigated the metabolic changes in DMA-injured gastrocnemius  muscles compared to controls and evaluated the beneficial effects of lactate  treatment. Our results show that lactate significantly reduced muscle mass loss  and improved muscle function by downregulating Murf1 expression, decreasing  protein ubiquitination and hydrolysis, and increasing myosin heavy chain levels.  Crucially, lactate corrected perturbations in four key metabolic pathways in the  DMA gastrocnemius: the biosynthesis of phenylalanine, tyrosine, and tryptophan;  phenylalanine metabolism; histidine metabolism; and arginine and proline  metabolism. In addition to phenylalanine-related pathways, lactate also plays a  role in regulating branched-chain amino acid metabolism and energy metabolism.  Notably, lactate treatment normalized the levels of eight essential metabolites  in DMA mice, underscoring its potential as a therapeutic agent against the  consequences of prolonged inactivity and muscle wasting. This study not only  advances our understanding of the therapeutic benefits of lactate but also  provides a foundation for novel treatment approaches aimed at metabolic  restoration and muscle recovery in conditions of muscle wasting.",2024,"Molecules (Basel, Switzerland)",9,mice; muscle atrophy; protein; immobilization; mass
Differential gene expression of muscle-specific ubiquitin ligase MAFbx/Atrogin-1 and MuRF1 in response to immobilization-induced atrophy of slow-twitch and  fast-twitch muscles.,"We examined muscle-specific ubiquitin ligases MAFbx/Atrogin-1 and MuRF1 gene expression resulting from immobilization-induced skeletal muscle atrophy of  slow-twitch soleus and fast-twitch plantaris muscles. Male C57BL/6 mice were  subjected to hindlimb immobilization, which induced similar percentage decreases  in muscle mass in the soleus and plantaris muscles. Expression of MAFbx/Atrogin-1  and MuRF1 was significantly greater in the plantaris muscle than in the soleus  muscle during the early stage of atrophy. After a 3-day period of atrophy, total  FOXO3a protein level had increased in both muscles, while phosphorylated FOXO3a  protein had decreased in the plantaris muscle, but not in the soleus muscle.  PGC-1α protein expression did not change following immobilization in both  muscles, but basal PGC-1α protein in the soleus was markedly higher than that in  plantaris muscles. These data suggest that although soleus and plantaris muscles  atrophied to a similar extent and that muscle-specific ubiquitin protein ligases  (E3) may contribute more to the atrophy of fast-twitch muscle than to that of  slow-twitch muscle during immobilization.",2011,The journal of physiological sciences : JPS,2,soleus; hs; soleus muscle; unloading; rats
Positive end-expiratory airway pressure does not aggravate ventilator-induced diaphragmatic dysfunction in rabbits.,"INTRODUCTION: Immobilization of hindlimb muscles in a shortened position results in an accelerated rate of inactivity-induced muscle atrophy and contractile  dysfunction. Similarly, prolonged controlled mechanical ventilation (CMV) results  in diaphragm inactivity and induces diaphragm muscle atrophy and contractile  dysfunction. Further, the application of positive end-expiratory airway pressure  (PEEP) during mechanical ventilation would result in shortened diaphragm muscle  fibers throughout the respiratory cycle. Therefore, we tested the hypothesis  that, compared to CMV without PEEP, the combination of PEEP and CMV would  accelerate CMV-induced diaphragm muscle atrophy and contractile dysfunction. To  test this hypothesis, we combined PEEP with CMV or with assist-control mechanical  ventilation (AMV) and determined the effects on diaphragm muscle atrophy and  contractile properties. METHODS: The PEEP level (8 cmH2O) that did not induce  lung overdistension or compromise circulation was determined. In vivo segmental  length changes of diaphragm muscle fiber were then measured using sonomicrometry.  Sedated rabbits were randomized into seven groups: surgical controls and those  receiving CMV, AMV or continuous positive airway pressure (CPAP) with or without  PEEP for 2 days. We measured in vitro diaphragmatic force, diaphragm muscle  morphometry, myosin heavy-chain (MyHC) protein isoforms, caspase 3, insulin-like  growth factor 1 (IGF-1), muscle atrophy F-box (MAFbx) and muscle ring finger  protein 1 (MuRF1) mRNA. RESULTS: PEEP shortened end-expiratory diaphragm muscle  length by 15%, 14% and 12% with CMV, AMV and CPAP, respectively. Combined PEEP  and CMV reduced tidal excursion of segmental diaphragm muscle length;  consequently, tidal volume (VT) decreased. VT was maintained with combined PEEP  and AMV. CMV alone decreased maximum tetanic force (Po) production by 35% versus  control (P < 0.01). Combined PEEP and CMV did not decrease Po further. Po was  preserved with AMV, with or without PEEP. Diaphragm muscle atrophy did not occur  in any fiber types. Diaphragm MyHC shifted to the fast isoform in the combined  PEEP and CMV group. In both the CMV and combined PEEP and CMV groups compared to  controls, IGF-1 mRNAs were suppressed, whereas Caspase-3, MAFbx and MuRF1 mRNA  expression were elevated. CONCLUSIONS: Two days of diaphragm muscle fiber  shortening with PEEP did not exacerbate CMV-induced diaphragm muscle dysfunction.",2014,"Critical care (London, England)",8,group; immobilization; expression; protein; cast
Transnasal sphenopalatine ganglion blockade for acute facial pain: a prospective randomized case-control study.,"OBJECTIVE: Long-term physical inactivity can cause the atrophy of skeletal muscle. The aim of this study is to explore the underlying mechanisms of physical  inactivity-induced atrophy of skeletal muscle. MATERIALS AND METHODS: 14 Sprague-  Dawley (SD) male rats were divided into 2 groups including normal control (NC)  and hindlimb suspension (HS) groups. After two weeks of HS stimulation, the ratio  between skeletal muscle weight and body weight, and cross-sectional area (CSA) of  skeletal muscle fibers, were measured. Western blot was applied to evaluate the  expression of proteins associated with atrophy and autophagy. The transmission  electron microscope was used to observe the ultra-microstructure and the  mitochondrial quality of skeletal muscle. RESULTS: The rats subjected to 2-week  HS treatment presented an evident atrophy of the skeletal muscle with a  significantly reduced ratio between skeletal muscle weight and body weight, and  smaller cross-sectional area (CSA) of skeletal muscle fibers when compared with  control rats. Meanwhile, HS stimulation resulted in the damage of mitochondria,  the increased expression of MuRF1 and Atrogin-1/MAFbx, and enhanced apoptosis, as  well as dysfunctional autophagy in skeletal muscle. CONCLUSIONS: HS-induced  skeletal muscle atrophy involves the activation of AMPK/FoxO3 signal pathway,  evidenced as AMPK phosphorylation, FoxO3 activation, and Atrogin-1 and MuRF1  up-regulation. FoxO3-mediated autophagy plays an important regulatory role in  HS-induced skeletal muscle atrophy.",2018,European review for medical and pharmacological sciences,1,hu; expression; unloading; skeletal; skeletal muscle
"Age-related deficits in skeletal muscle recovery following disuse are associated with neuromuscular junction instability and ER stress, not impaired protein  synthesis.","Age-related loss of muscle mass and strength can be accelerated by impaired recovery of muscle mass following a transient atrophic stimulus. The aim of this  study was to identify the mechanisms underlying the attenuated recovery of muscle  mass and strength in old rats following disuse-induced atrophy. Adult (9 month)  and old (29 month) male F344BN rats underwent hindlimb unloading (HU) followed by  reloading. HU induced significant atrophy of the hindlimb muscles in both adult  (17-38%) and old (8-29%) rats, but only the adult rats exhibited full recovery of  muscle mass and strength upon reloading. Upon reloading, total RNA and protein  synthesis increased to a similar extent in adult and old muscles. At baseline and  upon reloading, however, proteasome-mediated degradation was suppressed leading  to an accumulation of ubiquitin-tagged proteins and p62. Further, ER stress, as  measured by CHOP expression, was elevated at baseline and upon reloading in old  rats. Analysis of mRNA expression revealed increases in HDAC4, Runx1, myogenin,  Gadd45a, and the AChRs in old rats, suggesting neuromuscular junction  instability/denervation. Collectively, our data suggests that with aging,  impaired neuromuscular transmission and deficits in the proteostasis network  contribute to defects in muscle fiber remodeling and functional recovery of  muscle mass and strength.",2016,Aging,0,recovery; reloading; mass; muscle mass; mice
The role of alterations in mitochondrial dynamics and PGC-1α over-expression in fast muscle atrophy following hindlimb unloading.,"KEY POINTS: Skeletal muscle atrophy occurs as a result of disuse. Although several studies have established that a decrease in protein synthesis and  increase in protein degradation lead to muscle atrophy, little is known about the  triggers underlying such processes. A growing body of evidence challenges  oxidative stress as a trigger of disuse atrophy; furthermore, it is also becoming  evident that mitochondrial dysfunction may play a causative role in determining  muscle atrophy. Mitochondrial fusion and fission have emerged as important  processes that govern mitochondrial function and PGC-1α may regulate  fusion/fission events. Although most studies on mice have focused on the  anti-gravitary slow soleus muscle as it is preferentially affected by disuse  atrophy, several fast muscles (including gastrocnemius) go through a significant  loss of mass following unloading. Here we found that in fast muscles an early  down-regulation of pro-fusion proteins, through concomitant AMP-activated protein  kinase (AMPK) activation, can activate catabolic systems, and ultimately cause  muscle mass loss in disuse. Elevated muscle PGC-1α completely preserves muscle  mass by preventing the fall in pro-fusion protein expression, AMPK and catabolic  system activation, suggesting that compounds inducing PGC-1α expression could be  useful to treat and prevent muscle atrophy. ABSTRACT: The mechanisms triggering  disuse muscle atrophy remain of debate. It is becoming evident that mitochondrial  dysfunction may regulate pathways controlling muscle mass. We have recently shown  that mitochondrial dysfunction plays a major role in disuse atrophy of soleus, a  slow, oxidative muscle. Here we tested the hypothesis that hindlimb  unloading-induced atrophy could be due to mitochondrial dysfunction in fast  muscles too, notwithstanding their much lower mitochondrial content.  Gastrocnemius displayed atrophy following both 3 and 7 days of unloading. SOD1  and catalase up-regulation, no H2 O2 accumulation and no increase of protein  carbonylation suggest the antioxidant defence system efficiently reacted to redox  imbalance in the early phases of disuse. A defective mitochondrial fusion (Mfn1,  Mfn2 and OPA1 down-regulation) occurred together with an impairment of OXPHOS  capacity. Furthermore, at 3 days of unloading higher acetyl-CoA carboxylase (ACC)  phosphorylation was found, suggesting AMP-activated protein kinase (AMPK) pathway  activation. To test the role of mitochondrial alterations we used Tg-mice  overexpressing PGC-1α because of the known effect of PGC-1α on stimulation of  Mfn2 expression. PGC-α overexpression was sufficient to prevent (i) the decrease  of pro-fusion proteins (Mfn1, Mfn2 and OPA1), (ii) activation of the AMPK  pathway, (iii) the inducible expression of MuRF1 and atrogin1 and of authopagic  factors, and (iv) any muscle mass loss in response to disuse. As the effects of  increased PGC-1α activity were sustained throughout disuse, compounds inducing  PGC-1α expression could be useful to treat and prevent muscle atrophy also in  fast muscles.",2015,The Journal of physiology,3,mitochondrial; ros; pgc1α; disuse; mitophagy
"Reloading functionally ameliorates disuse-induced muscle atrophy by reversing mitochondrial dysfunction, and similar benefits are gained by administering a  combination of mitochondrial nutrients.","We previously found that mitochondrial dysfunction occurs in disuse-induced muscle atrophy. However, the mitochondrial remodeling that occurs during  reloading, an effective approach for rescuing unloading-induced atrophy, remains  to be investigated. In this study, using a rat model of 3-week hindlimb unloading  plus 7-day reloading, we found that reloading protected mitochondria against  dysfunction, including mitochondrial loss, abnormal mitochondrial morphology,  inhibited biogenesis, and activation of mitochondria-associated apoptotic  signaling. Interestingly, a combination of nutrients, including α-lipoic acid,  acetyl-L-carnitine, hydroxytyrosol, and CoQ10, which we designed to target  mitochondria, was able to efficiently rescue muscle atrophy via a reloading-like  action. It is suggested that reloading ameliorates skeletal muscle atrophy  through the activation of mitochondrial biogenesis and the amelioration of  oxidative stress. Nutrient administration acted similarly in unloaded rats. Here,  the study of mitochondrial remodeling in rats during unloading and reloading  provides a more detailed picture of the pathology of muscle atrophy.",2014,Free radical biology & medicine,3,mitochondrial; ros; pgc1α; disuse; mitophagy
"MERG1A Protein Abundance Increases in the Atrophied Skeletal Muscle of Denervated Mice, But Does Not Affect NFκB Activity.","Skeletal muscle atrophy may occur with disease, injury, decreased muscle use, starvation, and normal aging. No reliably effective treatments for atrophy are  available, thus research into the mechanisms contributing to muscle loss is  essential. The ERG1A K+ channel contributes to muscle loss by increasing  ubiquitin proteasome proteolysis (UPP) in the skeletal muscle of both unweighted  and cachectic mice. Because the mechanisms which produce atrophy vary based upon  the initiating factor, here we investigate atrophy produced by denervation. Using  immunohistochemistry and immunoblots, we demonstrate that ERG1A protein abundance  increases significantly in the Gastrocnemius muscle of rodents 7 days after both  sciatic nerve transection and hind limb unweighting. Further, we reveal that  ectopic expression of a Merg1a encoded plasmid in normal mouse Gastrocnemius  muscle has no effect on activity of the NFκB transcription factor family, a group  of proteins which contribute to muscle atrophy by modulation of the UPP. Further,  although NFκB activity increases significantly after denervation, we show that  expression of a plasmid encoding a dominant negative Merg1a mutant in  Gastrocnemius muscle prior to denervation, has no effect on NFκB activity. Thus,  although the ERG1A K+ channel increases UPP, it does not do so through modulation  of NFκB transcription factors.",2021,Journal of neuropathology and experimental neurology,0,recovery; reloading; mass; muscle mass; mice
Melatonin attenuates chronic immobilization stress-induced muscle atrophy in rats: Influence on lactate-to-pyruvate ratios and Na(+)/K(+) ATPase activity.,"This study assessed the protective effect of melatonin against muscle atrophy provoked by chronic immobilization stress (CIS). CIS was induced in rats by  limiting their trunk movement for 90 min daily for 6 weeks. Rats subjected to the  CIS procedure demonstrated a substantial decrease in body weight, an increase in  serum corticosterone, muscle atrophy, and an increase in atrogin-1 mRNA levels.  An increase in the serum lactate-to-pyruvate ratio and the oxidative stress  accompanied by a reduction of Na(+)/K(+) ATPase activity could be responsible for  these changes. Melatonin efficiently attenuated CIS-induced deleterious effects  on the muscle by reducing corticosterone levels, the lactate-to-pyruvate ratio,  and oxidative stress, thereby improving Na(+)/K(+) ATPase activity and muscle  condition. We conclude that melatonin can contribute to the prevention of  CIS-induced muscle atrophy via its anti-stress, anti-oxidant properties and its  effect on Na(+)/K(+) ATPase activity.",2018,Pathophysiology : the official journal of the International Society for Pathophysiology,9,mice; muscle atrophy; protein; immobilization; mass
Protective Effects of Quinic Acid Against Disuse-Induced Skeletal Muscle Atrophy via Regulation of Inflammation and Oxidative Stress.,"Disuse-induced muscle atrophy (DMA), commonly resulting from immobilization, is driven by chronic inflammation and oxidative stress, which disrupts the balance  between protein synthesis and degradation. Quinic acid (QA), a natural compound  with known antioxidant and anti-inflammatory properties, was investigated for its  potential to counteract muscle atrophy. Using a DMA-induced immobilization model  in male C57BL/6N (8 weeks) mice, we found that oral QA administration  significantly restored the weight and cross-sectional area of atrophic muscles  and improved muscle function, as measured by grip strength and treadmill  performance. QA also reduced the expression of pro-inflammatory cytokines (Tnf,  Il6, and Myostatin) and E3 ubiquitin ligases (Trim63 and Fbxo32), while  increasing antioxidant enzyme levels and serum IL-15 in DMA. In tumor necrosis  factor-α-stimulated L6 myotubes, QA reversed inflammation- and oxidative  stress-induced gene changes, suppressed NF-ĸB activation, and downregulated  protein degradation pathways mediated by FoxO3α. Furthermore, QA restored the  expression of myogenesis-related genes and reactivated PI3K/Akt and  mTOR/p70S6K/4EBP1 signaling pathways, enhancing protein synthesis. Collectively,  our findings demonstrate that QA mitigates immobilization-induced muscle atrophy  by modulating inflammation, oxidative stress, and key anabolic and catabolic  signaling pathways. These results suggest that QA is a promising functional  compound for preserving skeletal muscle health under conditions of disuse.",2025,"Foods (Basel, Switzerland)",9,mice; muscle atrophy; protein; immobilization; mass
Influence of electrical stimulation on calpain and ubiquitin-proteasome systems in the denervated and unloaded rat tibialis anterior muscles.,"The influence of electrical stimulation on calpain and ubiquitin-proteasome systems was examined in the denervated and unloaded tibialis anterior muscles of  male Wistar rats. Animals were divided into 5 groups: control, denervation,  denervation plus electrical stimulation, unloading, and hindlimb unloading plus  electrical stimulation groups. Due to denervation and unloading for 14 days,  muscle atrophy markedly occurred in the denervated and unloading animals, and the  atrophy in the former was significantly more severe than that in the latter. In  the denervated muscle, the atrophy was significantly attenuated by the electrical  stimulation, but not in the unloaded muscle. Overexpression of calpain-2 and  ubiquitinated proteins was observed only in denervated muscles. In the unloaded  animals, though the expression level of calpain-2 appeared to be slightly higher  than that in the control, the expression level of ubiquitinated proteins was  almost the same as that in the control. The overexpression of calpain-1,  calpain-2, and ubiquitinated proteins in the denervated muscle was inhibited by  the electrical stimulation. However, there was no difference in these expressions  between the unloaded and unloaded plus electrical stimulation groups. The  mechanism of the preventive effect of the electrical stimulation on muscle  atrophy might differ between the denervated and unloaded muscles.",2014,Acta histochemica,8,group; immobilization; expression; protein; cast
Concurrent treatment with ursolic acid and low-intensity treadmill exercise improves muscle atrophy and related outcomes in rats.,"The objective of this study was to analyze the concurrent treatment effects of ursolic acid (UA) and low-intensity treadmill exercise and to confirm the  effectiveness of UA as an exercise mimetic to safely improve muscle  atrophy-related diseases using Sprague-Dawley (SD) rats with skeletal muscle  atrophy. Significant muscle atrophy was induced in male SD rats through hind limb  immobilization using casting for 10 days. The muscle atrophy-induced SD rats were  group into four: SED, sedentary; UA, daily intraperitoneal UA injection, 5 mg/kg;  EX, low-intensity (10-12 m/min, 0° grade) treadmill exercise; and UEX, daily  intraperitoneal UA injection, 5 mg/kg, and low-intensity (10-12 m/min, 0° grade)  treadmill exercise. After 8 weeks of treatment, endurance capacity was analyzed  using a treadmill, and tissues were extracted for analysis of visceral fat mass,  body weight, muscle mass, expression of muscle atrophy- and hypertrophy-related  genes, and endurance capacity. Although the effects of body weight gain control,  muscle mass increase, and endurance capacity improvement were inadequate in the  UA group, significant results were confirmed in the UEX group. The UEX group had  significantly reduced body weight and visceral fat, significantly improved mass  of tibialis anterior and gastrocnemius muscles, and significantly decreased  atrophy-related gene expression of MuRF1 and atrogin-1, but did not have  significant change in hypertrophy-related gene expression of Akt and mTOR. The  endurance capacity was significantly improved in the EX and UEX groups. These  data suggest that concurrent treatment with low-intensity exercise and UA is  effective for atrophy-related physical dysfunctions.",2018,The Korean journal of physiology & pharmacology : official journal of the Korean Physiological Society and the Korean Society of Pharmacology,8,group; immobilization; expression; protein; cast
Promotion of apoptosis and cytochrome c depletion by a low-temperature environment in hindlimb-unloading rats.,"OBJECTIVE: This study aimed to clarify the influence of a low-temperature environment on muscle atrophy and apoptosis. METHODS: Wistar rats were divided  into four groups: two groups of hindlimb-unloading rats maintained in a normal  (25°C, HU) or low-temperature (10°C, HU+LT) environment for 3 weeks and two  corresponding control groups (CON; normal temperature, CON+LT; low-temperature).  RESULTS: The soleus muscle wet weight and muscle-to-body mass ratio were lower in  the experimental groups than in the control groups. The cross-sectional areas of  myofibers in the HU+LT and HU groups were significantly decreased than those in  the CON and CON+LT groups. Ubiquitin ladder levels from soleus muscle lysates  were significantly increased in the HU+LT group. Caspase-3-activated myofibers  were observed only in the HU+LT group. Decreased cytochrome c levels were present  in these caspase-3-activated myofibers. Meanwhile, cytochrome c levels were  increased significantly in CON+LT rats but unchanged in HU+LT rats. CONCLUSION:  Our results suggest that apoptosis caused by hindlimb unloading at low  temperatures is associated with a lack of cytochrome c in myofibers. This  indicates that long-term hindlimb unloading at low temperatures did not suppress  muscle atrophy. We conclude that low-temperature stimulation should not be used  as a long-term treatment for preventing disuse atrophy.",2014,Journal of musculoskeletal & neuronal interactions,2,soleus; hs; soleus muscle; unloading; rats
"An herbal formula consisting of Schisandra chinensis (Turcz.) Baill, Lycium chinense Mill and Eucommia ulmoides Oliv alleviates disuse muscle atrophy in  rats.","ETHNOPHARMACOLOGICAL RELEVANCE: Schisandra chinensis (Turcz.) Baill (SC), Lycium chinense Mill (LC) and Eucommia ulmoides Oliv (EU) are representative tonic  herbal medicines that help to strengthen body muscles and bones making them  stronger according to the Donguibogam, a tradition medical book of the Joseon  Dynasty in Korea. AIM OF THE STUDY: To evaluate effects of an herbal formula  consisting of SC, LC and EU on muscle atrophy in C2C12 myotubes and in a rat  model of immobilization-induced muscle atrophy. MATERIALS AND METHODS: Muscle  atrophy was developed by cast immobilization of unilateral hindlimb on rats for 3  weeks. Treatments were administered orally 14 times over 3 weeks. After  treatments, we compared the change of body weight, muscle weight, grip strength,  muscle fiber size, muscle fiber type shift by Grip strength meter, H&E stain and  ATPase stain. And western blot was used for evaluating molecular mechanism in  muscle atrophy on C2C12 cells. RESULTS: When taken individually, SC was the most  effective of the three in inhibiting tumor necrosis factor alpha (TNF-α)-induced  degeneration of C2C12 myogenesis. The formulation with a mass ratio of 2:1:1 SC:  LC: EU (SSLE) was more effective against TNF-α-induced muscle atrophy than was a  1:1:1 SC: LC: EU (SLE) formula or any of the single herbal extracts. In a rat  model of disuse muscle atrophy, the SSLE formula significantly inhibited  reductions in muscle weight, grip strength and muscle fiber size induced by  hindlimb immobilization, in a dose-dependent manner. The formula also inhibited  immobilization-induced shifting of the muscle fiber type in soleus muscle.  Treatment with SSLE inhibited TNF-α-induced expression of the atrogenes atrogin-1  and muscle RING-finger protein 1 in C2C12 cells. The SSLE formula also increased  myoblast differentiation markers (myoD and myogenin) and activation of the Akt  and mammalian target of rapamycin (mTOR) signaling pathway. CONCLUSION: These  findings suggest that the SSLE formula prevents muscle atrophy through inhibition  of the ubiquitin-proteasome system as well as upregulation of myoblast  differentiation and muscle protein synthesis in C2C12 cells. Taken together, we  conclude that the SSLE formula is invaluable for the development of therapeutic  medicines to prevent disuse muscle atrophy and its accompanying muscle weakness.",2018,Journal of ethnopharmacology,9,mice; muscle atrophy; protein; immobilization; mass
Disuse deterioration of human skeletal muscle challenged by resistive exercise superimposed with vibration: evidence from structural and proteomic analysis.,"In the present bed rest (BR) study, 23 volunteers were randomized into 3 subgroups: 60 d BR control (Ctr); BR with resistive exercise (RE; lower-limb  load); and resistive vibration exercise (RVE; RE with superimposed vibration).  The aim was to analyze by confocal and electron microscopy the effects of  vibration on myofibril and filament integrity in soleus (Sol) and vastus  lateralis (VL) muscle; differential proteomics of contractile, cytoskeletal, and  costameric proteins (TN-C, ROCK1, and FAK); and expression of PGC1α and  atrophy-related master genes MuRF1 and MuRF2. RVE (but not RE) preserved myofiber  size and phenotype in Sol and VL by overexpressing MYBPC1 (42%, P ≤ 0.01), WDR1  (39%, P ≤ 0.01), sarcosin (84%, P ≤ 0.01), and CKM (20%, P ≤ 0.01) and prevented  myofibrillar ultrastructural damage as detectable by MuRF1 expression. In Sol,  cytoskeletal and contractile proteins were normalized by RVE, and TN-C increased  (59%, P ≤ 0.01); the latter also with RE (108%, P ≤ 0.01). In VL, the outcomes of  both RVE (acting on sarcosin and desmin) and RE (by way of troponinT-slow and  MYL2) were similar. RVE appears to be a highly efficient countermeasure protocol  against muscle atrophy and ultrastructural and molecular dysregulation induced by  chronic disuse.",2014,FASEB journal : official publication of the Federation of American Societies for Experimental Biology,8,group; immobilization; expression; protein; cast
"Sarcolemmal loss of active nNOS (Nos1) is an oxidative stress-dependent, early event driving disuse atrophy.","Skeletal muscle atrophy following unloading or immobilization represents a major invalidating event in bedridden patients. Among mechanisms involved in atrophy  development, a controversial role is played by neuronal NOS (nNOS; NOS1), whose  dysregulation at the protein level and/or subcellular distribution also  characterizes other neuromuscular disorders. This study aimed to investigate  unloading-induced changes in nNOS before any evidence of myofiber atrophy, using  vastus lateralis biopsies obtained from young healthy subjects after a short  bed-rest and rat soleus muscles after exposure to short unloading periods. Our  results showed that (1) changes in nNOS subcellular distribution using  NADPH-diaphorase histochemistry to detect enzyme activity were observed earlier  than using immunofluorescence to visualize the protein; (2) loss of active nNOS  from the physiological subsarcolemmal localization occurred before myofiber  atrophy, i.e. in 8-day bed-rest biopsies and in 6 h-unloaded rat soleus, and was  accompanied by increased nNOS activity in the sarcoplasm; (3) nNOS (Nos1)  transcript and protein levels decreased significantly in the rat soleus after 6 h  and 1 day unloading, respectively, to return to ambulatory levels after 4 and  7 days of unloading, respectively; (4) unloading-induced nNOS redistribution  appeared dependent on mitochondrial-derived oxidant species, indirectly measured  by tropomyosin disulfide bonds which had increased significantly in the rat  soleus already after a 6 h-unloading bout; (5) activity of displaced nNOS  molecules is required for translocation of the FoxO3 transcription factor to  myofiber nuclei. FoxO3 nuclear localization in rat soleus increased after 6 h  unloading (about four-fold the ambulatory level), whereas it did not when nNOS  expression and activity were inhibited in vivo before and during 6 h unloading.  In conclusion, this study demonstrates that the redistribution of active nNOS  molecules from sarcolemma to sarcoplasm not only is ahead of the atrophy of  unloaded myofibers, and is induced by increased production of mitochondrial  superoxide anion, but also drives FoxO3 activation to initiate muscle atrophy.  Copyright © 2018 Pathological Society of Great Britain and Ireland. Published by  John Wiley & Sons, Ltd.",2018,The Journal of pathology,2,soleus; hs; soleus muscle; unloading; rats
"Impaired autophagy, chaperone expression, and protein synthesis in response to critical illness interventions in porcine skeletal muscle.","Critical illness myopathy (CIM) is characterized by a preferential loss of the motor protein myosin, muscle wasting, and impaired muscle function in critically  ill intensive care unit (ICU) patients. CIM is associated with severe morbidity  and mortality and has a significant negative socioeconomic effect. Neuromuscular  blocking agents, corticosteroids, sepsis, mechanical ventilation, and  immobilization have been implicated as important risk factors, but the causal  relationship between CIM and the risk factors has not been established. A porcine  ICU model has been used to determine the immediate molecular and cellular  cascades that may contribute to the pathogenesis prior to myosin loss and  extensive muscle wasting. Expression profiles have been compared between pigs  exposed to the ICU interventions, i.e., mechanically ventilated, sedated, and  immobilized for 5 days, with pigs exposed to critical illness interventions,  i.e., neuromuscular blocking agents, corticosteroids, and induced sepsis in  addition to the ICU interventions for 5 days. Impaired autophagy as well as  impaired chaperone expression and protein synthesis were observed in the skeletal  muscle in response to critical illness interventions. A novel finding in this  study is impaired core autophagy machinery in response to critical illness  interventions, which when in concert with downregulated chaperone expression and  protein synthesis may collectively affect the proteostasis in skeletal muscle and  may exacerbate the disease progression in CIM.",2013,Physiological genomics,0,recovery; reloading; mass; muscle mass; mice
Effects of astaxanthin supplementation and electrical stimulation on muscle atrophy and decreased oxidative capacity in soleus muscle during hindlimb  unloading in rats.,"The effects of a combination of the antioxidant astaxanthin (AX) and electrical stimulation (ES) on muscle mass and mitochondrial oxidative capacity were  investigated in the soleus muscle of hindlimb unloaded rats. Five groups of male  Sprague-Dawley rats were used; control, 1-week hindlimb unloading (HU), HU + AX,  HU + ES, and HU + AX + ES. Respective rats in the AX groups received 50-mg/kg AX  twice daily during HU. Calf muscles of rats in the ES groups were electrically  stimulated for 240 s/day during HU. One-week HU decreased muscle mass along with  decreased FoxO3a phosphorylation and increased ubiquitinated proteins  expressions, decreased oxidative enzymatic activity accompanied with decline in  PGC-1α protein expression, and increased reactive oxygen species production.  However, the combination treatment could synergistically attenuate/suppress all  HU-related changes, suggesting protective effects on muscle atrophy and decreased  muscle oxidative capacity due to chronic neuromuscular inactivity.",2019,The journal of physiological sciences : JPS,1,hu; expression; unloading; skeletal; skeletal muscle
Electrostimulation during hindlimb unloading modulates PI3K-AKT downstream targets without preventing soleus atrophy and restores slow phenotype through  ERK.,"Our aim was to analyze the role of phosphatidylinositol 3-kinase (PI3K)-AKT and MAPK signaling pathways in the regulation of muscle mass and slow-to-fast  phenotype transition during hindlimb unloading (HU). For that purpose, we  studied, in rat slow soleus and fast extensor digitorum longus muscles, the time  course of anabolic PI3K-AKT-mammalian target of rapamycin, catabolic  PI3K-AKT-forkhead box O (FOXO), and MAPK signaling pathway activation after 7,  14, and 28 days of HU. Moreover, we performed chronic low-frequency soleus  electrostimulation during HU to maintain exclusively contractile phenotype and so  to determine more precisely the role of these signaling pathways in the  modulation of muscle mass. HU induced a downregulation of the anabolic AKT,  mammalian target of rapamycin, 70-kDa ribosomal protein S6 kinase, 4E-binding  protein 1, and glycogen synthase kinase-3β targets, and an upregulation of the  catabolic FOXO1 and muscle-specific RING finger protein-1 targets correlated with  soleus muscle atrophy. Unexpectedly, soleus electrostimulation maintained 70-kDa  ribosomal protein S6 kinase, 4E-binding protein 1, FOXO1, and muscle-specific  RING finger protein-1 to control levels, but failed to reduce muscle atrophy. HU  decreased ERK phosphorylation, while electrostimulation enabled the maintenance  of ERK phosphorylation similar to control level. Moreover, slow-to-fast myosin  heavy chain phenotype transition and upregulated glycolytic metabolism were  prevented by soleus electrostimulation during HU. Taken together, our data  demonstrated that the processes responsible for gradual disuse muscle plasticity  in HU conditions involved both PI3-AKT and MAPK pathways. Moreover,  electrostimulation during HU restored PI3K-AKT activation without counteracting  soleus atrophy, suggesting the involvement of other signaling pathways. Finally,  electrostimulation maintained initial contractile and metabolism properties in  parallel to ERK activation, reinforcing the idea of a predominant role of ERK in  the regulation of muscle slow phenotype.",2011,"American journal of physiology. Regulatory, integrative and comparative physiology",1,hu; expression; unloading; skeletal; skeletal muscle
The kinin B1 receptor regulates muscle-specific E3 ligases expression and is involved in skeletal muscle mass control.,"Regulation of muscle mass depends on the balance between synthesis and degradation of proteins, which is under the control of different signalling  pathways regulated by hormonal, neural and nutritional stimuli. Such stimuli are  altered in several pathologies, including COPD (chronic obstructive pulmonary  disease), diabetes, AIDS and cancer (cachexia), as well as in some conditions  such as immobilization and aging (sarcopenia), leading to muscle atrophy, which  represents a significant contribution to patient morbidity. The KKS  (kallikrein-kinin system) is composed of the enzymes kallikreins, which generate  active peptides called kinins that activate two G-protein-coupled receptors,  namely B1 and B2, which are expressed in a variety of tissues. The local  modulation of the KKS may account for its participation in different diseases,  such as those of the cardiovascular, renal and central nervous systems, cancer  and many inflammatory processes, including pain. Owing to such pleiotropic  actions of the KKS by local modulatory events and the probable fine-tuning of  associated signalling cascades involved in skeletal muscle catabolic disorders  [for example, NF-κB (nuclear factor κB) and PI3K (phosphoinositide 3-kinase)/Akt  pathways], we hypothesized that KKS might contribute to the modulation of  intracellular responses in atrophying skeletal muscle. Our results show that  kinin B1 receptor activation induced a decrease in the diameter of C2C12  myotubes, activation of NF-κB, a decrease in Akt phosphorylation levels, and an  increase in the mRNA levels of the ubiquitin E3 ligases atrogin-1 and MuRF-1  (muscle RING-finger protein-1). In vivo, we observed an increase in kinin B1  receptor mRNA levels in an androgen-sensitive model of muscle atrophy. In the  same model, inhibition of the kinin B1 receptor with a selective antagonist  resulted in an impairment of atrogin-1 and MuRF-1 expression and IκB (inhibitor  of NF-κB) phosphorylation. Moreover, knockout of the kinin B1 receptor in mice  led to an impairment in MuRF-1 mRNA expression after induction of LA (levator  ani) muscle atrophy. In conclusion, using pharmacological and gene-ablation  tools, we have obtained evidence that the kinin B1 receptor plays a significant  role in the regulation of skeletal muscle proteolysis in the LA muscle atrophy  model.",2014,"Clinical science (London, England : 1979)",7,skeletal; skeletal muscle; muscle atrophy; protein; role
Curcumin treatment prevents increased proteasome and apoptosome activities in rat skeletal muscle during reloading and improves subsequent recovery.,"Immobilization is characterized by activation of the ubiquitin (Ub)-proteasome-dependent proteolytic system (UPS) and of the mitochondrial  apoptotic pathway. Increased oxidative stress and inflammatory response occur in  immobilized skeletal muscles. Curcumin exhibits antioxidant and anti-inflammatory  properties, blocked proteasome activation in intact animals, and may favor  skeletal muscle regeneration. We therefore measured the effects of curcumin on  immobilization-induced muscle atrophy and subsequent recovery. Rats were  subjected to hindlimb immobilization for 8 days (I8) and allowed to recover for  10 days (R10). Fifty percent of the rats were injected daily with either curcumin  or vehicle. Proteolytic and apoptotic pathways were studied in gastrocnemius  muscles. Curcumin treatment prevented the enhanced proteasome chymotrypsin-like  activity and the trend toward increased caspase-9-associated apoptosome activity  at I8 in immobilized muscles. By contrast, the increase of these two activities  was blunted by curcumin at R10. Curcumin did not reduce muscle atrophy at I8 but  improved muscle recovery at R10 and the cross-sectional area of muscle fibers of  immobilized muscles. Curcumin reduced the increased protein levels of Smac/DIABLO  induced by immobilization and enhanced the elevation of X-linked inhibitory  apoptotic protein levels at R10. Ub-conjugate levels and caspase-3 activity  increased at I8 and were normalized at R10 without being affected by curcumin  treatment. Altogether, the data show that curcumin treatment improved recovery  during reloading. The effect of curcumin during the atrophic phase on proteasome  activities may facilitate the initiation of muscle recovery after reloading.  These data also suggest that this compound may favor the initial steps of muscle  regeneration.",2012,The Journal of nutritional biochemistry,0,recovery; reloading; mass; muscle mass; mice
Unilateral hindlimb casting induced a delayed generalized muscle atrophy during rehabilitation that is prevented by a whey or a high protein diet but not a free  leucine-enriched diet.,"Sarcopenia is the general muscle mass and strength loss associated with ageing. Muscle atrophy could be made worse by exposure to acute periods of  immobilization, because muscle disuse by itself is a stimulus for atrophy. Using  a model of unilateral hindlimb casting in old adult rats, we have already  demonstrated that the primary effect of immobilization was atrophy in the casted  leg, but was also surprisingly associated with a retarded atrophy in the  non-casted leg during rehabilitation. In search of mechanisms involved in this  generalized atrophy, we demonstrated in the present study that contrary to  pair-fed non-immobilized control animals, muscle protein synthesis in the  non-immobilized limb was unable to adapt and to respond positively to food  intake. Because pair-fed control rats did not lose muscle mass, this defect in  muscle protein synthesis may represent one of the explanation for the muscle mass  loss observed in the non-immobilized rats. Nevertheless, in order to stimulate  protein turn over and generate a positive nitrogen balance required to maintain  the whole muscle mass in immobilized rats, we tested a dietary free leucine  supplementation (an amino acid known for its stimulatory effect on protein  metabolism) during the rehabilitation period. Leucine supplementation was able to  overcome the anabolic resistance in the non-immobilized limb. A greater muscle  protein synthesis up-regulation associated with a stimulation of the mTOR  signalling pathway was indeed recorded but it remained inefficient to prevent the  loss of muscle in the non-immobilized limb. By contrast, we demonstrated here  that whey protein or high protein diets were able to prevent the muscle mass loss  of the non-immobilized limb by sustaining muscle protein synthesis during the  entire rehabilitation period.",2013,PloS one,8,group; immobilization; expression; protein; cast
Sarcopenia-derived exosomal micro-RNA 16-5p disturbs cardio-repair via a pro-apoptotic mechanism in myocardial infarction in mice.,"Sarcopenia is a pathophysiological malfunction induced by skeletal muscle atrophy. Several studies reported an association between sarcopenia-induced  cardiac cachexia and poor prognosis in heart disease. However, due to lack of an  established animal models, the underlying mechanism of disturbed cardiac repair  accompanied with sarcopenia remains poorly understood. Here, we developed a novel  sarcopenia-induced cardiac repair disturbance mouse model induced by tail  suspension (TS) after cardiac ischemia and reperfusion (I/R). Importantly, we  identified a specific exosomal-microRNA marker, miR-16-5p, in the circulating  exosomes of I/R-TS mice. Of note, sarcopenia after I/R disturbed cardiac repair  and raised the level of circulating-exosomal-miR-16-5p secreting from both the  atrophic limbs and heart of TS mice. Likewise, miR-16-5p mimic plasmid disturbed  cardiac repair in I/R mice directly. Additionally, in neonatal rat ventricular  myocytes (NRVMs) cultured in vitro under hypoxic conditions in the presence of a  miR-16-5p mimic, we observed increased apoptosis through p53 and Caspase3  upregulation, and also clarified that autophagosomes were decreased in NRVMs via  SESN1 transcript interference-mediated mTOR activation. In conclusion, we show  the pro-apoptotic effect of sarcopenia-derived miR-16-5p, which may be behind the  exacerbation of myocardial infarction. Therefore, miR-16-5p can be a novel  therapeutic target in the context of cardiac repair disturbances in  sarcopenia-cachexia.",2021,Scientific reports,9,mice; muscle atrophy; protein; immobilization; mass
AMPK Mediates Muscle Mass Change But Not the Transition of Myosin Heavy Chain Isoforms during Unloading and Reloading of Skeletal Muscles in Mice.,"5'AMP-activated protein kinase (AMPK) plays an important role in the regulation of skeletal muscle mass and fiber-type distribution. However, it is unclear  whether AMPK is involved in muscle mass change or transition of myosin heavy  chain (MyHC) isoforms in response to unloading or increased loading. Here, we  checked whether AMPK controls muscle mass change and transition of MyHC isoforms  during unloading and reloading using mice expressing a skeletal-muscle-specific  dominant-negative AMPKα1 (AMPK-DN). Fourteen days of hindlimb unloading reduced  the soleus muscle weight in wild-type and AMPK-DN mice, but reduction in the  muscle mass was partly attenuated in AMPK-DN mice. There was no difference in the  regrown muscle weight between the mice after 7 days of reloading, and there was  concomitantly reduced AMPKα2 activity, however it was higher in AMPK-DN mice  after 14 days reloading. No difference was observed between the mice in relation  to the levels of slow-type MyHC I, fast-type MyHC IIa/x, and MyHC IIb isoforms  following unloading and reloading. The levels of 72-kDa heat-shock protein, which  preserves muscle mass, increased in AMPK-DN-mice. Our results indicate that AMPK  mediates the progress of atrophy during unloading and regrowth of atrophied  muscles following reloading, but it does not influence the transition of MyHC  isoforms.",2018,International journal of molecular sciences,0,recovery; reloading; mass; muscle mass; mice
IP3 Receptors Mediate Calcium and Anabolic Signaling Associated with Muscle Atrophy upon 3-Day Hind Limb Unloading in Rats.,"Skeletal muscle unloading results in muscle atrophy associated with the upregulation of proteolytic genes and suppression of protein synthesis, often  accompanied by altered calcium signaling. Here, we used the inositol  trisphosphate receptor (IP3R) inhibitor aminoethoxydiphenyl borate (2-APB) to  explore the hypothesis that these changes are mediated by IP3Rs. Male Wistar rats  were divided into 4 groups: (i) control, (ii) control with daily injections of  2-APB, (iii) 3 days of hind limb suspension, (iv) 3 days of hind limb suspension  with daily administration of 2-APB. At the end-point, soleus muscles from the  animals were analyzed by Western blotting for the markers of calcium, anabolic,  and catabolic signaling. The 3-day hind limb unloading resulted in a decreased  muscle weight index, upregulation of the anabolic suppressor pThr56-eEF2,  downregulation of anabolic signaling via the mTOR pathway and rRNA expression, as  well as the increase in the content of nuclear pThr286-CaMKII (p &lt; 0.05) and  cytosolic calcineurin A. While 2-APB did not affect the mTOR-governed changes in  anabolism and catabolism, it significantly attenuated alterations in the  calcium-dependent targets, such as CaMKII, calcineurin, and eEF2. By contrast,  proteolytic signaling (expression of MuRF1, atrogin-1, Ulk1, and ubiquitin mRNAs)  after 3-day hind limb unloading was equally upregulated in the control and  2-APB-treated animals. These results suggest that IP3Rs are involved in the  unloading-induced muscle atrophy by controlling the nuclear content of calcium;  however, they are dispensable for reduced mTOR activity and altered metabolism.",2025,Biochemistry. Biokhimiia,2,soleus; hs; soleus muscle; unloading; rats
Effects of Plantar Mechanical Stimulation on Anabolic and Catabolic Signaling in Rat Postural Muscle Under Short-Term Simulated Gravitational Unloading.,"It is known that plantar mechanical stimulation (PMS) is able to attenuate unloading-induced skeletal muscle atrophy and impaired muscle function. However,  molecular mechanisms underlying the effect of PMS on skeletal muscle during  unloading remain undefined. The aim of the study was to evaluate the effects of  PMS on anabolic and catabolic signaling pathways in rat soleus at the early  stages of mechanical unloading. Wistar rats were randomly assigned to ambulatory  control, hindlimb suspension (HS) for 1 or 3 days, and HS for 1 or 3 days with  PMS. The key anabolic and catabolic markers were assessed by western blotting and  RT-PCR. Protein synthesis (PS) rate was estimated using SUnSET technique. PMS  attenuated a 1-day HS-induced decrease in 4E-BP1, GSK-3β, and AMPK  phosphorylation. PMS also partially prevented a decrease in PS, phosphorylation  of GSK-3β, nNOS, and an increase in eEF2 phosphorylation after 3-day HS. PMS  during 1- and 3-day HS prevented MuRF-1, but not MAFbx, upregulation but did not  affect markers of ribosome biogenesis (18S + 28S rRNA, c-myc) as well as AKT  phosphorylation. Thus, PMS during 3-day HS partially prevented a decrease in the  global rate of PS in rat soleus muscle, which was accompanied by attenuation of  MuRF-1 mRNA expression as well as changes in GSK-3β, nNOS, and eEF2  phosphorylation.",2019,Frontiers in physiology,2,soleus; hs; soleus muscle; unloading; rats
Acupuncture treatment preserves soleus muscle mass and improves mitochondrial function in a rat model of disuse atrophy.,"BACKGROUND: Muscle atrophy leads to debilitating loss of physical capacity, particularly when alternative treatments are needed. Acupuncture is proposed as a  potential therapy for disuse atrophy, but its effects on muscle biology remain  unclear. This study evaluated the effects of acupuncture on soleus muscle mass  and mitochondrial function in a rat model of immobilization-induced atrophy.  METHODS: Female Sprague Dawley rats were assigned to three groups: Control (CON),  casting-induced immobilization (CT), and CT with acupuncture (CT-A) (n = 8).  Immobilization of the left hindlimb lasted for 14 days, and acupuncture was  performed at specific acupoints (stomach-36, gallbladder-34) three times per week  for 15 min. Mitochondrial function was assessed in saponin-permeabilized fibers,  and signaling molecules regulating muscle mass were analyzed by Western blot.  RESULTS: CT-A attenuated soleus muscle atrophy compared to CT. Under fatty acid  substrate conditions, CT reduced complex I and II-supported oxidative  phosphorylation (OXPHOS) compared to CON, while CT-A decreased respiratory leak  and enhanced OXPHOS coupling relative to CT. Without fatty acids, CT-A decreased  both respiratory leak and complex I and II-supported OXPHOS compared to CON, but  differences between CT and CT-A were not significant. AMPKα activity  (p-AMPKα/AMPKα) was significantly elevated in the CT group compared to the CON  group, but returned to CON levels in the CT-A group. However, there were no  changes in proteins associated with muscle atrophy or autophagy markers among the  groups. CONCLUSION: Acupuncture mitigates immobilization-induced muscle atrophy  and preserves mitochondrial function, suggesting its potential as a therapeutic  approach for muscle disuse conditions.",2025,Integrative medicine research,3,mitochondrial; ros; pgc1α; disuse; mitophagy
Treadmill Exercise Decreases Inflammation Via Modulating IL-6 Expression in the Rat Model of Middle Cerebral Artery Occlusion.,"BACKGROUND: Long-term bed rest in neurointensive care (NIC) patients leads to skeletal muscle atrophy and cognitive dysfunction, which seriously affects the  physical fitness and final prognosis of critically ill patients. Exercise therapy  plays an increasingly important role in the treatment and rehabilitation of  patients with sarcopenia. However, the therapeutic effect and mechanism of  exercise therapy for patients with neurological impairment remain unclear.  METHODS: Serum samples of NIC patients before and after exercise therapy and  normal people were collected to detect interleukin-6 (IL-6) and interleukin-1β  levels by enzyme-linked immunosorbent assay (ELISA). Middle cerebral artery  occlusion (MCAO) was used for the construction of a rat model. The Morris water  maze test, exploration test, and open-field test were used to assess neurological  function in rats. Western blot and quantitative real-time polymerase chain  reaction were performed to evaluate the activation of  IL-6/adenosine-monophosphate-activated protein kinase (AMPK) signaling. RESULTS:  Exercise therapy attenuated IL-6 expression in NIC patients. Exercise therapy  alleviated cognitive dysfunctions and decreased IL-6 expression in MCAO rats.  Exercise therapy alleviated gastrocnemius muscle injury in rats after MCAO by  modulating IL-6/AMPK signaling. CONCLUSIONS: Treadmill exercise decreases  inflammation in MCAO rats via modulating IL-6/AMPK signaling.",2023,Neurocritical care,9,mice; muscle atrophy; protein; immobilization; mass
Depressed mitochondrial biogenesis and dynamic remodeling in mouse tibialis anterior and gastrocnemius induced by 4-week hindlimb unloading.,"Mitochondrial dynamics is highly involved in muscle atrophy, the slow twitch muscle as soleus, preferentially affected by hindlimb unloading (HU), was well  characterized by mitochondrial dysfunction in biogenesis. However, the fast  twitch muscles like tibialis anterior (TA) and gastrocnemius (GAS), which are the  most massive parts of the hindlimb muscles, are less elucidated on mitochondrial  adaptations responding to HU. To investigate the mitochondrial dynamic responses  and the involved molecules mediating atrophy in TA and GAS, we studied a 4-week  HU mouse model. We found GAS was preferentially affected to atrophy by unloading  compared with TA. Furthermore, the depressed mitochondrial biogenesis occurred,  accounting for mitochondrial loss in GAS by unloading. PGC-1α, as well as its  transcriptional/post-translational modification regulators, such as p-CREB,  SIRT1, and p-AMPK, were consistently reduced in response to unloading in GAS.  Molecules relevant to autophagy, mitochondrial fusion, and fission, were  compromised following unloading both in TA and GAS. These results suggested that  TA exhibited resistance to unloading induced muscle atrophy while GAS presented  significant mitochondrial loss, which might be due to the mitochondrial  biogenesis suppressed by the inactivation of PGC-1α. However, both in TA and GAS  muscles, a similar sedentary mitochondrial dynamics of mitochondrial fusion and  fission was induced by unloading though TA exhibited little muscle atrophy.",2012,IUBMB life,3,mitochondrial; ros; pgc1α; disuse; mitophagy
Activation of serum/glucocorticoid-induced kinase 1 (SGK1) is important to maintain skeletal muscle homeostasis and prevent atrophy.,"Maintaining skeletal muscle mass is essential for general health and prevention of disease progression in various neuromuscular conditions. Currently, no  treatments are available to prevent progressive loss of muscle mass in any of  these conditions. Hibernating mammals are protected from muscle atrophy despite  prolonged periods of immobilization and starvation. Here, we describe a mechanism  underlying muscle preservation and translate it to non-hibernating mammals.  Although Akt has an established role in skeletal muscle homeostasis, we find that  serum- and glucocorticoid-inducible kinase 1 (SGK1) regulates muscle mass  maintenance via downregulation of proteolysis and autophagy as well as increased  protein synthesis during hibernation. We demonstrate that SGK1 is critical for  the maintenance of skeletal muscle homeostasis and function in non-hibernating  mammals in normal and atrophic conditions such as starvation and immobilization.  Our results identify a novel therapeutic target to combat loss of skeletal muscle  mass associated with muscle degeneration and atrophy.",2013,EMBO molecular medicine,7,skeletal; skeletal muscle; muscle atrophy; protein; role
Inhibition of xanthine oxidase by allopurinol prevents skeletal muscle atrophy: role of p38 MAPKinase and E3 ubiquitin ligases.,"Alterations in muscle play an important role in common diseases and conditions. Reactive oxygen species (ROS) are generated during hindlimb unloading due, at  least in part, to the activation of xanthine oxidase (XO). The major aim of this  study was to determine the mechanism by which XO activation causes  unloading-induced muscle atrophy in rats, and its possible prevention by  allopurinol, a well-known inhibitor of this enzyme. For this purpose we studied  one of the main redox sensitive signalling cascades involved in skeletal muscle  atrophy i.e. p38 MAPKinase, and the expression of two well known muscle specific  E3 ubiquitin ligases involved in proteolysis, the Muscle atrophy F-Box (MAFbx;  also known as atrogin-1) and Muscle RING (Really Interesting New Gene) Finger-1  (MuRF-1). We found that hindlimb unloading induced a significant increase in XO  activity and in the protein expression of the antioxidant enzymes CuZnSOD and  Catalase in skeletal muscle. The most relevant new fact reported in this paper is  that inhibition of XO with allopurinol, a drug widely used in clinical practice,  prevents soleus muscle atrophy by ~20% after hindlimb unloading. This was  associated with the inhibition of the p38 MAPK-MAFbx pathway. Our data suggest  that XO was involved in the loss of muscle mass via the activation of the  p38MAPK-MAFbx pathway in unloaded muscle atrophy. Thus, allopurinol may have  clinical benefits to combat skeletal muscle atrophy in bedridden, astronauts,  sarcopenic, and cachexic patients.",2012,PloS one,7,skeletal; skeletal muscle; muscle atrophy; protein; role
Effect of Oral Lactate Administration on Skeletal Muscle Mass in Mice Under Different Loading Conditions.,"BACKGROUND/AIM: Lactate is a physiologically active substance secreted by skeletal muscle that has been suggested to stimulate muscle mass gain. However,  the molecular mechanism for lactate-associated muscle hypertrophy remains  unclear. The purpose of the present study was to investigate whether oral  administration of lactate increases muscle mass under different loading  conditions. MATERIALS AND METHODS: Male C57BL/6J mice were divided into 1)  control, 2) lactate, 3) unloading, 4) unloading with lactate, 5) reloading after  unloading, and 6) reloading after unloading with lactate groups. Mice in the  unloading and reloading after unloading groups were subjected to hindlimb  suspension (HS) for two weeks and 2-week ambulation recovery after HS,  respectively. Mice of the lactate groups were orally administered sodium lactate  five days per week. The changes in muscle mass (muscle weight and protein  content) and intracellular signals in fast plantaris and slow soleus muscles were  evaluated. RESULTS: Oral administration of lactate increased the muscle mass and  suppressed 5'AMP-activated protein kinase (AMPK) phosphorylation in both  plantaris and soleus muscles under normal weight-bearing and unloading  conditions. However, during reloading after unloading, lactate administration  increased muscle mass and suppressed AMPK phosphorylation in the plantaris  muscle, but not in the soleus muscle. CONCLUSION: Lactate administration is an  effective countermeasure for unloading-associated skeletal muscle atrophy. This  anabolic effect of lactate on skeletal muscle mass may differ depending on muscle  types.",2025,"In vivo (Athens, Greece)",0,recovery; reloading; mass; muscle mass; mice
PGC-1α overexpression via local transfection attenuates mitophagy pathway in muscle disuse atrophy.,"Loss of mitochondrial structural and functional integrity plays a critical role in the pathogenesis of muscle disuse atrophy. Peroxisome proliferator-activated  receptor γ coactivator 1-α (PGC-1α) has been suggested to modulate  autophagy-lysosome pathway (mitophagy) during muscle atrophy, but clear evidence  is still lacking. In the current study, we tested the hypothesis that  overexpression of PGC-1α via in vivo transfection would ameliorate mitophagy in  mouse tibialis anterior muscle subjected to two weeks of immobilization (IM),  followed by remobilization (RM). While mitochondrial biogenesis and antioxidant  enzymes are decreased, all autophagic and mitophagic protein markers such as  Beclin-1, Bnip3, PINK1, parkin, Mul1 and the LC3II/LC3I ratio were increased in  IM-RM muscle together with activation of FoxO pathway. Overexpression of PGC-1α  significantly increased mitochondrial DNA proliferation and oxidative enzyme  activity, whereas it mitigated oxidative stress and mitochondrial ubiquination in  IM-RM muscle. Protein contents of PINK1, parkin and Mul1 in mitochondria  decreased by approximately 50% with PGC-1α treatment. Furthermore, PGC-1α  overexpression suppressed FoxO1 and FoxO3 activation along with a decreased  LC3II/LC3I ratio. Importantly, PGC-1α attenuated IM-RM-induced ubiquination and  degradation of mitofusion protein Mfn2. Muscle apoptotic tendency, measured by  Bax/Bcl2 ratio and caspase-3 activity, were elevated with IM-RM, but unaffected  by PGC-1α. We conclude that overexpression of PGC-1α by in vivo transfection can  inhibit activation of mitophagy pathway in the atrophying muscle caused by  immobilization.",2016,Free radical biology & medicine,3,mitochondrial; ros; pgc1α; disuse; mitophagy
Microgravity-Induced Transcriptome Adaptation in Mouse Paraspinal longissimus dorsi Muscle Highlights Insulin Resistance-Linked Genes.,"Microgravity as well as chronic muscle disuse are two causes of low back pain originated at least in part from paraspinal muscle deconditioning. At present no  study investigated the complexity of the molecular changes in human or mouse  paraspinal muscles exposed to microgravity. The aim of this study was to evaluate  longissimus dorsi adaptation to microgravity at both morphological and global  gene expression level. C57BL/N6 male mice were flown aboard the BION-M1  biosatellite for 30 days (BF) or housed in a replicate flight habitat on ground  (BG). Myofiber cross sectional area and myosin heavy chain subtype patterns were  respectively not or slightly altered in longissimus dorsi of BF mice. Global gene  expression analysis identified 89 transcripts differentially regulated in  longissimus dorsi of BF vs. BG mice. Microgravity-induced gene expression changes  of lipocalin 2 (Lcn2), sestrin 1(Sesn1), phosphatidylinositol 3-kinase,  regulatory subunit polypeptide 1 (p85 alpha) (Pik3r1), v-maf musculoaponeurotic  fibrosarcoma oncogene family protein B (Mafb), protein kinase C delta (Prkcd),  Muscle Atrophy F-box (MAFbx/Atrogin-1/Fbxo32), and Muscle RING Finger 1 (MuRF-1)  were further validated by real time qPCR analysis. In conclusion, our study  highlighted the regulation of transcripts mainly linked to insulin sensitivity  and metabolism in longissimus dorsi following 30 days of microgravity exposure.  The apparent absence of robust signs of back muscle atrophy in space-flown mice,  despite the overexpression of Atrogin-1 and MuRF-1, opens new questions on the  possible role of microgravity-sensitive genes in the regulation of peripheral  insulin resistance following unloading and its consequences on paraspinal  skeletal muscle physiology.",2017,Frontiers in physiology,6,microgravity; space; spaceflight; simulated; mitochondrial
Effects of Nandrolone in the Counteraction of Skeletal Muscle Atrophy in a Mouse Model of Muscle Disuse: Molecular Biology and Functional Evaluation.,"Muscle disuse produces severe atrophy and a slow-to-fast phenotype transition in the postural Soleus (Sol) muscle of rodents. Antioxidants, amino-acids and growth  factors were ineffective to ameliorate muscle atrophy. Here we evaluate the  effects of nandrolone (ND), an anabolic steroid, on mouse skeletal muscle atrophy  induced by hindlimb unloading (HU). Mice were pre-treated for 2-weeks before HU  and during the 2-weeks of HU. Muscle weight and total protein content were  reduced in HU mice and a restoration of these parameters was found in ND-treated  HU mice. The analysis of gene expression by real-time PCR demonstrates an  increase of MuRF-1 during HU but minor involvement of other catabolic pathways.  However, ND did not affect MuRF-1 expression. The evaluation of anabolic pathways  showed no change in mTOR and eIF2-kinase mRNA expression, but the protein  expression of the eukaryotic initiation factor eIF2 was reduced during HU and  restored by ND. Moreover we found an involvement of regenerative pathways, since  the increase of MyoD observed after HU suggests the promotion of myogenic stem  cell differentiation in response to atrophy. At the same time, Notch-1 expression  was down-regulated. Interestingly, the ND treatment prevented changes in MyoD and  Notch-1 expression. On the contrary, there was no evidence for an effect of ND on  the change of muscle phenotype induced by HU, since no effect of treatment was  observed on the resting gCl, restCa and contractile properties in Sol muscle.  Accordingly, PGC1α and myosin heavy chain expression, indexes of the phenotype  transition, were not restored in ND-treated HU mice. We hypothesize that ND is  unable to directly affect the phenotype transition when the specialized motor  unit firing pattern of stimulation is lacking. Nevertheless, through stimulation  of protein synthesis, ND preserves protein content and muscle weight, which may  result advantageous to the affected skeletal muscle for functional recovery.",2015,PloS one,1,hu; expression; unloading; skeletal; skeletal muscle
Regulation of contractile proteins and protein translational signaling in disused muscle.,"BACKGROUND/AIMS: Muscle disuse can lead to muscle atrophy and impaired skeletal muscle function. How skeletal muscle modulates protein translational signaling in  response to prolonged muscle disuse is not well understood. Using the hindlimb  unloading (HU) model of muscle atrophy we examined how hindlimb unweighting  affects protein translational signaling, including the activation of  Akt/mTOR/p70S6K/S6 signaling and the inhibitory association of 4EBP1 with  translation initiation factor eIF4E. METHODS: Male F344BN rats were randomized  into baseline control, or subjected to HU for 3, 7 or 14 days. Body weight,  gastrocnemius muscle, and individual myofiber cross-sectional area were measured  to evaluate the degree of muscle atrophy. The amounts of myosin and related  muscle contractile proteins were assessed using SDS-PAGE and immunoblotting.  Microarray analysis was used to evaluate changes in the mRNA expression of muscle  contractile proteins. Total and phosphorylated proteins of Akt/mTOR/p70S6K/S6  pathway were determined via immunoblotting, while the association of 4EBP1 with  eIF4E was detected via co-immunoprecipitation. RESULTS: Unloading for 3 days  significantly reduced cytosolic myosin content and was associated with increased  binding of 4EBP1 to eIF4E, while prolonged unloading (14 days) was associated  with the activation of Akt/mTOR/p70S6K/S6 signaling, decreased binding of 4EBP1  to eIF4E, increased cytosolic myosin and elevations in myofibrillar mRNA levels.  CONCLUSION: Taken together, these data suggest that prolonged muscle disuse  induces a biphasic translational signaling response that is associated with  diminished and then increased muscle contractile protein expression.",2012,"Cellular physiology and biochemistry : international journal of experimental cellular physiology, biochemistry, and pharmacology",1,hu; expression; unloading; skeletal; skeletal muscle
A multimodal exercise countermeasure prevents the negative impact of head-down tilt bed rest on muscle volume and mitochondrial health in older adults.,"Mitochondrial dysfunctions are thought to contribute to muscle atrophy and weakness that develop during ageing and mechanical unloading caused by  immobilization, bed rest and microgravity. Older adults are at greater risk of  developing muscle and mitochondrial dysfunctions in response to unloading.  Although exercise is well known to promote muscle and mitochondrial health, its  protective effect during mechanical unloading in older adults remains largely  unexplored. Here, we investigated the impact of 14 days of head-down tilt bed  rest (HDBR) with and without a multimodal exercise countermeasure in older men  and women (55-65 years). Leg muscle volume was assessed using magnetic resonance  imaging. Biopsies of the vastus lateralis were performed to assess markers of  mitochondrial content, respiration, reactive oxygen species (ROS) production and  calcium retention capacity (mCRC). Indices of mitochondrial quality control  (MQC), including markers of fusion (MFN1 and 2), fission (Drp1), mitophagy  (Parkin) and autophagy (p62 and LC3I and II) were measured using immunoblots.  Muscle cross-sections were stained for neural cell adhesion molecule (NCAM, a  marker of denervation). HDBR triggered muscle atrophy, decreased mitochondrial  content and respiration and increased mitochondrial ROS production. HDBR had no  impact on mCRC or MQC markers but increased markers of autophagy and denervation.  Exercise prevented the deleterious effects of HDBR on leg muscle volume,  mitochondrial ROS production and markers of autophagy and denervation. Exercise  also increased mitochondrial content and respiration without altering mCRC and  MQC markers. Collectively, our results indicate that an exercise countermeasure  that can be performed in bed is effective in protecting muscle and mitochondrial  health during HDBR in older adults. KEY POINTS: Conditions associated with muscle  unloading, such as immobilization, bed rest or microgravity, result in muscle  atrophy and weakness, particularly in older adults. Mitochondrial dysfunctions  are thought to contribute to muscle atrophy caused by unloading and ageing.  However, whether exercise can counteract the deleterious effects of unloading in  older adults remains largely unexplored. Here, we report that older adults  exposed to 14 days of head-down tilt bed rest (HDBR) displayed upper leg muscle  atrophy, a decrease in mitochondrial content and respiration, an increase in  H(2)O(2) emission, and an increase in autophagy and denervation markers. No  impact of HDBR on mitochondrial quality control was observed. A multimodal  exercise countermeasure prevented the deleterious effects of HDBR on upper leg  muscle volume, mitochondrial reactive oxygen species emission, and markers of  autophagy and denervation and increased mitochondrial content and respiration.  These findings highlight the effectiveness of exercise in promoting muscle and  mitochondrial health in older adults undergoing bed rest.",2025,The Journal of physiology,5,older; bed; hmb; bed rest; rest
Electrical stimulation using sine waveform prevents unloading-induced muscle atrophy in the deep calf muscles of rat.,"The aim of this study was to compare the effects of electrical stimulation by using rectangular and sine waveforms in the prevention of deep muscle atrophy in  rat calf muscles. Rats were randomly divided into the following groups: control,  hindlimb unloading (HU), and HU plus electrical stimulation (ES). The animals in  the ES group were electrically stimulated using rectangular waveform (RS) on the  left calves and sine waveform (SS) on the right calves, twice a day, for 2 weeks  during unloading. HU for 2 weeks resulted in a loss of the muscle mass, a  decrease in the cross-sectional area of the muscle fibers, and overexpression of  ubiquitinated proteins in the gastrocnemius and soleus muscles. In contrast,  electrical stimulation with RS attenuated the HU-induced reduction in the  cross-sectional area of muscle fibers and the increase of ubiquitinated proteins  in the gastrocnemius muscle. However, electrical stimulation with RS failed to  prevent muscle atrophy in the deep portion of the gastrocnemius and the soleus  muscles. Nevertheless, electrical stimulation with SS attenuated the HU-induced  muscle atrophy and the up-regulation of ubiquitinated proteins in both  gastrocnemius and soleus muscles. This indicates that SS was more effective in  the prevention of deep muscle atrophy than RS. Since the skin muscle layers act  like the plates of a capacitor, separated by the subcutaneous adipose layer, the  SS can pass through this capacitor more easily than the RS. Hence, SS can prevent  the progressive loss of muscle fibers in the deep portion of the calf muscles.",2014,Acta histochemica,8,group; immobilization; expression; protein; cast
Mild hyperbaric oxygen enhances recovery of the plantaris muscle atrophy induced by cast immobilization of the hindlimb in male rats.,"Loss of muscle mass is associated with muscle functional decline and mortality. The present study aimed to determine whether exposure to mild hyperbaric oxygen  (MHO) during and after casting immobilization reduces muscle atrophy. We  distributed eight-week-old rats into control (CON), cast immobilization (Cast),  and Cast + MHO (1.3 atmosphere absolute with 38% oxygen) groups. Rats were cast  for 2 weeks under the normal or MHO condition, followed by a two-week recovery  period under the same condition after cast removal. The plantaris muscle weight  (mg/g BW) decreased by approximately 11.5% in the Cast group compared to the CON  group (p < 0.01), while there were no differences between the CON and Cast + MHO  groups, suggesting that MHO enhanced the recovery of muscle atrophy. However, the  soleus muscle weight (mg/g BW) decreased by casting immobilization, regardless of  MHO. The enzyme activity by succinate dehydrogenase (SDH) staining in the  plantaris muscle was lower in the Cast group than in the CON group (p < 0.01),  while there were no differences between the CON and Cast + MHO groups. In  summary, MHO enhances the recovery of plantaris muscle atrophy and partially  attenuates the decreased SDH activity after cast immobilization of hindlimb in  rats.",2025,Physiological reports,8,group; immobilization; expression; protein; cast
Casted-immobilization downregulates glucocorticoid receptor expression in rat slow-twitch soleus muscle.,"AIMS: Glucocorticoids bind to the glucocorticoid receptor (GR) and increase catabolism of muscle proteins via the ubiquitin-proteasome pathway. Activation of  β(2)-adrenergic receptor (β(2)-AR) in skeletal muscle has been shown to induce  muscle hypertrophy by promoting muscle protein synthesis and/or attenuating  protein degradation. The aim of this study was to investigate the correlation  between disuse-induced muscle atrophy, and expression of GR and β(2)-AR. METHODS:  Rats were subjected to casted-immobilization (knee and foot arthrodesis), a model  for muscle disuse, for 10 days. Fast-twitch (extensor digitorum longus: EDL) and  slow-twitch (soleus: SOL) muscles were isolated and subsequently used for  analysis. The expression of GR and β(2)-AR was analyzed by real-time RT-PCR and  western blotting. In addition, we analyzed plasma catecholamine and  corticosterone concentrations by ELISA. KEY FINDINGS:  Casted-immobilization-induced muscle atrophy was much greater in the SOL muscle  than in the EDL muscle. Casted-immobilization decreased the expression of GR mRNA  and protein in the SOL muscle but not in the EDL muscle. Although the expression  of β(2)-AR protein in the cytosol and membrane-rich fractions was not changed by  casted-immobilization in either muscle, casted-immobilization decreased the  expression of β(2)-AR mRNA in the SOL muscle. Plasma catecholamine and  corticosterone concentrations, however, were largely unaffected by  casted-immobilization during the experimental period. SIGNIFICANCE: This study  provides evidence that casted-immobilization-induced muscle disuse downregulates  GR expression in slow-twitch muscle. These results suggest that muscle disuse  suppresses glucocorticoid signals, such as muscle protein breakdown and  transcription of the β(2)-AR gene, via downregulation of GR expression in  slow-twitch muscle.",2011,Life sciences,1,hu; expression; unloading; skeletal; skeletal muscle
Morphological and molecular aspects of immobilization-induced muscle atrophy in rats at different stages of postnatal development: the role of autophagy.,"Muscle loss occurs following injury and immobilization in adulthood and childhood, which impairs the rehabilitation process; however, far fewer studies  have been conducted analyzing atrophic response in infants. This work  investigated first the morphological and molecular mechanisms involved in  immobilization-induced atrophy in soleus muscles from rats at different stages of  postnatal development [i.e., weanling (WR) and adult (AR) rats] and, second, the  role of autophagy in regulating muscle plasticity during immobilization. Hindlimb  immobilization for 10 days reduced muscle mass and fiber cross-sectional area,  with more pronounced atrophy in WR, and induced slow-to-fast fiber switching.  These effects were accompanied by a decrease in markers of protein synthesis and  an increase in autophagy. The ubiquitin (Ub)-ligase MuRF1 and the ubiquitinated  proteins were upregulated by immobilization in AR while the autolyzed form of  μ-calpain was increased in WR. To further explore the role of autophagy in muscle  abnormalities, AR were concomitantly immobilized and treated with colchicine,  which blocks autophagosome-lysosome fusion. Colchicine-treated immobilized  muscles had exacerbated atrophy and presented degenerative features. Despite  Igf1/Akt signaling was downregulated in immobilized muscles from both age groups,  Foxo1 and 4 phosphorylation was increased in WR. In the same group of animals,  Foxo1 acetylation and Foxo1 and 4 content was increased and decreased,  respectively. Our data show that muscle disorders induced by  10-day-immobilization occur in both age-dependent and -independent manners, an  understanding that may optimize treatment outcomes in infants. We also provide  further evidence that the strong inhibition of autophagy may be ineffective for  treating muscle atrophy.",2016,"Journal of applied physiology (Bethesda, Md. : 1985)",0,recovery; reloading; mass; muscle mass; mice
Comparison of premodulated interferential and pulsed current electrical stimulation in prevention of deep muscle atrophy in rats.,"The goal of this study was to compare the effects of electrical stimulation using pulsed current (PC) and premodulated interferential current (IC) on prevention of  muscle atrophy in the deep muscle layer of the calf. Rats were randomly divided  into 3 treatment groups: control, hindlimb unloading for 2 weeks (HU), and HU  plus electrical stimulation for 2 weeks. The animals in the electrical  stimulation group received therapeutic stimulation of the left (PC) or right (IC)  calf muscles twice a day during the unloading period. Animals undergoing HU for 2  weeks exhibited significant loss of muscle mass, decreased cross-sectional area  (CSA) of muscle fibers, and increased expression of ubiquitinated proteins in the  gastrocnemius and soleus muscles compared with control animals. Stimulation with  PC attenuated the effects on the muscle mass, fiber CSA, and ubiquitinated  proteins in the gastrocnemius muscle. However, PC stimulation failed to prevent  atrophy of the deep layer of the gastrocnemius muscle and the soleus muscle. In  contrast, stimulation with IC inhibited atrophy of both the gastrocnemius and  soleus muscles. In addition, the IC protocol inhibited the HU-induced increase in  ubiquitinated protein expression in both gastrocnemius and soleus muscles. These  results suggest that electrical stimulation with IC is more effective than PC in  preventing muscle atrophy in the deep layer of limb muscles.",2013,Journal of molecular histology,8,group; immobilization; expression; protein; cast
"Ginsenoside Rg1 Attenuates Muscle Atrophy in Hyperglycemic Conditions, Inactivity and Protein Deprivation Models via AKT/mTOR Pathway Activation.","BACKGROUND: Muscle atrophy, a debilitating condition prevalent in diabetes and extended periods of immobilization, lacks robust therapeutic strategies. This  investigation examines ginsenoside Rg1's therapeutic potential in counteracting  muscle atrophy under hyperglycemic conditions and in experimental models of  immobilization and dietary protein restriction. METHODS: C2C12 murine myoblasts  were cultured under variable glucose concentrations and treated with or without  Rg1. Multiple cellular parameters were evaluated, including cell viability,  apoptotic indices, cell cycle distribution, and protein synthesis rates. The  activation status of the protein kinase B (AKT)/mammalian target of rapamycin  (mTOR) signaling cascade and expression of atrophy-related markers were  quantified using qRT-PCR and Western blot analyses. In parallel animal studies,  rats were subjected to either immobilization or protein restriction protocols,  with or without Rg1 administration. Muscle function, mass, and relevant  biomarkers were evaluated. RESULTS AND DISCUSSION: Hyperglycemic conditions  significantly compromised C2C12 myoblast viability, triggered apoptotic pathways,  and disrupted normal cell cycle progression. Rg1 administration effectively  attenuated these detrimental effects through enhanced AKT/mTOR pathway  activation, upregulation of Myogenin (MyoG) expression, and suppression of  atrophy-associated markers. In the rat models, Rg1 supplementation significantly  ameliorated muscle deterioration, maintaining muscle mass, contractile force, and  exercise tolerance, while simultaneously modulating atrophy signaling pathways  and attenuating inflammatory responses. The protective effects of Rg1 were  abrogated after the co-treatment with an AKT inhibitor. CONCLUSION: Ginsenoside  Rg1 exhibits significant protective properties against muscle atrophy under  hyperglycemic conditions and in experimental models of immobilization and protein  restriction, primarily mediated through activation of the AKT/mTOR signaling  pathway. These findings establish Rg1 as a promising therapeutic candidate for  the treatment of muscle atrophy.",2026,Current molecular medicine,9,mice; muscle atrophy; protein; immobilization; mass
Effects of high EPA and high DHA fish oils on changes in signaling associated with protein metabolism induced by hindlimb suspension in rats.,"The effects of either eicosapentaenoic (EPA)- or docosahexaenoic (DHA)-rich fish oils on hindlimb suspension (HS)-induced muscle disuse atrophy were compared.  Daily oral supplementations (0.3 mL/100 g b.w.) with mineral oil (MO) or high EPA  or high DHA fish oils were performed in adult rats. After 2 weeks, the animals  were subjected to HS for further 2 weeks. The treatments were maintained  alongside HS At the end of 4 weeks, we evaluated: body weight gain, muscle mass  and fat depots, composition of fatty acids, cross-sectional areas (CSA) of the  soleus muscle and soleus muscle fibers, activities of cathepsin L and 26S  proteasome, and content of carbonylated proteins in the soleus muscle. Signaling  pathway activities associated with protein synthesis (Akt, p70S6K, S6, 4EBP1, and  GSK3-beta) and protein degradation (atrogin-1/MAFbx, and MuRF1) were evaluated.  HS decreased muscle mass, CSA of soleus muscle and soleus muscle fibers, and  altered signaling associated with protein synthesis (decreased) and protein  degradation (increased). The treatment with either fish oil decreased the ratio  of omega-6/omega-3 fatty acids and changed protein synthesis-associated  signaling. EPA-rich fish oil attenuated the changes induced by HS on 26S  proteasome activity, CSA of soleus muscle fibers, and levels of p-Akt, total  p70S6K, p-p70S6K/total p70S6K, p-4EBP1, p-GSK3-beta, p-ERK2, and total ERK 1/2  proteins. DHA-rich fish oil attenuated the changes induced by HS on p-4EBP1 and  total ERK1 levels. The effects of EPA-rich fish oil on protein synthesis  signaling were more pronounced. Both EPA- and DHA-rich fish oils did not impact  skeletal muscle mass loss induced by non-inflammatory HS.",2016,Physiological reports,2,soleus; hs; soleus muscle; unloading; rats
Identification of the optimal dose and calpain system regulation of tetramethylpyrazine on the prevention of skeletal muscle atrophy in hindlimb  unloading rats.,"Previous studies in our lab have shown that tetramethylpyrazine (TMP) could effectively attenuate disuse induced muscle atrophy. In order to screening out  the optimal dose of tetramethylpyrazine (TMP) for protection against disuse  induced muscle atrophy in hindlimb unloading (HLU) rats, in this study, we  compared effects of 4 TMP doses on muscle wet weight (MWW), the ratios of muscle  wet weight/body weight (MWW/BW) and muscle wet weight/dry weight (MWW/DW), fiber  type composition, as well as cross-sectional area (CSA) in soleus (SOL) muscle.  Consequently, we quantified optimal dose effects on both functional properties  and protein expression (calpain-1, calpain-2, calpastatin and MuRF1) in SOL and  extensor digitorum longus (EDL) muscles. Data indicated that the protective  potential of TMP was dose-dependent: 60mg/kg TMP was most effective in terms of  atrophy prevention. This dose reduced SOL MWW, MWW/BW and CSA muscle loss by 60,  60 and 54% (P<0.001), respectively. HLU-induced slow-to-fast fiber transition was  reduced by 17% (P<0.01). 60mg/kg TMP also significantly lessened the decrease of  contractile force, the increase of shorting velocity and fatigability induced by  HLU. Besides, it also attenuated expressions of calpain-1 (SOL -8.6%, P<0.05; EDL  -10.9%, P<0.05), calpain-2 (SOL -60%, P<0.001; EDL -32%, P<0.01) and MuRF1  expression (SOL -21%, P<0.001; EDL -10%, P<0.01), promoted the expression of  calpastatin by 18% (P<0.05) in SOL muscle. Taken together, present study  demonstrated that 60mg/kg body weight was the optimal dose of TMP against disuse  induced muscle atrophy which effectively protected muscle function by inhibiting  calpain-1, calpain-2 and MuRF1 expression, promoted calpastatin expression,  especially in slow-twitch muscle.",2017,Biomedicine & pharmacotherapy = Biomedecine & pharmacotherapie,1,hu; expression; unloading; skeletal; skeletal muscle
Activation of calcium signaling through Trpv1 by nNOS and peroxynitrite as a key trigger of skeletal muscle hypertrophy.,"Skeletal muscle atrophy occurs in aging and pathological conditions, including cancer, diabetes and AIDS. Treatment of atrophy is based on either preventing  protein-degradation pathways, which are activated during atrophy, or activating  protein-synthesis pathways, which induce muscle hypertrophy. Here we show that  neuronal nitric oxide synthase (nNOS) regulates load-induced hypertrophy by  activating transient receptor potential cation channel, subfamily V, member 1  (TRPV1). The overload-induced hypertrophy was prevented in nNOS-null mice. nNOS  was transiently activated within 3 min after overload. This activation promoted  formation of peroxynitrite, a reaction product of nitric oxide with superoxide,  which was derived from NADPH oxidase 4 (Nox4). Nitric oxide and peroxynitrite  then activated Trpv1, resulting in an increase of intracellular Ca(2+)  concentration ([Ca(2+)](i)) that subsequently triggered activation of mammalian  target of rapamycin (mTOR). Notably, administration of the TRPV1 agonist  capsaicin induced hypertrophy without overload and alleviated unloading- or  denervation-induced atrophy. These findings identify nitric oxide, peroxynitrite  and [Ca(2+)](i) as the crucial mediators that convert a mechanical load into an  intracellular signaling pathway and lead us to suggest that TRPV1 could be a new  therapeutic target for treating muscle atrophy.",2013,Nature medicine,7,skeletal; skeletal muscle; muscle atrophy; protein; role
Plasticity and function of human skeletal muscle in relation to disuse and rehabilitation: Influence of ageing and surgery.,"In order to study the influence of disuse and aging on skeletal muscle homeostasis, different human models were employed. Effects of chronic disuse were  investigated in elderly patients suffering from uni-lateral hip-osteoarthritis,  whereas the effect of short-term disuse (4 and 14 days of unilateral lower limb  immobilisation) was assessed in healthy young and old individuals. In summary,  chronic muscle disuse in the elderly was associated with marked quantitative as  well as qualitative neuromuscular impairments. More specifically, decreases were  observed in muscle strength, quadriceps muscle size and myofibre area, muscle  architecture, contractile properties and neuromuscular activation. Furthermore,  substantial side-to-side differences in specific strength (MVC/LCSA) and  normalised rapid muscle force capacity (RFD/CSA) were observed, indicating that a  significant part of the observed changes in mechanical muscle function with  disuse were explained by impairments in muscle quality. Importantly, within the  first 4 days of immobility the ob-served atrophy responses did not seem affected  by age, as manifested by comparable reductions in myofibre area in young and old  individuals. However, in line with previous observations using various animal  models, we observed a larger loss in muscle mass in young compared to older  individuals after more prolonged immobilisation (14 days). Conversely, old  individuals were more negatively affected with respect to neural function and  rapid force characteristics than their young counterparts. Moreover, we showed  that the initiation and regulation of human skeletal muscle atrophy with  short-term disuse is age-dependant. Based on the present experiments it can be  concluded that a multitude of signalling pathways related to both muscle atrophy  and protein synthesis are activated in the initial phase of disuse, which in turn  lead to a rapid initial atrophy response (~1-4 days) in both young and old  individuals followed by a gradually attenuated atrophy response at later  time-points (~2 weeks). Notably, during the first 1-2 days of immobility a  parallel activation of the ubiquitin-proteasome pathway and the IGF-1/Akt pathway  seem to occur along with a deactivation of PGC-1α and PGC-1β, suggesting that  cellular proteolysis plays an important role in the initiation of human disuse  atrophy in both young and old muscle, whereas the concurrent regulation in  protein synthesis signalling and proteolysis inhibition appears to affect young  adults more pronouncedly compared to older adults. Gaining a better understanding  of the ability of human skele-tal muscle to recover from disuse-induced atrophy  has important implications for the development and implementation of effective  countermeasures against physical frailty in the increasing population of elderly.  Importantly therefore, the present experiments demonstrate that resistance  training is highly effective of increasing maximal muscle strength and  neuromuscular function in elderly post-operative patients. Importantly, these  increases in mechanical muscle function were accompanied by gains in muscle size,  architecture and in the expression of IGF-I mRNA splice variants, resembling that  typically seen in young healthy individuals when exposed to resistance training.  In contrast, these positive adaptations could not be achieved with the use of  neuromuscular electrical stimulation or conventional rehabilitation efforts  alone. Collectively, these findings strongly underline the importance of  implementing resistive exercises in future rehabilitation programs for elderly  individuals. In addition, comparing young and old able-bodied individuals, we  observed that the magnitude and time-course of changes in mechanical muscle  function during the recovery phase following short-term disuse were compromised  in old compared to young individuals. Likewise, aged individuals demonstrated an  impaired response to re-loading reflected by attenuated gains in myofibre area,  in parallel with smaller increases in satellite cell number despite no  age-related differences were observed in factors known to promote skeletal muscle  hypertrophy and myogenic stem cell proliferation (IGF-Ea, MGF, MyoD, myogenin,  HGF). Moreover, an age-specific regulation in myostatin mRNA expression was  observed, characterized by an amplified increase in aging skeletal muscle with  immobilisation that was followed by less down-regulation during the subsequent  phase of re-loading. In combination with an association observed between the  changes in myostatin expression and satellite cell proliferation in the acute  phase of re-loading, these data indicates that myostatin play an important role  in the impaired ability of aged human skeletal muscle.",2017,Danish medical journal,8,group; immobilization; expression; protein; cast
Paracrine effects of IGF-1 overexpression on the functional decline due to skeletal muscle disuse: molecular and functional evaluation in hindlimb unloaded  MLC/mIgf-1 transgenic mice.,"Slow-twitch muscles, devoted to postural maintenance, experience atrophy and weakness during muscle disuse due to bed-rest, aging or spaceflight. These  conditions impair motion activities and can have survival implications. Human and  animal studies demonstrate the anabolic role of IGF-1 on skeletal muscle  suggesting its interest as a muscle disuse countermeasure. Thus, we tested the  role of IGF-1 overexpression on skeletal muscle alteration due to hindlimb  unloading (HU) by using MLC/mIgf-1 transgenic mice expressing IGF-1 under the  transcriptional control of MLC promoter, selectively activated in skeletal  muscle. HU produced atrophy in soleus muscle, in terms of muscle weight and fiber  cross-sectional area (CSA) reduction, and up-regulation of atrophy gene MuRF1. In  parallel, the disuse-induced slow-to-fast fiber transition was confirmed by an  increase of the fast-type of the Myosin Heavy Chain (MHC), a decrease of PGC-1α  expression and an increase of histone deacetylase-5 (HDAC5). Consistently,  functional parameters such as the resting chloride conductance (gCl) together  with ClC-1 chloride channel expression were increased and the contractile  parameters were modified in soleus muscle of HU mice. Surprisingly, IGF-1  overexpression in HU mice was unable to counteract the loss of muscle weight and  the decrease of fiber CSA. However, the expression of MuRF1 was recovered,  suggesting early effects on muscle atrophy. Although the expression of PGC-1α and  MHC were not improved in IGF-1-HU mice, the expression of HDAC5 was recovered.  Importantly, the HU-induced increase of gCl was fully contrasted in IGF-1  transgenic mice, as well as the changes in contractile parameters. These results  indicate that, even if local expression does not seem to attenuate HU-induced  atrophy and slow-to-fast phenotype transition, it exerts early molecular effects  on gene expression which can counteract the HU-induced modification of electrical  and contractile properties. MuRF1 and HDAC5 can be attractive therapeutic targets  for pharmacological countermeasures and then deserve further investigations.",2014,PloS one,1,hu; expression; unloading; skeletal; skeletal muscle
"Decreased hydrogen peroxide production and mitochondrial respiration in skeletal muscle but not cardiac muscle of the green-striped burrowing frog, a natural  model of muscle disuse.","Suppression of disuse-induced muscle atrophy has been associated with altered mitochondrial reactive oxygen species (ROS) production in mammals. However,  despite extended hindlimb immobility, aestivating animals exhibit little skeletal  muscle atrophy compared with artificially immobilised mammalian models.  Therefore, we studied mitochondrial respiration and ROS (H2O2) production in  permeabilised muscle fibres of the green-striped burrowing frog, Cyclorana  alboguttata. Mitochondrial respiration within saponin-permeabilised skeletal and  cardiac muscle fibres was measured concurrently with ROS production using  high-resolution respirometry coupled to custom-made fluorometers. After 4 months  of aestivation, C. alboguttata had significantly depressed whole-body metabolism  by ~70% relative to control (active) frogs, and mitochondrial respiration in  saponin-permeabilised skeletal muscle fibres decreased by almost 50% both in the  absence of ADP and during oxidative phosphorylation. Mitochondrial ROS production  showed up to an 88% depression in aestivating skeletal muscle when malate,  succinate and pyruvate were present at concentrations likely to reflect those in  vivo. The percentage ROS released per O2 molecule consumed was also ~94% less at  these concentrations, indicating an intrinsic difference in ROS production  capacities during aestivation. We also examined mitochondrial respiration and ROS  production in permeabilised cardiac muscle fibres and found that aestivating  frogs maintained respiratory flux and ROS production at control levels. These  results show that aestivating C. alboguttata has the capacity to independently  regulate mitochondrial function in skeletal and cardiac muscles. Furthermore,  this work indicates that ROS production can be suppressed in the disused skeletal  muscle of aestivating frogs, which may in turn protect against potential  oxidative damage and preserve skeletal muscle structure during aestivation and  following arousal.",2014,The Journal of experimental biology,3,mitochondrial; ros; pgc1α; disuse; mitophagy
Whey protein plus bicarbonate supplement has little effects on structural atrophy and proteolysis marker immunopatterns in skeletal muscle disuse during 21 days of  bed rest.,"OBJECTIVES: To investigate the effect of whey protein plus potassium bicarbonate supplement on disused skeletal muscle structure and proteolysis after bed rest  (BR). METHODS: Soleus (SOL) and vastus lateralis (VL) biopsies were sampled from  ten (n=10) healthy male subjects (aged 31±6 years) who did BR once with and once  without protein supplement as a dietary countermeasure (cross-over study design).  The structural changes (myofibre size and type distribution) were analysed by  histological sections, and muscle protein breakdown indirectly via the  proteolysis markers, calpain 1 and 3, calpastatin, MuRF1 and 2, both in muscle  homogenates and by immunohistochemistry. RESULTS: BR caused size-changes in  myofiber cross-sectional area (FCSA, SOL, p=0,004; VL, p=0.03), and myofiber  slow-to-fast type transition with increased hybrids (SOL, p=0.043; VL, p=0.037)  however with campaign differences in SOL (p<0.033). No significant effect of BR  and supplement was found by any of the key proteolysis markers. CONCLUSIONS:  Campaign differences in structural muscle adaptation may be an issue in  cross-over design BR studies. The whey protein plus potassium bicarbonate  supplement did not attenuate atrophy and fibre type transition during medium term  bed rest. Alkaline whey protein supplements may however be beneficial as adjuncts  to exercise countermeasures in disuse.",2014,Journal of musculoskeletal & neuronal interactions,5,older; bed; hmb; bed rest; rest
Dystrophin involved in the susceptibility of slow muscles to hindlimb unloading via concomitant activation of TGF-β1/Smad3 signaling and ubiquitin-proteasome  degradation in mice.,"While it is well known that the slow-twitch muscles are vulnerable to microgravity conditions, the molecular and cellular mechanisms underlying this  phenomenon remain unknown. Dystrophin, which constitutes an important link  between the cytoskeleton and the extracellular matrix, is hypothesized to be  involved in force generation and mechanical stabilization of the skeletal muscle.  Here we have shown that after a 14-day hindlimb unloading (HU) of the C57BL/10  mice, the expression of dystrophin was significantly down-regulated in the  fast-twitch myofibers, while in the slow-twitch myofibers, it was up-regulated.  In order to investigate the role of dystrophin in HU-induced susceptibility to  muscle atrophy, we compared the degradation signaling mechanisms of slow-twitch  soleus muscle in dystrophin-deficient (mdx) and the wild-type (WT) mice. We found  that mdx mice manifest less reduction of muscle mass and myofiber cross-sectional  area than the control animals. Also, the expression of two ubiquitin ligases  (MuRF1, Atrogin-1), which plays a crucial role in the  ubiquitin-proteasome-mediated muscular degradation, was significantly  down-regulated in soleus muscle of the hindlimb-unloaded mdx mice. In comparison,  in the soleus muscle of unloaded WT mice, these ligases were significantly  up-regulated. Whereas the hindlimb unloading reduced the expression of  transforming growth factor β (TGF-β1)/Smad3 in mdx mice, in WT mice, the  expression of this growth factor was augmented in response to unloading.  Correspondingly, as a result of HU of the mdx mice, the expression of four  subtypes of the myosin heavy chain and troponin I was reduced or it exhibited a  delayed slow-to-fast transition. In summary, our results suggest that dystrophin  exerts an intermediary and positive role in the disuse atrophy of the slow-twitch  muscles. This effect is mediated through the activation of TGF-β1/Smad3 signaling  and downstream ubiquitin-proteasome pathway.",2014,Cell biochemistry and biophysics,1,hu; expression; unloading; skeletal; skeletal muscle
De novo ceramides synthesis is not involved in skeletal muscle atrophy induced by short-term mechanical unloading.,"Patients admitted to the intensive care unit commonly develop skeletal muscle weakness that can exacerbate illness and complicate their recovery. Beyond the  primary disease or aging, weakness is promoted by a variety of prolonged  hospitalization-associated conditions. These include altered nutritional status,  pharmacologic side effects, physical inactivity, and prolonged bed rest. The two  latter conditions (i.e. inactivity and bed rest) are the most ubiquitous,  affecting all patients during a prolonged hospitalization. In both cases,  skeletal muscle utilization is decreased with a concomitant reduction in fatty  acid oxidation. Subsequent fatty acids accumulation converted to ceramides could  be a cellular mechanism leading to muscle wasting. Indeed these sphingolipids act  as second messengers in several of molecular signaling pathways involved in  muscle atrophy. Consequently, the aim of this work is to determine the effects of  immobilization on muscle ceramides accumulation, and identify the role of these  ectopic lipids in molecular mechanisms involved in skeletal muscle atrophy. For  this purpose, male Wistar rats were treated with an inhibitor of de novo  synthesis of ceramides (i.e. myriocin) and subjected to hindlimb unloading for 7  days. We found that hindlimb unloading induced skeletal muscle atrophy, in part  through proteolysis (i.e. decrease in AKT activation, increase in MuRF1 and  polyubiquinated proteins content) and apoptosis activations (i.e. increase in  Bax/Bcl-2 ratio and cleaved caspase-3). Myriocin treatment did not prevent  skeletal muscle atrophy and concomitant induction of apoptosis and proteolysis.  Data concerning muscle ceramides content are being analyzed. Together, these  results suggest that de novo synthesis of ceramides is not involved in muscle  atrophy induced by a short period of hindlimb unloading.",2014,Free radical biology & medicine,7,skeletal; skeletal muscle; muscle atrophy; protein; role
"Effects of β-hydroxy-β-methylbutyrate on skeletal muscle mitochondrial content and dynamics, and lipids after 10 days of bed rest in older adults.","Loss of muscle mass during periods of disuse likely has negative health consequences for older adults. We have previously shown that  β-hydroxy-β-methylbutyrate (HMB) supplementation during 10 days of strict bed  rest (BR) attenuates the loss of lean mass in older adults. To elucidate  potential molecular mechanisms of HMB effects on muscle during BR and resistance  training rehabilitation (RT), we examined mediators of skeletal muscle  mitochondrial dynamics, autophagy and atrophy, and intramyocellular lipids.  Nineteen older adults (60-76 yr) completed 10 days BR followed by 8-wk RT  rehabilitation. Subjects were randomized to either HMB (3 g/day HMB; n = 11) or  control (CON; n = 8) groups. Skeletal muscle cross-sectional area (CSA) was  determined by histology from percutaneous vastus lateralis biopsies. We measured  protein markers of mitochondrial content [oxidative phosphorylation (OXPHOS)],  fusion and fission (MFN2, OPA1, FIS1, and DRP1), autophagy (Beclin1, LC3B, and  BNIP3), and atrophy [poly-ubiquinated proteins (poly-ub)] by Western blot. Fatty  acid composition of several lipid classes in skeletal muscle was measured by  infusion-MS analysis. Poly-ub proteins and OXPHOS complex I increased in both  groups following BR (P < 0.05, main effect for time), and muscle triglyceride  content tended to increase following BR in the HMB group (P = 0.055). RT  rehabilitation increased OXPHOS complex II protein (P < 0.05), and total OXPHOS  content tended (P = 0.0504) to be higher in HMB group. In addition, higher levels  of DRP1 and MFN2 were maintained in the HMB group after RT (P < 0.05). BNIP3 and  poly-ub proteins were significantly reduced following rehabilitation in both  groups (P < 0.05). Collectively, these data suggest that HMB influences  mitochondrial dynamics and lipid metabolism during disuse atrophy and  rehabilitation.NEW & NOTEWORTHY Mitochondrial content and dynamics remained  unchanged over 10 days of BR in older adults. HMB stimulated intramuscular lipid  storage as triacylglycerol following 10 days of bed rest (BR) and maintained  higher mitochondrial OXPHOS content and dynamics during the 8-wk resistance  exercise rehabilitation program.",2017,"Journal of applied physiology (Bethesda, Md. : 1985)",5,older; bed; hmb; bed rest; rest
Developing a ceRNA-based lncRNA-miRNA-mRNA regulatory network to uncover roles in skeletal muscle development.,"The precise role of lncRNAs in skeletal muscle development and atrophy remain elusive. We conducted a bioinformatic analysis of 26 GEO datasets from mouse  studies, encompassing embryonic development, postnatal growth, regeneration, cell  proliferation, and differentiation, using R and relevant packages (limma et al.).  LncRNA-miRNA relationships were predicted using miRcode and lncBaseV2, with  miRNA-mRNA pairs identified via miRcode, miRDB, and Targetscan7. Based on the  ceRNA theory, we constructed and visualized the lncRNA-miRNA-mRNA regulatory  network using ggalluvial among other R packages. GO, Reactome, KEGG, and GSEA  explored interactions in muscle development and regeneration. We identified five  candidate lncRNAs (Xist, Gas5, Pvt1, Airn, and Meg3) as potential mediators in  these processes and microgravity-induced muscle wasting. Additionally, we created  a detailed lncRNA-miRNA-mRNA regulatory network, including interactions such as  lncRNA Xist/miR-126/IRS1, lncRNA Xist/miR-486-5p/GAB2, lncRNA Pvt1/miR-148/RAB34,  and lncRNA Gas5/miR-455-5p/SOCS3. Significant signaling pathway changes  (PI3K/Akt, MAPK, NF-κB, cell cycle, AMPK, Hippo, and cAMP) were observed during  muscle development, regeneration, and atrophy. Despite bioinformatics challenges,  our research underscores the significant roles of lncRNAs in muscle protein  synthesis, degradation, cell proliferation, differentiation, function, and  metabolism under both normal and microgravity conditions. This study offers new  insights into the molecular mechanisms governing skeletal muscle development and  regeneration.",2024,Frontiers in bioinformatics,7,skeletal; skeletal muscle; muscle atrophy; protein; role
Aerobic Exercise Recovers Disuse-induced Atrophy Through the Stimulus of the LRP130/PGC-1α Complex in Aged Rats.,"Physical training has been shown to be important to the control of muscle mass during aging, through the activation of several pathways including, IGF1-AKT and  PGC-1α. Also, it was demonstrated that LRP130, a component of the PGC-1α complex,  is important for the PGC-1α-dependent transcription of several mitochondrial  genes in vivo. To explore the role of physical training during aging, we  investigated the effects on muscle recovery after short-term immobilization  followed by 3 or 7 days with aerobic or resistance training. Using morphological  (myofibrillar adenosine triphosphatase activity, to assess the total muscle fiber  cross-sectional area (CSA) and the frequency of specific fiber types),  biochemical (myosin heavy chain), and molecular analyses (quantitative real-time  PCR, functional pathways analyses, and Western blot), our results indicated that  after an atrophic stimulus, only animals subjected to aerobic training showed  entire recovery of cross-sectional area; aerobic training reduced the  ubiquitin-proteasome system components involved in muscle atrophy after 3 days of  recovery, and the upregulation in PGC-1α expression enhanced the process of  muscle recovery by inhibiting the FoxO pathway, with the possible involvement of  LRP130. These results suggest that aerobic training enhanced the muscle  regeneration process after disuse-induced atrophy in aged rats possibly through  of the LRP130/PGC-1α complex by inhibiting the ubiquitin-proteasome system.",2016,"The journals of gerontology. Series A, Biological sciences and medical sciences",0,recovery; reloading; mass; muscle mass; mice
Squalene mitigates muscle atrophy via the PI3K/Akt pathway in TNF-α-stimulated C2C12 myotubes and immobilization-induced C57BL/6J mice.,"Squalene, a polyunsaturated triterpene and sterol precursor present in shark liver oil, was evaluated for its protective effects against skeletal muscle  atrophy. This study examined its effects in both tumor necrosis factor-alpha  (TNF-α)-treated C2C12 myotubes and in a mouse model of immobilization-induced  muscle atrophy. After 7 days of immobilization, C57BL/6J mice received daily oral  squalene (100 or 200 mg/kg) or saline for 7 days. Squalene alleviated muscle  atrophy, as evidenced by increases in grip strength, muscle mass, and muscle  fiber cross-sectional area. Mechanistically, squalene activated the  phosphatidylinositol 3-kinase/protein kinase B/mammalian target of rapamycin  (PI3K/Akt/mTOR) pathway to promote protein synthesis and suppressed forkhead box  O3a-mediated protein degradation by downregulating muscle-specific E3 ubiquitin  ligases. Furthermore, squalene enhanced antioxidant enzyme and reduced  pro-inflammatory cytokines via inhibition of nuclear factor kappa B  phosphorylation. These findings suggest that squalene attenuates muscle atrophy  and improves muscle function primarily through modulation of the PI3K/Akt  signaling pathway.",2026,Food science and biotechnology,9,mice; muscle atrophy; protein; immobilization; mass
Dietary nitrate preserves mitochondrial bioenergetics and mitochondrial protein synthesis rates during short-term immobilization in mice.,"Skeletal muscle disuse reduces muscle protein synthesis rates and induces atrophy, events associated with decreased mitochondrial respiration and increased  reactive oxygen species. Given that dietary nitrate can improve mitochondrial  bioenergetics, we examined whether nitrate supplementation attenuates  disuse-induced impairments in mitochondrial function and muscle protein synthesis  rates. Female C57Bl/6N mice were subjected to single-limb casting (3 or 7 days)  and consumed drinking water with or without 1 mM sodium nitrate. Compared with  the contralateral control limb, 3 days of immobilization lowered myofibrillar  fractional synthesis rates (FSR, P < 0.0001), resulting in muscle atrophy.  Although FSR and mitophagy-related proteins were higher in subsarcolemmal (SS)  compared with intermyofibrillar (IMF) mitochondria, immobilization for 3 days  decreased FSR in both SS (P = 0.009) and IMF (P = 0.031) mitochondria.  Additionally, 3 days of immobilization reduced maximal mitochondrial respiration,  decreased mitochondrial protein content, and increased maximal mitochondrial  reactive oxygen species emission, without altering mitophagy-related proteins in  muscle homogenate or isolated mitochondria (SS and IMF). Although nitrate  consumption did not attenuate the decline in muscle mass or myofibrillar FSR,  intriguingly, nitrate completely prevented immobilization-induced reductions in  SS and IMF mitochondrial FSR. In addition, nitrate prevented alterations in  mitochondrial content and bioenergetics after both 3 and 7 days of  immobilization. However, in contrast to 3 days of immobilization, nitrate did not  prevent the decline in SS and IMF mitochondrial FSR after 7 days of  immobilization. Therefore, although nitrate supplementation was not sufficient to  prevent muscle atrophy, nitrate may represent a promising therapeutic strategy to  maintain mitochondrial bioenergetics and transiently preserve mitochondrial  protein synthesis rates during short-term muscle disuse. KEY POINTS: Alterations  in mitochondrial bioenergetics (decreased respiration and increased reactive  oxygen species) are thought to contribute to muscle atrophy and reduced protein  synthesis rates during muscle disuse. Given that dietary nitrate can improve  mitochondrial bioenergetics, we examined whether nitrate supplementation could  attenuate immobilization-induced skeletal muscle impairments in female mice.  Dietary nitrate prevented short-term (3 day) immobilization-induced declines in  mitochondrial protein synthesis rates, reductions in markers of mitochondrial  content, and alterations in mitochondrial bioenergetics. Despite these benefits  and the preservation of mitochondrial content and bioenergetics during more  prolonged (7 day) immobilization, nitrate consumption did not preserve skeletal  muscle mass or myofibrillar protein synthesis rates. Overall, although dietary  nitrate did not prevent atrophy, nitrate supplementation represents a promising  nutritional approach to preserve mitochondrial function during muscle disuse.",2025,The Journal of physiology,3,mitochondrial; ros; pgc1α; disuse; mitophagy
Beneficial effects of Tteokbokki sauce meeting the functional labeling system claim on dexamethasone-induced C2C12 myotube and hindlimb immobilization-induced  C57BL/6J mice.,"This study investigated the potential of tteokbokki sauce meeting the functional labeling system (TSF) with resistant maltodextrin on muscle atrophy using  dexamethasone-induced C2C12 myotubes and hindlimb immobilization (HI)-induced  C57BL/6J mice. TSF significantly improved cell viability, myotube diameter, and  fusion index in C2C12 myotubes. Furthermore, TSF effectively mitigated HI-induced  muscle atrophy in mice, enhanced grip strength, and increased muscle mass. At the  molecular level, TSF upregulated proteins related to muscle protein synthesis  (IGF-1/Akt/mTOR) and mitochondrial biogenesis (SIRT1/PGC-1α), while  downregulating proteins associated with muscle protein degradation  (Fbx32/FoxO3a/MuRF1). This dual action highlights the potential of TSF to promote  muscle health and prevent muscle atrophy. Our findings suggest that TSF holds  promise as a functional food ingredient for treating muscle atrophy. Developing a  sauce with anti-muscle atrophy properties opens new avenues for creating novel  health-promoting food products. SUPPLEMENTARY INFORMATION: The online version  contains supplementary material available at 10.1007/s10068-024-01675-0.",2025,Food science and biotechnology,9,mice; muscle atrophy; protein; immobilization; mass
Conditioned medium derived from umbilical cord mesenchymal stem cells regenerates atrophied muscles.,"We investigated the regenerative effects and regulatory mechanisms of human umbilical cord mesenchymal stem cells (UC-MSCs)-derived conditioned medium (CM)  in atrophied muscles using an in vivo model. To determine the appropriate harvest  point of UC-CM, active factor content was analyzed in the secretome over time. A  muscle atrophy model was induced in rats by hindlimb suspension (HS) for 2 weeks.  Next, UC-CM was injected directly into the soleus muscle of both hind legs to  assess its regenerative efficacy on atrophy-related factors after 1 week of HS.  During HS, muscle mass and muscle fiber size were significantly reduced by over  2-fold relative to untreated controls. Lactate accumulation within the muscles  was similarly increased. By contrast, all of the above analytical factors were  significantly improved in HS-induced rats by UC-CM injection compared with saline  injection. Furthermore, the expression levels of desmin and skeletal muscle actin  were significantly elevated by UC-CM treatment. Importantly, UC-CM effectively  suppressed expression of the atrophy-related ubiquitin E3-ligases, muscle ring  finger 1 and muscle atrophy F-box by 2.3- and 2.1-fold, respectively. UC-CM  exerted its actions by stimulating the phosphoinositol-3-kinase (PI3K)/Akt  signaling cascade. These findings suggest that UC-CM provides an effective  stimulus to recover muscle status and function in atrophied muscles.",2016,Tissue & cell,2,soleus; hs; soleus muscle; unloading; rats
Alterations in molecular muscle mass regulators after 8 days immobilizing Special Forces mission.,"In military operations, declined physical capacity can endanger the life of soldiers. During special support and reconnaissance (SSR) missions, Special  Forces soldiers sustain 1-2 weeks full-body horizontal immobilization, which  impairs muscle strength and performance. Adequate muscle mass and strength are  necessary in combat or evacuation situations, which prompt for improved  understanding of muscle mass modulation during SSR missions. To explore the  molecular regulation of myofiber size during a simulated SSR operation, nine male  Special Forces soldiers were biopsied in m. vastus lateralis pre and post 8 days  immobilizing restricted prone position. After immobilization, total mammalian  target of rapamycin protein was reduced by 42% (P < 0.05), whereas total and  phosphorylated protein levels of Akt, ribosomal protein S6k, 4E-BP1, and glycogen  synthase kinase3β were unchanged. Messenger RNA (mRNA) levels of the atrogenes  forkhead box O3 (FoxO3), atrogin1, and muscle ring finger protein1 (MuRF1)  increased by 36%, 53%, and 71% (P < 0.01), MuRF1 protein by 51% (P = 0.05),  whereas FoxO1 and peroxisome proliferator-activated receptor γ coactivator-1 β  mRNAs decreased by 29% and 40% (P < 0.01). In conclusion, occupational  immobilization in Special Forces soldiers led to modulations in molecular muscle  mass regulators during 8 days prone SSR mission, which likely contribute to  muscle loss observed in such operations. The present data expand our knowledge of  human muscle mass regulation during short-term immobilization.",2015,Scandinavian journal of medicine & science in sports,8,group; immobilization; expression; protein; cast
Short-term muscle disuse atrophy is not associated with increased intramuscular lipid deposition or a decline in the maximal activity of key mitochondrial  enzymes in young and older males.,"Aging is generally accompanied by a progressive loss of skeletal muscle mass and impairments in metabolic function. Even a few days of muscle disuse (such as that  occurring during injury or illness) leads to considerable loss of muscle mass and  strength. It has been speculated that short, successive periods of muscle disuse  throughout the lifespan may be largely responsible for the age-related loss of  muscle mass. However, it remains unknown whether such short periods of disuse  also induce impairments in metabolic function within skeletal muscle. Here, we  investigated the effects of a five day period of muscle disuse on  intramyocellular triacylglycerol (IMTG) content, muscle oxidative capacity, and  the expression of key genes that regulate oxidative metabolism in healthy young  and elderly men. Muscle biopsies were collected from healthy, young (n=12; 23±1y)  and elderly (n=12; 70±1y) men prior to and immediately after a five day period of  one-legged knee immobilization by way of a full leg cast. At baseline, elderly  men had a greater IMTG content when compared with the young (56.2±5.1 and  34.8±7.3μmol·g(-1), respectively; P<0.05) with no changes in either group  following immobilization (53.4±5.0 and 35.7±5.0μmol·g(-1), respectively; P>0.05).  In line, five days of disuse did not lower citrate synthase, β-HAD or cytochrome  C oxidase activity in skeletal muscle tissue. Pyruvate dehydrogenase activity  increased following immobilization in the older subjects only, from 0.39±0.06 to  0.55 0.05μmol·g(-1)·min(-1) (71±33%; P<0.01). The skeletal muscle mRNA expression  of PGC1α and citrate synthase both declined following immobilization in both the  young and elderly subjects. We conclude that five days of muscle disuse does not  increase intramuscular lipid deposition or reduce the maximal activity of key  mitochondrial enzymes within the skeletal muscle of young or older men.",2015,Experimental gerontology,8,group; immobilization; expression; protein; cast
Impaired Mitochondrial Energetics Characterize Poor Early Recovery of Muscle Mass Following Hind Limb Unloading in Old Mice.,"The progression of age-related sarcopenia can be accelerated by impaired recovery of muscle mass following periods of disuse due to illness or immobilization.  However, the mechanisms underlying poor recovery of aged muscle following disuse  remain to be delineated. Recent evidence suggests that mitochondrial energetics  play an important role in regulation of muscle mass. Here, we report that 22- to  24-month-old mice with low muscle mass and low glucose clearance rate also  display poor early recovery of muscle mass following 10 days of hind limb  unloading. We used unbiased and targeted approaches to identify changes in energy  metabolism gene expression, metabolite pools and mitochondrial phenotype, and  show for the first time that persistent mitochondrial dysfunction, dysregulated  fatty acid β-oxidation, and elevated H2O2 emission occur concomitantly with poor  early recovery of muscle mass following a period of disuse in old mice.  Importantly, this is linked to more severe whole-body insulin resistance, as  determined by insulin tolerance test. The findings suggest that muscle fuel  metabolism and mitochondrial energetics could be a focus for mining therapeutic  targets to improve recovery of muscle mass following periods of disuse in older  animals.",2018,"The journals of gerontology. Series A, Biological sciences and medical sciences",0,recovery; reloading; mass; muscle mass; mice
Effects of 2 weeks lower limb immobilization and two separate rehabilitation regimens on gastrocnemius muscle protein turnover signaling and normalization  genes.,"BACKGROUND: Limb immobilization causes a rapid loss of muscle mass and strength that requires appropriate rehabilitation to ensure restoration of normal  function. Whereas the knowledge of muscle mass signaling with immobilization has  increased in recent years, the molecular regulation in the rehabilitation of  immobilization-induced muscle atrophy is only sparsely studied. To investigate  the phosphorylation and expression of candidate key molecular muscle mass  regulators after immobilization and subsequent rehabilitation we performed two  separate studies. METHODS: We immobilized the lower limb for 2 weeks followed by  the in-house hospital standard physiotherapy rehabilitation (Study 1). Secondly,  we conducted an intervention study using the same 2 weeks immobilization protocol  during which protein/carbohydrate supplementation was given. This was followed by  6 weeks of rehabilitation in the form of resistance training and continued  protein/carbohydrate supplementation (Study 2). We obtained muscle biopsies from  the medial gastrocnemius prior to immobilization (PRE), post-immobilization  (IMMO) and post-rehabilitation (REHAB) and measured protein expression and  phosphorylation of Akt, mTOR, S6k, 4E-BP1, GSK3β, ubiquitin and MURF1 and mRNA  expression of Atrogin-1, MURF1, FOXO1, 3 and 4 as well as appropriate  housekeeping genes. RESULTS: In both studies, no changes in protein expression or  phosphorylation for any measured protein were observed. In Study 1, FOXO3 and  FOXO4 mRNA expression decreased after IMMO and REHAB compared to PRE, whereas  other mRNAs remained unchanged. Interestingly, we found significant changes in  expression of the putative housekeeping genes GAPDH, HADHA and S26 with  immobilization in both studies. CONCLUSIONS: In neither study, the changes in  muscle mass associated with immobilization and rehabilitation were accompanied by  expected changes in expression of atrophy-related genes or phosphorylation along  the Akt axis. Unexpectedly, we observed significant changes in several of the  so-called housekeeping genes GAPDH, HADHA and S26 with immobilization in both  studies, thereby questioning the usefulness of these genes for normalization of  RNA data purposes in muscle immobilization studies.",2012,BMC research notes,8,group; immobilization; expression; protein; cast
"The worsening of tibialis anterior muscle atrophy during recovery post-immobilization correlates with enhanced connective tissue area, proteolysis,  and apoptosis.","Sustained muscle wasting due to immobilization leads to weakening and severe metabolic consequences. The mechanisms responsible for muscle recovery after  immobilization are poorly defined. Muscle atrophy induced by immobilization  worsened in the lengthened tibialis anterior (TA) muscle but not in the shortened  gastrocnemius muscle. Here, we investigated some mechanisms responsible for this  differential response. Adult rats were subjected to unilateral hindlimb casting  for 8 days (I8). Casts were removed at I8, and animals were allowed to recover  for 10 days (R1 to R10). The worsening of TA atrophy following immobilization  occurred immediately after cast removal at R1 and was sustained until R10. This  atrophy correlated with a decrease in type IIb myosin heavy chain (MyHC) isoform  and an increase in type IIx, IIa, and I isoforms, with muscle connective tissue  thickening, and with increased collagen (Col) I mRNA levels. Increased Col XII,  Col IV, and Col XVIII mRNA levels during TA immobilization normalized at R6.  Sustained enhanced peptidase activities of the proteasome and apoptosome activity  contributed to the catabolic response during the studied recovery period.  Finally, increased nuclear apoptosis prevailed only in the connective tissue  compartment of the TA. Altogether, the worsening of the TA atrophy pending  immediate reloading reflects a major remodeling of its fiber type properties and  alterations in the structure/composition of the extracellular compartment that  may influence its elasticity/stiffness. The data suggest that sustained enhanced  ubiquitin-proteasome-dependent proteolysis and apoptosis are important for these  adaptations and provide some rationale for explaining the atrophy of reloaded  muscles pending immobilization in a lengthened position.",2012,American journal of physiology. Endocrinology and metabolism,0,recovery; reloading; mass; muscle mass; mice
Homer 2 antagonizes protein degradation in slow-twitch skeletal muscles.,"Homer represents a new and diversified family of proteins made up of several isoforms. The presence of Homer isoforms, referable to 1b/c and 2a/b, was  investigated in fast- and slow-twitch skeletal muscles from both rat and mouse.  Homer 1b/c was identical irrespective of the muscle, and Homer 2a/b was instead  characteristic of the slow-twitch phenotype. Transition in Homer isoform  composition was studied in two established experimental models of atrophy, i.e.,  denervation and disuse of slow-twitch skeletal muscles of the rat. No change of  Homer 1b/c was observed up to 14 days after denervation, whereas Homer 2a/b was  found to be significantly decreased at 7 and 14 days after denervation by 70 and  90%, respectively, and in parallel to reduction of muscle mass; 3 days after  denervation, relative mRNA was reduced by 90% and remained low thereafter.  Seven-day hindlimb suspension decreased Homer 2a/b protein by 70%. Reconstitution  of Homer 2 complement by in vivo transfection of denervated soleus allowed  partial rescue of the atrophic phenotype, as far as muscle mass, muscle fiber  size, and ubiquitinazion are concerned. The counteracting effects of exogenous  Homer 2 were mediated by downregulation of MuRF1, Atrogin, and Myogenin, i.e.,  all genes known to be upregulated at the onset of atrophy. On the other hand,  slow-to-fast transition of denervated soleus, another landmark of denervation  atrophy, was not rescued by Homer 2 replacement. The present data show that 1)  downregulation of Homer 2 is an early event of atrophy, and 2) Homer 2  participates in the control of ubiquitinization and ensuing proteolysis via  transcriptional downregulation of MuRF1, Atrogin, and Myogenin. Homers are key  players of skeletal muscle plasticity, and Homer 2 is required for trophic  homeostasis of slow-twitch skeletal muscles.",2013,American journal of physiology. Cell physiology,0,recovery; reloading; mass; muscle mass; mice
Protective effects of low-dose lithium treatment on rat postural muscle under conditions of disuse.,"Skeletal muscles undergo significant atrophy and loss of strength under conditions of disuse/mechanical unloading. Since low-dose lithium treatment has  been shown to benefit the musculoskeletal system of mammals, this study sought to  investigate the effects of subtherapeutic doses of lithium chloride (LiCl) on the  functional properties and markers of protein metabolism in the postural soleus  muscle of rats under 7 days of mechanical unloading. Rat hindlimbs were unloaded  using the hindlimb suspension (HS) method. Male Wistar rats were divided into  four groups: (1) vivarium control (C), (2) vivarium control + LiCl (C + Li), (3)  7-day HS (HS), and (4) 7-day HS + LiCl (HS + Li). LiCl (40 mg/kg) was  administered intraperitoneally daily throughout the experiment. Structural  changes in the muscle were studied using immunohistochemistry. Markers of  anabolic and catabolic processes were assessed using Western blotting and PCR.  LiCl treatment during HS prevented a decrease in muscle fiber size and  slow-to-fast fiber transformation. Additionally, LiCl administration during HS  increased the specific maximum force and passive tension of the soleus compared  to the control. LiCl administration during HS prevented decreases in GSK-3β  (Ser9) and 4E-BP1 (Thr37/46) phosphorylation. Furthermore, LiCl prevented the  HS-induced increase in ubiquitin, atrogin-1, MuRF-1, ULK1, and calpain-1 mRNA  expression. Thus, daily low-dose LiCl administration during 7-day HS maintained  the morphological parameters and increased the functional properties of the rat  soleus muscle. This was accompanied by the prevention of the activation of the  key proteolytic markers in the soleus muscle.",2025,Pflugers Archiv : European journal of physiology,2,soleus; hs; soleus muscle; unloading; rats
"Changes in REDD1, REDD2, and atrogene mRNA expression are prevented in skeletal muscle fixed in a stretched position during hindlimb immobilization.","Immobilized skeletal muscle fixed in a shortened position displays disuse atrophy, whereas when fixed in a stretched position it does not (Goldspink, D. F.  (1977) J Physiol 264, 267-282). Although significant advances have been made in  our understanding of mechanisms involved in development of atrophy in muscle  fixed in a shortened position, little is known about why mass is maintained when  muscle is immobilized in a stretched position. In the present study, we  hypothesized that skeletal muscle immobilized in a stretched position would be  protected from gene expression changes known to be associated with disuse  atrophy. To test the hypothesis, male Sprague-Dawley rats were anesthetized using  isoflurane and subjected to unilateral hindlimb immobilization for 3 days with  the soleus fixed in either a shortened or stretched position. All comparisons  were made to the contralateral nonimmobilized muscle. Soleus immobilized in a  shortened position exhibited disuse atrophy, attenuated rates of protein  synthesis, attenuated mTORC1 signaling, and induced expression of genes for  REDD1, REDD2, MAFbx, and MuRF1. In contrast, immobilization of the soleus in a  stretched position prevented these changes as it exhibited no difference in  muscle mass, rates of protein synthesis, mTORC1 signaling, or expression of genes  encoding REDD1, MAFbx or MuRF1, with REDD2 expression being reduced compared to  control. In conclusion, fixed muscle length plays a major role in  immobilization-induced skeletal muscle atrophy whereby placing muscle in a  shortened position leads to induction of gene expression for REDD1, REDD2, and  atrogenes.",2014,Physiological reports,8,group; immobilization; expression; protein; cast
Leucine augments specific skeletal muscle mitochondrial respiratory pathways during recovery following 7 days of physical inactivity in older adults.,"In older adults, leucine mitigated the loss of insulin sensitivity associated with muscular disuse. Leucine supplementation increased mitochondrial respiration  and reduced a marker of oxidative stress following periods of disuse and  rehabilitation.",2021,"Journal of applied physiology (Bethesda, Md. : 1985)",5,older; bed; hmb; bed rest; rest
Protein and Amino Acid Supplementation Does Not Alter Proteolytic Gene Expression following Immobilization.,"Objective. To determine if supplementation of protein and amino acids (PAA) decreases skeletal muscle expression of atrophy-related genes, muscle mass, and  strength during immobilization in humans. Methods. Twenty males wore a lower-limb  immobilization boot for 28 days and consumed either a PAA supplement (28 g  protein) or carbohydrate placebo (28 g maltodextrose), while consuming their  normal daily diet. Testing sessions included dietary analysis, lower-leg girth  and body composition measurements, strength testing, and gastrocnemius muscle  biopsies. Muscle was analyzed for mRNA expression of markers in the ubiquitin and  calpain systems, myostatin, TNF-α, and NF-κB. Results. All genes of interest  increased over time (P < .05), but there was no difference between groups.  Lower-leg girth decreased over time (P = 0.02); however, there were no  significant changes in body composition or strength. Conclusion. Short-term  lower-limb disuse, despite the absence of significant muscle atrophy, is  associated with increases in skeletal muscle gene expression of several  proteolysis-related genes. These changes do not appear to be altered by oral PAA  supplementation.",2011,Journal of nutrition and metabolism,8,group; immobilization; expression; protein; cast
Anabolic effects of oral leucine-rich protein with and without β-hydroxybutyrate on muscle protein metabolism in a novel clinical model of systemic inflammation-a  randomized crossover trial.,"BACKGROUND: β-lactoglobulin (BLG) stimulates muscle protein synthesis and β-hydroxybutyrate (BHB) inhibits muscle breakdown. Whether combining the 2 can  additively attenuate disease-induced muscle loss is unknown. OBJECTIVE: Based on  previous observations of anticatabolic effects of protein and ketone bodies  during inflammation, and using a novel model combining ongoing systemic  inflammation, fasting, and immobilization, we tested whether the anticatabolic  muscle response to oral amino acids is altered compared with control conditions,  as well as whether coadministration of oral BHB and BLG further improves the  muscle anabolic response. Muscle net balance (NBphe) was the primary outcome and  intramyocellular signals were assessed. METHODS: In a randomized crossover  design, 8 young men underwent either preconditioning with LPS (prestudy day: 1  ng/kg, study day: 0.5 ng/kg) combined with a 36-h fast and bed rest to mimic  catabolic inflammatory disease (CAT) or an overnight fast (control [CTR]) prior  to isocaloric nutritional interventions on 3 occasions separated by ∼6 wk (range  42 to 83 d). RESULTS: NBphe increased similarly upon all conditions (interaction  P = 0.65). From comparable baseline rates, both Rdphe [muscle synthesis, median  ratio (95% CI): 0.44 (0.23, 0.86) P = 0.017] and Raphe [muscle breakdown, median  ratio (95% CI): 0.46 (0.27, 0.78) P = 0.005] decreased following BHB + BLG  compared with BLG. BLG increased Rdphe more under CAT conditions compared with  CTR (interaction P = 0.02). CAT increased inflammation, energy expenditure, and  lipid oxidation and decreased Rdphe and anabolic signaling [mammalian target of  rapamycin (mTOR) and eukaryotic translation initiation factor 4E-binding protein  1 (4EPB1) phosphorylation]. CONCLUSION: In contrast to our initial hypothesis,  NBphe increased similarly following BLG during CAT and CTR conditions; CAT  however, specifically stimulated the BLG-mediated increase in protein synthesis,  whereas BHB coadministration did not affect NBphe, but distinctly dampened the  BLG-induced increase in muscle amino acid fluxes thereby liberating circulating  amino acids for anabolic actions elsewhere.",2021,The American journal of clinical nutrition,9,mice; muscle atrophy; protein; immobilization; mass
Detecting the Effects of the Glucocorticoid Dexamethasone on Primary Human Skeletal Muscle Cells-Differences to the Murine Cell Line.,"Skeletal muscle atrophy is characterized by a decrease in muscle fiber size as a result of a decreased protein synthesis, which leads to degradation of  contractile muscle fibers. It can occur after denervation and immobilization, and  glucocorticoids (GCs) may also increase protein breakdown contributing to the  loss of muscle mass and myofibrillar proteins. GCs are already used in vitro to  induce atrophic conditions, but until now no studies with primary human skeletal  muscle existed. Therefore, this study deals with the effects of the GC  dexamethasone (dex) on primary human myoblasts and myotubes. After incubation  with 1, 10, and 100 µM dex for 48 and 72 h, gene and protein expression analyses  were performed by qPCR and Western blot. Foxo, MuRF-1, and MAFbx were  significantly upregulated by dex, and there was increased gene expression of  myogenic markers. However, prolonged incubation periods demonstrated no Myosin  protein degradation, but an increase of MuRF-1 expression. In conclusion,  applying dex did not only differently affect primary human myoblasts and  myotubes, as differences were also observed when compared to murine cells. Based  on our findings, studies using cell lines or animal cells should be interpreted  with caution as signaling transduction and functional behavior might differ in  diverse species.",2020,International journal of molecular sciences,7,skeletal; skeletal muscle; muscle atrophy; protein; role
Disuse impairs the muscle protein synthetic response to protein ingestion in healthy men.,"BACKGROUND: Disuse leads to rapid skeletal muscle atrophy, which brings about numerous negative health consequences. Muscle disuse atrophy is, at least in  part, attributed to a decline in basal (postabsorptive) muscle protein synthesis  rates. However, it remains to be determined whether muscle disuse also impairs  the muscle protein synthetic response to dietary protein ingestion. PURPOSE: We  assessed muscle protein synthesis rates after protein ingestion before and after  a period of disuse in humans. METHODS: Twelve healthy young (24 ± 1 year) men  underwent a 14-day period of one-legged knee immobilization by way of a full leg  cast. Before and after the immobilization period, quadriceps cross-sectional  area, muscle strength, skeletal muscle protein synthesis rates, and associated im  (intramuscular) molecular signaling were assessed. Continuous infusions of  l-[ring-²H₅]phenylalanine were applied to assess mixed-muscle protein fractional  synthetic rates after the ingestion of 20 g dietary protein. RESULTS:  Immobilization led to an 8.4% ± 2.8% (P < .001) and 22.9% ± 2.6% (P < .001)  decrease in quadriceps muscle cross-sectional area and strength, respectively.  Immobilization resulted in a 31% ± 12% reduction in postprandial muscle protein  synthesis rates (from 0.046% ± 0.004% to 0.032% ± 0.006% per hour; P < .05).  These findings were observed without any discernible changes in the skeletal  muscle phosphorylation status of mammalian target of rapamycin or p70 ribosomal  protein S6 kinase. CONCLUSIONS: A short period of muscle disuse impairs the  muscle protein synthetic response to dietary protein intake in vivo in healthy  young men. Thus, anabolic resistance to protein ingestion contributes  significantly to the loss of muscle mass that is observed during disuse.",2013,The Journal of clinical endocrinology and metabolism,8,group; immobilization; expression; protein; cast
CRISPR/Cas9-Targeted Myostatin Deletion Improves the Myogenic Differentiation Parameters for Muscle-Derived Stem Cells in Mice.,"Skeletal muscle plays a pivotal role in physical activity, protein storage and energy utilization. Skeletal muscle wasting due to immobilization, aging,  muscular dystrophy and cancer cachexia has negative impacts on the quality of  life. The deletion of myostatin, a growth and differentiation factor-8 (GDF-8)  augments muscle mass through hyperplasia and hypertrophy of muscle fibers. The  present study examines the impact of myostatin deletion using CRISPR/Cas9 editing  on the myogenic differentiation (MD) of C2C12 muscle stem cells. A total of five  myostatin loci were targeted using guided RNAs that had been previously cloned  into a vector. The clones were transfected in C2C12 cells via electroporation.  The cell viability and MD of myostatin-edited clones (Mstn(-/-)) were compared  with C2C12 (Mstn(+/+)) using a series of assays, including MTT, sulforhodamine B,  immunocytochemistry, morphometric analysis and RT-qPCR. The clones sequenced  showed evidence of nucleotides deletion in Mstn(-/-) cells. Mstn(-/-) cells  demonstrated a normal physiological performance and lack of cytotoxicity.  Myostatin depletion promoted the myogenic commitment as evidenced by upregulated  MyoD and myogenin expression. The number of MyoD-positive cells was increased in  the differentiated Mstn(-/-) clones. The Mstn(-/-) editing upregulates both mTOR  and MyH expression, as well as increasing the size of myotubes. The  differentiation of Mstn(-/-) cells upregulates ActRIIb; in contrast, it  downregulates decorin expression. The data provide evidence of successful  CRISPR/Cas9-mediated myostatin deletion. In addition, targeting myostatin could  be a beneficial therapeutic strategy to promote MD and to restore muscle loss. In  conclusion, the data suggest that myostatin editing using CRISPR/Cas9 could be a  potential therapeutic manipulation to improve the regenerative capacity of muscle  stem cells before in vivo application.",2025,Journal of developmental biology,7,skeletal; skeletal muscle; muscle atrophy; protein; role
Low-dose simulated galactic cosmic radiation exposure after hindlimb unloading has long-term impact on skeletal muscle metabolic proteins in female mice.,"Spaceflight stressors, including microgravity-induced unloading and galactic cosmic radiation (GCR), acutely disrupt mitochondrial function and contribute to  skeletal muscle atrophy. The long-term remodeling of skeletal muscle following  combined unloading and radiation exposure remains poorly understood. We  investigated protein abundance changes 9-mo postexposure to combined unloading  and radiation exposure. Female, 6-mo-old, C57Bl/6J mice underwent 5 days of  hindlimb unloading (HU) or weight-bearing (WB) conditions, followed by 0, 0.5, or  1.5 Gy of simulated GCR exposure using the simplified 5-ion beam exposure  (simGCRsim) (n = 5/group). The gastrocnemius muscle was collected after 9 mo of  WB and analyzed by data-independent acquisition mass spectrometry. Differentially  abundant proteins were identified and evaluated using pathway enrichment  analyses. WB mice exposed to 0.5 Gy exhibited increased abundance of electron  transport system proteins and mitochondrial transport proteins, suggesting  increased mitochondrial activity relative to control mice. HU mice exposed to 0.5  Gy displayed decreased glycolytic proteins, increased reliance on oxidative  pathways, and reduced antioxidant proteins (glutaredoxins and peroxiredoxin)  compared with WB0.5. In HU mice, a higher radiation dose (HU1.5 vs. HU0.5) led to  the downregulation of 26S proteasome subunits and the upregulation of peroxisomal  antioxidant, tricarboxylic acid cycle, and β-oxidation proteins, indicating  dose-dependent mitochondrial adaptations. Long-term muscular remodeling after  simGCRsim exposure is influenced by both muscle-loading status and radiation  dose, with prolonged shifts toward oxidative metabolism and altered protein  quality control persisting months after exposure. These findings provide new  insights into skeletal muscle adaptation to spaceflight stressors and have  important implications for astronaut health during and after long-duration  missions.NEW & NOTEWORTHY Acute simGCRsim exposure causes changes in metabolic  and mitochondrial protein abundance that are observable after 9 mo.  Weight-bearing and unloaded muscle show unique metabolic protein profiles, with  unloaded muscle experiencing reduced expression of glycolytic proteins relative  to weight-bearing muscle after 9 mo. Significant dose-dependent response to acute  simGCRsim exposure, with higher doses having more profound effects on metabolic  and antioxidant protein abundance.",2026,"American journal of physiology. Regulatory, integrative and comparative physiology",3,mitochondrial; ros; pgc1α; disuse; mitophagy
"Contrarily to whey and high protein diets, dietary free leucine supplementation cannot reverse the lack of recovery of muscle mass after prolonged immobilization  during ageing.","During ageing, immobilization periods increase and are partially responsible of sarcopaenia by inducing a muscle atrophy which is hardly recovered from.  Immobilization-induced atrophy is due to an increase of muscle apoptotic and  proteolytic processes and decreased protein synthesis. Moreover, previous data  suggested that the lack of muscle mass recovery might be due to a defect in  protein synthesis response during rehabilitation. This study was conducted to  explore protein synthesis during reloading and leucine supplementation effect as  a nutritional strategy for muscle recovery. Old rats (22–24 months old) were  subjected to unilateral hindlimb casting for 8 days (I8) and allowed to recover  for 10–40 days (R10–R40). They were fed a casein (±leucine) diet during the  recovery. Immobilized gastrocnemius muscles atrophied by 20%, and did not recover  even at R40. Amount of polyubiquitinated conjugates and chymotrypsin- and  trypsin-like activities of the 26S proteasome increased. These changes paralleled  an ‘anabolic resistance' of the protein synthesis at the postprandial state  (decrease of protein synthesis, P-S6 and P-4E-BP1). During the recovery,  proteasome activities remained elevated until R10 before complete normalization  and protein synthesis was slightly increased. With free leucine supplementation  during recovery, if proteasome activities were normalized earlier and protein  synthesis was higher during the whole recovery, it nevertheless failed in muscle  mass gain. This discrepancy could be due to a ‘desynchronization' between the  leucine signal and the availability of amino acids coming from casein digestion.  Thus, when supplemented with leucine-rich proteins (i.e. whey) and high protein  diets, animals partially recovered the muscle mass loss.",2012,The Journal of physiology,0,recovery; reloading; mass; muscle mass; mice
Macrophage colony-stimulating factor-induced macrophage differentiation promotes regrowth in atrophied skeletal muscles and C2C12 myotubes.,"Skeletal muscle injury and regeneration are closely associated with an inflammatory reaction that is usually characterized by sequential recruitment of  neutrophils and monocytes or macrophages. Selective macrophage depletion models  have shown that macrophages are essential for complete regeneration of muscle  fibers after freeze injuries, toxin injuries, ischemia-reperfusion, and hindlimb  unloading and reloading. Although there is growing evidence that macrophages  possess major myogenic capacities, it is not known whether the positive effects  of macrophages can be optimized to stimulate muscle regrowth. We used in vivo and  in vitro mouse models of atrophy to investigate the effects of stimulating  macrophages with macrophage colony-stimulating factor (M-CSF) on muscle regrowth.  When atrophied soleus muscles were injected intramuscularly with M-CSF, we  observed a 1.6-fold increase in macrophage density and a faster recovery in  muscle force (20%), combined with an increase in muscle fiber diameter (10%),  after 7 days of reloading, compared with PBS-injected soleus muscles.  Furthermore, coculture of atrophied myotubes with or without bone marrow-derived  macrophages (BMDM) and/or M-CSF revealed that the combination of BMDMs and M-CSF  was required to promote myotube growth (15%). More specifically, M-CSF promoted  the anti-inflammatory macrophage phenotype, which in turn decreased protein  degradation and MuRF-1 expression by 25% in growing myotubes. These results  indicate that specific macrophage subsets can be stimulated to promote muscle  cell regrowth after atrophy.",2013,The American journal of pathology,0,recovery; reloading; mass; muscle mass; mice
Effect of Eukarion-134 on Akt-mTOR signalling in the rat soleus during 7 days of mechanical unloading.,"NEW FINDINGS: What is the central question of this study? Translocation of nNOSμ initiates catabolic signalling via FoxO3a and skeletal muscle atrophy during  mechanical unloading. Recent evidence suggests that unloading-induced muscle  atrophy and FoxO3a activation are redox sensitive. Will a mimetic of superoxide  dismutase and catalase (i.e. Eukarion-134) also mitigate suppression of the  Akt-mTOR pathway? What is the main finding and its importance? Eukarion-134  rescued Akt-mTOR signalling and sarcolemmal nNOSμ, which were linked to  protection against the unloading phenotype, muscle fibre atrophy and partial  fibre-type shift from slow to fast twitch. The loss of nNOSμ from the sarcolemma  appears crucial to Akt phosphorylation and is redox sensitive, although the  mechanisms remain unresolved. ABSTRACT: Mechanical unloading stimulates rapid  changes in skeletal muscle morphology, characterized by atrophy of muscle fibre  cross-sectional area and a partial fibre-type shift from slow to fast twitch.  Recent studies revealed that oxidative stress contributes to activation of  forkhead box O3a (FoxO3a), proteolytic signalling and unloading-induced muscle  atrophy via translocation of the μ-splice variant of neuronal nitric oxide  synthase (nNOSμ) and activation of FoxO3a. There is limited understanding of the  role of reactive oxygen species in the Akt-mammalian target of rapamycin (mTOR)  pathway signalling during unloading. We hypothesized that Eukarion-134 (EUK-134),  a mimetic of the antioxidant enzymes superoxide dismutase and catalase, would  protect Akt-mTOR signalling in the unloaded rat soleus. Male Fischer 344 rats  were separated into the following three study groups: ambulatory control  (n = 11); 7 days of hindlimb unloading + saline injections (HU, n = 11); or  7 days of HU + EUK-134; (HU + EUK-134, n = 9). EUK-134 mitigated  unloading-induced dephosphorylation of Akt, as well as FoxO3a, in the soleus.  Phosphorylation of mTOR in the EUK-treated HU rats was not different from that in  control animals. However, EUK-134 did not significantly rescue p70S6K  phosphorylation. EUK-134 attenuated translocation of nNOSμ from the membrane to  the cytosol, reduced nitration of tyrosine residues and suppressed upregulation  of caveolin-3 and dysferlin. EUK-134 ameliorated HU-induced remodelling, atrophy  of muscle fibres and the 12% increase in type II myosin heavy chain-positive  fibres. Attenuation of the unloaded muscle phenotype was associated with  decreased reactive oxygen species, as assessed by ethidium-positive nuclei. We  conclude that oxidative stress affects Akt-mTOR signalling in unloaded skeletal  muscle. Direct linkage of abrogation of nNOSμ translocation with Akt-mTOR  signalling during unloading is the subject of future investigation.",2018,Experimental physiology,1,hu; expression; unloading; skeletal; skeletal muscle
Alcohol Consumption During Muscle Disuse Causes Differential Signaling Responses in a Muscle-Specific Manner in Mice.,"Excessive alcohol consumption promotes clinical myopathy and injury-related immobilization. Because both alcohol and disuse jeopardize muscle health, their  combined effects may synergistically accelerate fiber type-dependent muscle  wasting. Ten-week-old male C57BL/6J mice were fed a control or 5% alcohol-diet  for 3 weeks (NIAAA-model), with or without 1 week of unilateral hindlimb  immobilization, generating four sets of limb muscles (n = 9/grp): control (CO),  with immobilization (CI), alcohol (AL), with immobilization (AI). Gastrocnemius  and soleus muscles were atrophied by CI, AL, and AI, whereas quadriceps atrophy  was induced by CI and AI only (all p < 0.05). In soleus, CI, AL, and AL decreased  p-mTOR (~40-60%, p < 0.01) and p-p70S6K (~50-87%, p < 0.05), indicating  suppressed anabolic signaling. In contrast, in the quadriceps, alcohol increased  p-4EBP1 by ~200% (p < 0.01), while p-Akt was elevated by ~180%, only in AI (p <  0.01). Myogenesis signaling was inhibited by alcohol and immobilization. For  protein degradation, immobilization increased MAFbx by >50% in both muscles (p <  0.01). Quadriceps exhibited increased p-PERK (+53%) under AI (p < 0.05), whereas  several markers of ER stress were reduced by all interventions in soleus (p <  0.05). These findings suggest that alcohol consumption does not exacerbate  immobilization-induced atrophy; however, alcohol suppresses anabolic signaling in  soleus, suggesting greater susceptibility to myopathy.",2026,International journal of molecular sciences,8,group; immobilization; expression; protein; cast
The Preservation of Muscle Mitochondrial Machinery During Hypometabolic Hibernation in Scandinavian Brown Bears (Ursus arctos).,"AIM: Unlike humans, brown bears (Ursus arctos) uniquely preserve skeletal muscle mass and function during months of hibernation despite prolonged fasting and  inactivity. We investigated how mitochondrial energetics respond in skeletal  muscle to support this remarkable resilience. METHODS: Muscle biopsies from eight  wild brown bears were collected during hibernation and again in the active summer  season. We assessed mitochondrial respiration using high-resolution respirometry  and evaluated changes in protein expression, enzyme activity, and mitochondrial  content through proteomics, Western blotting, enzymatic assays, and DNA  quantification. RESULTS: Hibernation was associated with lower mitochondrial  respiratory capacity, largely due to a reduction in mitochondrial density rather  than damage or dysfunction. Despite reduced SDH subunit expression in the whole  skeletal muscle, SDH activity remained stable. This likely reflects  post-translational regulation and increased, or at least maintained, functional  efficiency of the remaining Complex II, allowing mitochondrial respiration to  shift toward Complex II-mediated electron entry during hibernation. Proteomic  analyses revealed targeted adjustments that maintained energy efficiency,  supported both fat and carbohydrate oxidation at low temperatures, and minimized  energy loss. Additionally, selective downregulation of mitochondrial dynamic  proteins may help protect against muscle degradation. CONCLUSION: These findings  highlight a temperature-sensitive, multifaceted strategy that preserves  mitochondrial energetics during prolonged inactivity, despite reduced  mitochondrial density. The selective maintenance of electron flow and fuel  flexibility offers novel insights for mitigating muscle wasting in sedentary or  immobilized humans.",2026,"Acta physiologica (Oxford, England)",3,mitochondrial; ros; pgc1α; disuse; mitophagy
Vitamin D deficiency selectively exacerbates mitochondrial dysfunction in receptor-rich soleus muscle during disuse-induced atrophy.,"This study investigated the role of vitamin D (VD) in disuse skeletal muscle atrophy, with a particular focus on muscle type-specific differences. Male  C57BL/6 J mice were fed either a standard or VD-deficient diet and subjected to  hindlimb immobilization to induce disuse atrophy. The expression of vitamin D  receptor (VDR) was analyzed across several skeletal muscles, and muscle fiber  atrophy and mitochondrial function were evaluated. In addition, cultured C2C12  myotubes were used to assess the direct effects of VD on oxidative stress-induced  mitochondrial dysfunction. VDR expression was markedly higher in the soleus (SOL)  muscle than in other muscles at both mRNA and protein levels. VD deficiency  selectively exacerbated immobilization-induced atrophy solely in the SOL muscle,  characterized by a significant reduction in muscle fiber cross-sectional area and  downregulation of mitochondria-related genes (Pgc1α, Cox1, Cox5b, Cytb, Sdha).  Consistently, mitochondrial function, which was assessed based on succinate  dehydrogenase activity, further decreased in the VD-deficient SOL muscle. In  contrast, the gastrocnemius (GC) and tibialis anterior (TA) muscles showed no  significant VD-dependent changes. In C2C12 myotubes, active VD [1,25(OH)₂VD₃]  attenuated hydrogen peroxide-induced reductions in mitochondrial gene expression  and mitochondrial DNA content, suggesting a direct protective role of VD in  muscle cells. Taken together, these findings demonstrate that VD deficiency  aggravates disuse muscle atrophy through impaired mitochondrial function,  particularly in muscles with high VDR expression, such as the SOL. The study  highlights muscle type-specific vulnerability to VD deficiency and suggests that  VD supplementation can protect certain muscles from disuse-induced atrophy.",2026,The Journal of steroid biochemistry and molecular biology,3,mitochondrial; ros; pgc1α; disuse; mitophagy
Laser capture microdissection of metachromatically stained skeletal muscle allows quantification of fiber type specific gene expression.,"Skeletal muscle contains various myofiber types closely associated with satellite stem cells, vasculature, and neurons, thus making it difficult to perform genetic  or proteomic expression analysis with sufficient cellular specificity to resolve  differences at the individual cell or myofiber type level. Here, we describe the  combination of a simple histochemical method capable of simultaneously  identifying Type I, IIA, IIB, and IIC myofibers followed by laser capture  micro-dissection (LCM) to compare the expression profiles of individual fiber  types, myonuclear domains, and satellite cells in frozen muscle sections of  control and atrophied muscle. Quantitative RT-PCR (qPCR) was used to verify the  integrity of the cell-specific RNAs harvested after histologic staining, while  qPCR for specific genes of interest was used to quantify atrophy-associated  changes in mRNA. Our data demonstrate that the differential myofiber atrophy  previously described by histologic means is related to differential expression of  atrophy-related genes, such as MuRF1 and MAFbx (a.k.a. Atrogin-1), within  different myofiber type populations. This spatially resolved molecular pathology  (SRMP) technique allowed quantitation of atrophy-related gene products within  individual fiber types that could not be resolved by expression analysis of the  whole muscle. The present study demonstrates the importance of fiber type  specific expression profiling in understanding skeletal muscle biology especially  during muscle atrophy and provides a practical method of performing such  research.",2013,Molecular and cellular biochemistry,1,hu; expression; unloading; skeletal; skeletal muscle
Slow recovery of the impaired fatigue resistance in postunloading mouse soleus muscle corresponding to decreased mitochondrial function and a compensatory  increase in type I slow fibers.,"Unloading or disuse rapidly results in skeletal muscle atrophy, switching to fast-type fibers, and decreased resistance to fatigue. The recovery process is of  major importance in rehabilitation for various clinical conditions. Here we  studied mouse soleus muscle during 60 days of reloading after 4 wk of hindlimb  suspension. Unloading produced significant atrophy of soleus muscle with  decreased contractile force and fatigue resistance, accompanied by switches of  myosin isoforms from IIa to IIx and IIb and fast troponin T to more  low-molecular-weight splice forms. The total mass, fiber size, and contractile  force of soleus muscle recovered to control levels after 15 days of reloading.  However, the fatigue resistance showed a trend of worsening during this period  with significant infiltration of inflammatory cells at days 3 and 7, indicating  reloading injuries that were accompanied by active regeneration with  upregulations of filamin-C, αB-crystallin, and desmin. The fatigue resistance  partially recovered after 30-60 days of reloading. The expression of peroxisome  proliferator-activated receptor γ coactivator 1α and mitofusin-2 showed changes  parallel to that of fatigue resistance after unloading and during reloading,  suggesting a causal role of decreased mitochondrial function. Slow fiber contents  in the soleus muscle were increased after 30-60 days of reloading to become  significantly higher than the normal level, indicating a secondary adaption to  compensate for the slow recovery of fatigue resistance.",2016,American journal of physiology. Cell physiology,0,recovery; reloading; mass; muscle mass; mice
Cessation of biomechanical stretch model of C2C12 cells models myocyte atrophy and anaplerotic changes in metabolism using non-targeted metabolomics analysis.,"Studies of skeletal muscle disuse, either in patients on bed rest or experimentally in animals (immobilization), have demonstrated that decreased  protein synthesis is common, with transient parallel increases in protein  degradation. Muscle disuse atrophy involves a process of transition from slow to  fast myosin fiber types. A shift toward glycolysis, decreased capacity for fat  oxidation, and substrate accumulation in atrophied muscles have been reported, as  has accommodation of the liver with an increased gluconeogenic capacity. Recent  studies have modeled skeletal muscle disuse by using cyclic stretch of  differentiated myotubes (C2C12), which mimics the loading pattern of mature  skeletal muscle, followed by cessation of stretch. We utilized this model to  determine the metabolic changes using non-targeted metabolomics analysis of the  media. We identified increases in amino acids resulting from muscle  atrophy-induced protein degradation (largely sarcomere) that occurs with muscle  atrophy that are involved in feeding the Kreb's cycle through anaplerosis.  Specifically, we identified increased alanine/proline metabolism (significantly  elevated proline, alanine, glutamine, and asparagine) and increased  α-ketoglutaric acid, the proposed Kreb's cycle intermediate being fed by the  alanine/proline metabolic anaplerotic mechanism. Additionally, several unique  pathways not clearly delineated in previous studies of muscle unloading were  seen, including: (1) elevated keto-acids derived from branched chain amino acids  (i.e. 2-ketoleucine and 2-keovaline), which feed into a metabolic pathway  supplying acetyl-CoA and 2-hydroxybutyrate (also significantly increased); and  (2) elevated guanine, an intermediate of purine metabolism, was seen at 12h  unloading. Given the interest in targeting different aspects of the ubiquitin  proteasome system to inhibit protein degradation, this C2C12 system may allow the  identification of direct and indirect alterations in metabolism due to  anaplerosis or through other yet to be identified mechanisms using a non-targeted  metabolomics approach.",2016,The international journal of biochemistry & cell biology,7,skeletal; skeletal muscle; muscle atrophy; protein; role
Thirty years of translational research in Mobility Medicine: Collection of abstracts of the 2020 Padua Muscle Days.,"More than half a century of skeletal muscle research is continuing at Padua University (Italy) under the auspices of the Interdepartmental Research Centre of  Myology (CIR-Myo), the European Journal of Translational Myology (EJTM) and  recently also with the support of the A&CM-C Foundation for Translational  Myology, Padova, Italy. The Volume 30(1), 2020 of the EJTM opens with the  collection of abstracts for the conference ""2020 Padua Muscle Days: Mobility  Medicine 30 years of Translational Research"". This is an international conference  that will be held between March 18-21, 2020 in Euganei Hills and Padova in Italy.  The abstracts are excellent examples of translational research and of the  multidimensional approaches that are needed to classify and manage (in both the  acute and chronic phases) diseases of Mobility that span from neurologic,  metabolic and traumatic syndromes to the biological process of aging. One of the  typical aim of Physical Medicine and Rehabilitation is indeed to reduce pain and  increase mobility enough to enable impaired persons to walk freely, garden, and  drive again. The excellent contents of this Collection of Abstracts reflect the  high scientific caliber of researchers and clinicians who are eager to present  their results at the PaduaMuscleDays. A series of EJTM Communications will also  add to this preliminary evidence.",2020,European journal of translational myology,0,recovery; reloading; mass; muscle mass; mice
Amino acid infusion alters the expression of growth-related genes in multiple skeletal muscles.,"BACKGROUND: Exercise and nutritional interventions have been examined independently as countermeasures to offset the loss of skeletal muscle mass with  unloading, yet a protocol to completely preserve the soleus has not been  identified. Little is known regarding the combined effect of exercise and  nutrition on factors regulating skeletal muscle growth. The purpose of this  investigation was to evaluate the influence of amino acid (AA) infusion on  myogenic (MRF-4, MyoD, and Myogenin), proteolytic (MuRF-1, Atrogin-1, FOXO3A,  Calpain-1, Calpain-2, Caspase-3, Cathepsin L1), and cytokine (IL-6, IL-8, and  IL-15) mRNA transcripts in two skeletal muscles that respond distinctly to  microgravity unloading. METHODS: Muscle biopsies were obtained from the vastus  lateralis (VL) and soleus of eight male subjects prior to and after 4 h of AA  infusion for analysis of mRNA expression. All subjects performed a standardized  exercise bout (45-min treadmill run) 24 h prior to the AA infusion. RESULTS: In  the VL, proteolytic factors MuRF-1 and FOXO3A were reduced (44 +/- 9 and 28 +/-  6%, respectively) in response toAA infusion. In the soleus, mRNA transcripts of  myogenic factor MRF-4 (91 +/- 36%) and cytokines IL-6, IL-8, and IL-15 were  elevated while the proteolytic marker FOXO3A mRNA was reduced by 19 +/- 9%.  DISCUSSION: These data suggest that the expression of genes related to skeletal  muscle remodeling is altered during acute AA infusion 24 h post-exercise. It  appears that increased amino acid availability in concert with exercise may  create an intramuscular environment favorable for the prevention of muscle  atrophy associated with unloading, which may be particularly beneficial for the  soleus.",2013,"Aviation, space, and environmental medicine",1,hu; expression; unloading; skeletal; skeletal muscle
Effect of branched-chain amino acid supplementation during unloading on regulatory components of protein synthesis in atrophied soleus muscles.,"Maintenance of skeletal muscle mass depends on the equilibrium between protein synthesis and protein breakdown; diminished functional demand during unloading  breaks this balance and leads to muscle atrophy. The current study analyzed  time-course alterations in regulatory genes and proteins in the unloaded soleus  muscle and the effects of branched-chain amino acid (BCAA) supplementation on  muscle atrophy and abundance of molecules that regulate protein turnover.  Short-term (6 days) hindlimb suspension of rats resulted in significant losses of  myofibrillar proteins, total RNA, and rRNAs and pronounced atrophy of the soleus  muscle. Muscle disuse induced upregulation and increases in the abundance of the  eukaryotic translation initiation factor 4E-binding protein 1 (4E-BP1), increases  in gene and protein amounts of two ubiquitin ligases (muscle RING-finger protein  1 and muscle atrophy F-box protein), and decreases in the expression of cyclin  D1, the ribosomal protein S6 kinase 1, the mammalian target of rapamycin (mTOR),  and ERK1/2. BCAA addition to the diet did not prevent muscle atrophy and had no  apparent effect on regulators of proteasomal protein degradation. However, BCAA  supplementation reduced the loss of myofibrillar proteins and RNA, attenuated the  increases in 4E-BP1, and partially preserved cyclin D1, mTOR and ERK1 proteins.  These results indicate that BCAA supplementation alone does not oppose protein  degradation but partly preserves specific signal transduction proteins that act  as regulators of protein synthesis and cell growth in the non-weight-bearing  soleus muscle.",2011,European journal of applied physiology,2,soleus; hs; soleus muscle; unloading; rats
A content and structural assessment of oxidative motifs across a diverse set of life forms.,"Exposure to weightlessness (microgravity) or other protein stresses are detrimental to animal and human protein tissue health. Protein damage has been  associated with stress and is linked to aging and the onset of diseases such as  Alzheimer׳s, Parkinson׳s, sepsis, and others. Protein stresses may cause  alterations to physical protein structure, altering its functional identity.  Alterations from stresses such as microgravity may be responsible for forms of  muscle atrophy (as noted in returning astronauts), however, protein stresses come  from other sources as well. Oxidative carbonylation is a protein stress which is  a driving force behind protein decay and is attracted to protein segments  enriched in R, K, P, T, E and S residues. Since mitochondria apply oxidative  processes to produce ATP, their proteins may be placed in the same danger as  those that are exposed to stresses. However, they do not appear to be impacted in  the same way. Across 14 diverse organisms, we evaluate the coverage of motifs  which are high in the amino acids thought to be affected by protein stresses such  as oxidation. For this study, we study RKPT and PEST motifs which are both  responsible for attracting forms of oxidation across mitochondrial and  non-mitochondrial proteins. We show that mitochondrial proteins have fewer of  these oxidative sites compared to non-mitochondrial proteins. Additionally, we  analyze the oxidative regions to determine that their motifs preferentially tend  to make up the connection points between the four kinds of structures of folded  proteins (helices, turns, sheets, and coils).",2014,Computers in biology and medicine,6,microgravity; space; spaceflight; simulated; mitochondrial
"Insulin effects on glucose tolerance, hypermetabolic response, and circadian-metabolic protein expression in a rat burn and disuse model.","Insulin controls hyperglycemia after severe burns, and its use opposes the hypermetabolic response. The underlying molecular mechanisms are poorly  understood, and previous research in this area has been limited because of the  inadequacy of animal models to mimic the physiological effects seen in humans  with burns. Using a recently published rat model that combines both burn and  disuse components, we compare the effects of insulin treatment vs. vehicle on  glucose tolerance, hypermetabolic response, muscle loss, and circadian-metabolic  protein expression after burns. Male Sprague-Dawley rats were assigned to three  groups: cage controls (n = 6); vehicle-treated burn and hindlimb unloading (VBH;  n = 11), and insulin-treated burn and hindlimb unloading (IBH; n = 9). With the  exception of cage controls, rats underwent a 40% total body surface area burn  with hindlimb unloading, then IBH rats received 12 days of subcutaneous insulin  injections (5 units·kg(-1)·day(-1)), and VBH rats received an equivalent dose of  vehicle. Glucose tolerance testing was performed on day 14, after which blood and  tissues were collected for analysis. Body mass loss was attenuated by insulin  treatment (VBH = 265 ± 17 g vs. IBH = 283 ± 14 g, P = 0.016), and glucose  clearance capacity was increased. Soleus and gastrocnemius muscle loss was  decreased in the IBH group. Insulin receptor substrate-1, AKT, FOXO-1, caspase-3,  and PER1 phosphorylation was altered by injury and disuse, with levels restored  by insulin treatment in almost all cases. Insulin treatment after burn and during  disuse attenuated the hypermetabolic response, increased glucose clearance, and  normalized circadian-metabolic protein expression patterns. Therapies aimed at  targeting downstream effectors may provide the beneficial effects of insulin  without hypoglycemic risk.",2014,"American journal of physiology. Regulatory, integrative and comparative physiology",2,soleus; hs; soleus muscle; unloading; rats
Dihydropyridine Receptor Inhibition Attenuates Force and Fiber Cross-Sectional Area Decrease in the Three-Day Unloaded Rat Soleus Muscle.,"The depolarization of the sarcolemma is one of the first effects of unloading on skeletal muscle. We hypothesized that unloading-induced activation of the  dihydropyridine receptor (DHPR), a voltage-sensitive L-type Ca(2+) channel, and  depolarization of the sarcolemma trigger intracellular Ca(2+) release from the  sarcoplasmic reticulum and activation of Ca(2+)-dependent signaling pathways,  resulting in muscle atrophy. Nifedipine, a DHPR calcium channel blocker, was used  to study the role of DHPR in the regulation of signaling pathways during three  days of rat soleus muscle unloading/hindlimb suspension. Inhibition of the DHPR  during unloading attenuates the decrease in soleus muscle contractile properties,  prevents the accumulation of ATP, ROS, and Ca(2+) content in the sarcoplasm and  the mitochondria, and blocks the decrease in PGC1alpha mRNA expression and  Junctophilin-1 (JP1) proteolysis. In nifedipine-treated rats, the improvement of  the unloaded soleus muscle contractile properties could be mediated by blocking  the calpain-mediated degradation of the cytoskeletal proteins. DHPR blocking  could be one of the future directions for the preservation of contractile  properties of inactive/unloaded muscle.",2026,International journal of molecular sciences,2,soleus; hs; soleus muscle; unloading; rats
Fermented Rice Germ Extract Alleviates Morphological and Functional Damage to Murine Gastrocnemius Muscle by Inactivation of AMP-Activated Protein Kinase.,"Sarcopenia, loss of muscle mass and function, is mainly observed in elderly people. In this study, we investigated whether fermented rice germ extract (FRGE)  has some effects on the mouse gastrocnemius muscle by using behavioral and  morphological analyses, Western blotting, and a murine model of  immobilization-induced muscle atrophy. Daily oral FRGE administration increased  muscle weight and strength. In addition, myofiber size in gastrocnemius muscle of  FRGE-treated mice was increased as revealed by morphological quantification.  Activation of AMP-activated protein kinase (AMPK) signaling, which inhibits  protein synthesis and stimulates protein degradation in gastrocnemius muscle, was  significantly attenuated in the FRGE-treated mice compared with control mice.  Expression level of forkhead box 3a (FOXO3a) protein was also significantly  decreased in the FRGE-treated group. Moreover, the decrease in mean myofiber  cross-sectional area in immobilized hindlimb in vehicle-treated mice was  inhibited by FRGE treatment in histological analysis. In conclusion, FRGE  increased the strength and weight of gastrocnemius muscle and myofiber size, and  reduced immobilization-induced muscle atrophy in mice. These findings indicated  that FRGE might be beneficial in preventing motor dysfunction in a range of  conditions, including sarcopenia.",2017,Journal of medicinal food,9,mice; muscle atrophy; protein; immobilization; mass
[Mechanical ventilation leads to remodeling of diaphragma and soleus in rats].,"OBJECTIVE: To investigate the structural response of diaphragm and soleus of the rat after mechanical ventilation (MV), and to explore the specific mechanism of  the dysfunction of both muscles. METHODS: Sixteen male Sprague-Dawley (SD) rats  were randomly divided into control group and MV group, with 8 rats in each group.  Rats in MV group were treated with controlled ventilation and maintained  anesthesia, and those in control group were only anesthetized without MV and  maintained anesthesia. The diaphragm and soleus were harvested after MV for 18  hours, and the morphology changes were observed with light microscope. The cross  section of muscle fiber was observed by immunofluorescence technique analysis,  and the cross-sectional area of muscle fiber was calculated. The ultra structural  changes in muscle fibers were observed under transmission electron microscope.  RESULTS: (1) Observed under light microscope, the cross section of the diaphragm  and soleus muscle in the control group was regular, the nucleus was normal and  the cytoplasm was homogeneous. The fibers in the diaphragm-biopsy specimens from  MV subjects were smaller than those from control subjects, whereas these signs  were not found in soleus. But fiber atrophy in MV specimens was not accompanied  by an inflammatory-cell infiltrate. (2) Under the fluorescence microscope, the  control group had a smaller cross-section of the slow-twitch muscle in diaphragm,  while the fast-twitch muscle fibers were larger. As compared with  diaphragm-biopsy specimens from control, specimens from MV subjects showed  decreased cross-sectional areas of slow-twitch and fast-twitch fibers,  respectively (μm(2): 1 069.00±155.24 vs. 1 297.12±331.15, 2 279.66±442.31 vs. 3  031.80±596.11, both P < 0.05). The disproportionate decrease in fast-twitch  fibers cross-sectional areas [(70.42±3.61)% vs. (75.63±2.48)%] resulted in an  increase in the percentage of total area occupied by the slow-twitch fibers  [(29.58±3.61)% vs. (24.35±2.48)%, both P < 0.01]. There were no significant  differences in cross-sectional areas of slow-twitch and fast-twitch fibers in  soleus between control group and MV group (μm(2): 3 193.80±559.36 vs. 3  008.84±559.22, 3 392.86±514.56 vs. 3 594.35±651.67, both P > 0.05). (3) In the  control group, the muscle fibers of the diaphragm and soleus were arranged  orderly, the boundary of the light and dark bands and the ""Z-line"" were clear,  and there was no autophagy in the visual field. The outer membrane of the  mitochondria was complete, and the cristae were in the shape of clapboard. The  signs of misalignment of myofibrils, disruption of ""Z-line"" and vacuolar  mitochondria were found in diaphragm from MV group, whereas these signs were not  found in soleus. Diaphragm from MV group exhibited an increase in autophagic  vesicles visualized by transmission electron microscopy as compared with control  group. CONCLUSIONS: Controlled MV for 18 hours resulted in diaphragmatic  inactivity and promoted muscle injury and atrophy, while autophagy and  mitochondrial dysfunction were enhanced. Soleus immobilization for 18 hours was  not associated with muscle atrophy. These facts suggest that the signaling  associated with diaphragm atrophy during MV may involve different mechanisms  compared with other models of muscle atrophy. Diaphragm appeared to be more  susceptible to MV.",2017,Zhonghua wei zhong bing ji jiu yi xue,2,soleus; hs; soleus muscle; unloading; rats
Effect of tibiotarsal joint inflammation on gene expression and cross-sectional area in rat soleus muscle.,"BACKGROUND: Joint inflammation is a common clinical problem in patients treated by physical therapists. The hypothesis of this study is that joint inflammation  induces molecular and structural changes in the soleus muscle, which is composed  mainly of slow-twitch muscle fibers. OBJECTIVE: To study the effect of  tibiotarsal joint inflammation on muscle fiber cross-sectional area (CSA), gene  expression levels (atrogin-1, MuRF1, MyoD, myostatin, p38MAPK, NFκB, TNF-alpha),  and TNF-alpha protein in the soleus muscle. METHOD: Wistar rats were randomly  divided into 3 periods (2, 7 and 15 days) and assigned to 4 groups (control,  sham, inflammation, and immobilization). RESULTS: In the inflammation group at 2  days, MuRF1 and p38MAPK expression had increased, and NFκB mRNA levels had  decreased. At 7 days, myostatin expression had decreased. At 7 and 15 days, this  group had muscle fiber CSA reduction. At 2 days, the immobilization group showed  increased atrogin-1, MuRF1, NFκB, MyoD, and p38MAPK expressions and reduced  muscle fiber CSA. At 7 and 15 days, myostatin mRNA levels had increased, and the  CSA had decreased. The sham group showed increased p38MAPK and myostatin  expressions at 2 and 7 days, respectively. No changes occurred in TNF-alpha gene  or protein expression. CONCLUSION: Acute joint inflammation induces gene  expression related to the proteolytic pathway without reduction in muscle fiber  CSA. Chronic joint inflammation induced muscle atrophy without up-regulation of  important genes belonging to the proteolytic pathway. Thus, muscle adaptation may  differ according to the stage of joint inflammation, which suggests that the  therapeutic modalities used by physical therapists at each stage should also be  different.",2013,Brazilian journal of physical therapy,8,group; immobilization; expression; protein; cast
β-Hydroxy-β-methylbutyrate (HMB) enhances the proliferation of satellite cells in fast muscles of aged rats during recovery from disuse atrophy.,"Loss of myonuclei by apoptosis is thought to contribute to sarcopenia. We have previously shown, that the leucine metabolite, β-hydroxy-β-methylbutyrate (HMB)  suppresses apoptotic signaling and the apoptotic index (the ratio of apoptotic  positive to apoptotic negative myonuclei) during muscle disuse and during  reloading periods after disuse in aged rats. However, it was not clear if the  apoptotic signaling indexes were due only to preservation of myonuclei or if  perhaps the total myogenic pool increased as a result of HMB-mediated satellite  cell proliferation as this would have also reduced the apoptotic index. In this  study, we tested the hypothesis that HMB would augment myogenic cells (satellite  cells) proliferation during muscle recovery (growth) after a period of disuse in  senescent animals. The hindlimb muscles of 34 month old Fisher 344 × Brown Norway  rats were unloaded for 14 days by hindlimb suspension (HLS), and then reloaded  for 14 days. The rats received either Ca-HMB (340 mg/kg body weight; n = 16), or  the vehicle (n = 10) by gavage throughout the experimental period. HMB prevented  the functional decline in maximal plantar flexion isometric force production  during the reloading period, but not during HLS. HMB-treatment enhanced the  proliferation of muscle stem cells as shown by a greater percentage of satellite  cells that had proliferated (more BrdU positive, Pax-7 positive, and more  Pax7/Ki67 positive nuclei) and as a result, more differentiated stem cells were  present (more MyoD/myogenin positive myonuclei), relative to total myonuclei, in  reloaded plantaris muscles as compared to reloaded muscles from vehicle-treated  animals. Furthermore HMB increased the nuclear protein abundance of proliferation  markers, inhibitor of differentiation-2 and cyclin A, as compared to vehicle  treatment in reloaded muscles. Although HMB increased phosphorylated Akt during  reloading, other mTOR related proteins were not altered by HMB treatment. These  data show that HMB improved the proliferation of muscle stem cells in fast twitch  plantaris muscles. Enhanced satellite cell proliferation leading to increased  differentiated myonuclei should increase the transcriptional potential to support  muscle hypertrophic changes and functional changes in sarcopenic muscles, and  this could partly explain the reduced apoptotic index in HMB treated muscles.  Indeed, muscle mass and fiber cross-sectional area were significantly greater in  plantaris muscles from HMB-treated animal muscles after reloading as compared to  vehicle-treated animals.",2013,Experimental gerontology,5,older; bed; hmb; bed rest; rest
[Activity of the enzymes which take part in aldehyde catabolism in the mitochondria of skeletal muscle in rats of different ages and its modulation  during stress].,"The purpose of this study was a comparative investigation of activity of enzymes, which take part in utilization of endogenous aldehydes in mitochondrial fraction  of femoral muscle in intact and immobilized rats of different age. It has been  shown that 12-months-old (adult) rats have high basal levels of NAD-aldehyde  dehydrogenase, NADH-aldehyde reductase and glutathione transferase activity in  mitochondrial fraction of femoral muscle. An increased of NAD-aldehyde  dehydrogenase activity emerges during immobilization stress in adult rats. These  changes contribute to enhancing the effectiveness of utilization of carbonyl  products of free radical oxidation in mitochondria of skeletal muscle of  12-months-old rats during stress. Immobilization of old and pubertal rats, is  accompanied by a certain arise in metabolic preconditions, leading to  accumulation of endogenous aldehydes in mitochondria, and, as a result, to the  injury of muscular fibers and an increase in manifestation of sarcopenia.",2014,Advances in gerontology = Uspekhi gerontologii,3,mitochondrial; ros; pgc1α; disuse; mitophagy
Regulation of muscle mass: a new role for mitochondria?,,2015,The Journal of physiology,0,recovery; reloading; mass; muscle mass; mice
Postural muscle recovery under lowered oxygen concentration after prolonged disuse.,,2011,Doklady. Biochemistry and biophysics,0,recovery; reloading; mass; muscle mass; mice
[Structural organization of the human masticatory muscle in case of mandible immobilisation].,"The data of microscopic, ultramicroscopic and quantitative analyses of the masticatory skeletal muscles were presented of 20 patients with lower jaw's  fracture after 3-24 days of splinting. Some manifestations of extensive damages  of musculature connected with a specific time span of immobilization and type of  muscle fibers. An energy-giving apparatus, presented with mitochondria, a  repository of calcium ions, formed with cisternae of sarcoplasmic reticulum, were  significantly changed than contractile apparatus of muscle fibers.",2011,Stomatologiia,0,recovery; reloading; mass; muscle mass; mice
Siegesbeckia Glabrescens Extract Ameliorates Immobilization-Induced Muscle Atrophy by Regulating the Akt/mTOR/FoxO3a Signaling Pathways in Mice.,"Siegesbeckia glabrescens, traditionally used for its anti-inflammatory properties and potential musculoskeletal benefits. In the present study, we investigated  whether a standardized hot water extract of S. glabrescens (SGE), rich in the  bioactive compound kirenol, could mitigate muscle atrophy caused by  immobilization in a mouse model. Male C57BL/6J mice underwent hindlimb  immobilization for 1 week to induce muscle atrophy, followed by 1 week of daily  oral treatments with either saline or SGE (150 or 300 mg/kg/day). SGE  significantly prevented the decline in muscle mass (5.1%-22.7%, p < 0.05),  strength (26.0%-36.6%, p < 0.05), volume, and muscle fiber cross-sectional area  (21.6%-29.8%, p < 0.05) caused by immobilization. In the tibialis anterior  muscle, SGE mitigated immobilization-induced elevations in protein degradation  markers, including muscle RING-finger protein-1 and muscle atrophy F-box, by  inhibiting the nuclear translocation of forkhead box O3a. Also, SGE countered  reductions in protein synthesis indicators, including mammalian target of  rapamycin, 70-kDa ribosomal protein S6 kinase, and 4E binding protein 1, through  activation of the phosphatidylinositol 3-kinase/Akt pathway. Furthermore, kirenol  attenuated tumor necrosis factor-alpha-driven muscle atrophy in L6 myotubes by  modulating both protein synthesis and degradation processes. Collectively, these  findings suggest that SGE containing kirenol maintains the equilibrium between  protein degradation and protein synthesis, thereby ameliorating  immobilization-induced muscle atrophy.",2025,Food science & nutrition,9,mice; muscle atrophy; protein; immobilization; mass
Microgravity induces proteomics changes involved in endoplasmic reticulum stress and mitochondrial protection.,"On Earth, biological systems have evolved in response to environmental stressors, interactions dictated by physical forces that include gravity. The absence of  gravity is an extreme stressor and the impact of its absence on biological  systems is ill-defined. Astronauts who have spent extended time under conditions  of minimal gravity (microgravity) experience an array of biological alterations,  including perturbations in cardiovascular function. We hypothesized that  physiological perturbations in cardiac function in microgravity may be a  consequence of alterations in molecular and organellar dynamics within the  cellular milieu of cardiomyocytes. We used a combination of mass  spectrometry-based approaches to compare the relative abundance and turnover  rates of 848 and 196 proteins, respectively, in rat neonatal cardiomyocytes  exposed to simulated microgravity or normal gravity. Gene functional enrichment  analysis of these data suggested that the protein content and function of the  mitochondria, ribosomes, and endoplasmic reticulum were differentially modulated  in microgravity. We confirmed experimentally that in microgravity protein  synthesis was decreased while apoptosis, cell viability, and protein degradation  were largely unaffected. These data support our conclusion that in microgravity  cardiomyocytes attempt to maintain mitochondrial homeostasis at the expense of  protein synthesis. The overall response to this stress may culminate in cardiac  muscle atrophy.",2016,Scientific reports,6,microgravity; space; spaceflight; simulated; mitochondrial
